-- MySQL dump 10.13  Distrib 8.0.34, for Win64 (x86_64)
--
-- Host: localhost    Database: tm_db
-- ------------------------------------------------------
-- Server version	8.0.34

/*!40101 SET @OLD_CHARACTER_SET_CLIENT=@@CHARACTER_SET_CLIENT */;
/*!40101 SET @OLD_CHARACTER_SET_RESULTS=@@CHARACTER_SET_RESULTS */;
/*!40101 SET @OLD_COLLATION_CONNECTION=@@COLLATION_CONNECTION */;
/*!50503 SET NAMES utf8 */;
/*!40103 SET @OLD_TIME_ZONE=@@TIME_ZONE */;
/*!40103 SET TIME_ZONE='+00:00' */;
/*!40014 SET @OLD_UNIQUE_CHECKS=@@UNIQUE_CHECKS, UNIQUE_CHECKS=0 */;
/*!40014 SET @OLD_FOREIGN_KEY_CHECKS=@@FOREIGN_KEY_CHECKS, FOREIGN_KEY_CHECKS=0 */;
/*!40101 SET @OLD_SQL_MODE=@@SQL_MODE, SQL_MODE='NO_AUTO_VALUE_ON_ZERO' */;
/*!40111 SET @OLD_SQL_NOTES=@@SQL_NOTES, SQL_NOTES=0 */;

--
-- Table structure for table `choose_course`
--

DROP TABLE IF EXISTS `choose_course`;
/*!40101 SET @saved_cs_client     = @@character_set_client */;
/*!50503 SET character_set_client = utf8mb4 */;
CREATE TABLE `choose_course` (
  `id` bigint NOT NULL AUTO_INCREMENT,
  `num_rebuild` int NOT NULL COMMENT '重修次数',
  `num_makeup` int NOT NULL COMMENT '补考次数',
  `defer_sign` int NOT NULL COMMENT '缓考标志',
  `pass` int NOT NULL COMMENT '通过标志(1为通过，0为不通过)',
  `stu_id` bigint NOT NULL COMMENT '学生id',
  `course_id` bigint NOT NULL COMMENT '课程id',
  PRIMARY KEY (`id`) USING BTREE,
  UNIQUE KEY `stu_id` (`stu_id`,`course_id`) USING BTREE,
  KEY `fk_stu_idx` (`stu_id`) USING BTREE,
  KEY `fk_course_idx` (`course_id`) USING BTREE,
  CONSTRAINT `fk_course` FOREIGN KEY (`course_id`) REFERENCES `course_info` (`id`) ON DELETE CASCADE ON UPDATE CASCADE,
  CONSTRAINT `fk_stu` FOREIGN KEY (`stu_id`) REFERENCES `stu_info` (`id`) ON DELETE CASCADE ON UPDATE CASCADE
) ENGINE=InnoDB AUTO_INCREMENT=21222011011 DEFAULT CHARSET=utf8mb4 COLLATE=utf8mb4_0900_ai_ci ROW_FORMAT=DYNAMIC COMMENT='选课表';
/*!40101 SET character_set_client = @saved_cs_client */;

--
-- Dumping data for table `choose_course`
--

LOCK TABLES `choose_course` WRITE;
/*!40000 ALTER TABLE `choose_course` DISABLE KEYS */;
INSERT INTO `choose_course` VALUES (319886,0,0,0,1,1287420,1),(528577,0,0,0,1,46573540,156),(628439,0,0,0,1,46160734,162),(846539,0,0,0,1,72603778,141),(1192286,0,0,0,1,95350141,118),(1224768,0,0,0,1,21623323,26),(1824786,0,0,0,1,90854599,57),(2086549,0,0,0,1,56180260,96),(2134942,0,0,0,1,78089028,71),(2207965,0,0,0,1,30725848,97),(2371372,0,0,0,1,13640242,7),(3149634,0,0,0,1,4754552,88),(3269258,0,0,0,1,16238926,54),(3425456,0,0,0,1,47529373,95),(3820914,0,0,0,0,7812089,160),(4143625,0,0,0,0,23848233,111),(5113866,0,0,0,1,81842162,121),(5162338,0,0,0,1,73983944,91),(5210891,0,0,0,1,40546882,56),(5248719,0,0,0,1,36312541,129),(6108752,0,0,0,1,35390314,48),(6111547,0,1,0,1,7276262,126),(6220799,0,0,1,1,57516039,49),(6223777,0,0,0,1,35979444,130),(6414929,0,0,0,1,67418410,157),(7524742,0,0,0,1,34532930,60),(7524753,0,0,0,1,41796459,55),(7912594,0,0,1,1,81284889,80),(8102321,0,0,0,1,73925439,73),(8121184,0,0,0,1,94095291,149),(8139654,0,0,0,1,70004430,137),(8223255,0,0,0,1,26892624,159),(8231338,0,0,0,1,99729325,66),(8520575,0,0,0,1,79520505,144),(8613294,0,0,0,1,25366535,68),(9202498,0,0,0,1,61983195,158),(9242263,0,0,0,1,85490122,104),(10113725,0,0,0,1,46079310,27),(11220287,0,0,0,1,40288386,98),(12138359,0,0,0,1,62669538,33),(12221591,0,0,0,1,16872358,43),(12310858,0,0,0,1,46494071,85),(13120763,0,0,0,1,21567431,36),(13156323,0,0,0,1,64771866,20),(13218210,0,0,0,1,54133590,140),(13249193,0,0,0,0,90440841,8),(13419398,0,0,0,1,93791211,4),(13621367,0,0,0,0,43327618,101),(15541037,0,0,0,1,66498413,18),(15814948,0,0,0,1,48855368,136),(16189753,0,0,0,1,50754534,38),(16249381,0,0,0,1,383842,16),(17122345,0,0,0,1,37367576,61),(17134562,0,0,0,1,9877012,114),(18268581,0,0,0,1,84395738,22),(18623510,0,0,0,1,51009835,84),(18813937,0,0,0,1,9626596,12),(19128109,0,0,0,1,77432322,58),(19923132,0,0,0,1,39449157,115),(20113343,0,0,0,1,18880597,151),(20119413,0,0,0,1,16413341,154),(21226976,0,0,0,1,48413974,169),(21822389,0,0,0,1,27728917,2),(22113281,0,0,0,1,65669036,44),(22185118,0,0,0,1,14206566,172),(22187172,0,0,0,1,93961187,100),(22251819,0,0,0,1,87639440,5),(22264159,0,0,0,1,1058795,50),(22319166,0,0,0,1,78619302,145),(23246669,0,0,0,1,39247618,46),(23287210,0,0,0,1,5368505,15),(23526595,0,0,0,1,25429888,166),(23613138,0,0,0,1,410555,37),(23918375,0,0,0,1,19284332,119),(24123379,0,0,0,1,13700480,23),(24146496,0,0,0,1,58625953,161),(25156107,0,0,0,1,15512203,17),(25221931,0,0,0,1,68135231,116),(26183624,1,0,0,1,12498507,153),(26215876,0,0,0,1,44967351,11),(26220619,0,0,0,1,88413887,14),(26371098,0,0,0,1,74741150,28),(26924822,0,0,0,1,27205513,132),(28255310,0,0,0,1,86880776,31),(32161039,0,0,0,1,90787616,173),(41618127,0,0,0,0,85720734,35),(42413328,0,0,0,1,4803919,152),(42625218,0,0,0,1,80663518,150),(52613284,0,0,0,0,70632774,69),(61021843,0,0,0,1,74884313,77),(61115647,0,0,0,0,76529911,83),(61922456,0,0,0,1,21592853,112),(62210719,0,0,0,1,16466043,146),(62596107,0,0,0,1,10165672,123),(71417216,0,0,0,1,55241061,10),(72102810,0,0,0,1,52372365,87),(72253910,0,1,0,1,11540548,131),(82171098,0,0,0,1,2292962,94),(82236101,0,0,0,1,26893032,108),(84181098,0,1,0,1,57404657,59),(89152310,0,0,0,1,70305853,103),(91123624,0,0,0,1,17342616,29),(91719521,0,0,0,1,99213668,3),(92423697,0,0,0,1,80841877,135),(93111091,0,0,0,1,79260743,125),(96249710,0,0,0,1,75479404,21),(101319556,0,0,0,1,92614677,74),(111314392,0,0,0,1,47867461,168),(111810610,0,0,0,1,10983982,138),(112625364,0,0,0,0,78618234,164),(118177108,0,0,0,1,53141621,25),(121423131,0,0,0,1,2326791,92),(122114349,0,0,0,1,86323976,13),(137171039,0,0,0,1,20747376,81),(141326949,0,0,0,1,91197802,47),(142625348,0,0,0,1,5521063,79),(147231087,0,0,0,1,24671403,147),(149310110,0,0,0,1,20801640,133),(152019532,0,0,0,1,30105924,99),(161014252,0,0,0,0,38930007,127),(161418933,0,0,0,1,77832257,70),(162015157,0,0,0,1,82791768,93),(162231210,0,0,0,1,33353163,122),(162251028,0,0,0,0,97135574,105),(171025675,0,0,0,1,20322299,51),(171116429,0,0,0,1,76324172,45),(181722917,0,0,0,1,96577697,82),(181751015,0,0,0,1,10348131,170),(182521646,0,0,0,1,32672631,67),(191012972,0,0,0,1,68430192,163),(191113665,0,0,0,1,34279044,106),(192325761,0,0,0,0,64512565,155),(201017822,0,0,0,0,16947368,107),(201531074,0,0,0,1,33875134,53),(214151052,0,0,0,1,27382426,76),(215224106,0,0,0,1,54974544,62),(221123177,0,0,0,1,52921408,124),(221813494,0,0,0,1,3938899,167),(225238710,0,0,0,1,56514922,148),(231419871,0,0,0,1,61927552,40),(232026997,0,1,0,1,70746323,32),(232118239,0,0,0,1,29403528,117),(232175107,0,0,0,1,6938200,143),(242120755,0,0,0,0,98909663,139),(249112910,0,0,0,1,34385077,128),(251114738,0,0,0,0,83344817,89),(251428810,0,0,0,0,74703959,30),(262210678,0,0,0,1,91161667,102),(318113910,1,0,0,1,57845728,78),(713267210,0,0,0,1,31691972,34),(923201018,0,0,0,0,82446964,24),(1122156104,0,0,0,1,70195151,6),(1326151103,0,0,0,1,57353425,90),(1512138910,0,0,0,0,34615496,72),(1622131064,0,1,0,1,71078070,86),(1622210210,0,0,0,1,75127146,165),(1918107810,0,0,0,1,41696054,52),(2021254110,0,0,0,1,574181,19),(2024121710,0,0,0,1,31955829,63),(2111163102,0,0,0,1,82575303,110),(2225731010,0,0,0,1,25714009,142),(2226239101,0,0,0,1,2727632,75),(2410251046,0,0,0,1,9028823,64),(2414251016,0,0,0,1,96830032,171),(2514161032,0,0,0,0,69413460,120),(2516510108,0,0,0,1,76712685,134),(2615179102,0,0,0,1,30320446,9),(2615241048,0,0,0,0,92435019,113),(8152210410,0,0,0,1,69897143,41),(11222661010,0,0,0,1,71671622,109),(15252610110,0,0,0,1,80483359,42),(19142310109,0,0,0,0,97557511,65),(21222011010,0,0,0,0,60089312,39);
/*!40000 ALTER TABLE `choose_course` ENABLE KEYS */;
UNLOCK TABLES;

--
-- Table structure for table `class_info`
--

DROP TABLE IF EXISTS `class_info`;
/*!40101 SET @saved_cs_client     = @@character_set_client */;
/*!50503 SET character_set_client = utf8mb4 */;
CREATE TABLE `class_info` (
  `id` bigint NOT NULL AUTO_INCREMENT COMMENT '班级id',
  `grade` int NOT NULL COMMENT '所在年级',
  `teach_id` bigint NOT NULL COMMENT '班主任id',
  `class_num` int NOT NULL COMMENT '班号',
  PRIMARY KEY (`id`) USING BTREE,
  UNIQUE KEY `class_num` (`class_num`,`grade`) USING BTREE,
  UNIQUE KEY `fk_class_idx` (`teach_id`) USING BTREE
) ENGINE=InnoDB AUTO_INCREMENT=203011 DEFAULT CHARSET=utf8mb4 COLLATE=utf8mb4_0900_ai_ci ROW_FORMAT=DYNAMIC COMMENT='班级信息表';
/*!40101 SET character_set_client = @saved_cs_client */;

--
-- Dumping data for table `class_info`
--

LOCK TABLES `class_info` WRITE;
/*!40000 ALTER TABLE `class_info` DISABLE KEYS */;
INSERT INTO `class_info` VALUES (201501,15,4,1),(201502,15,5,2),(201506,15,6,6),(201507,15,7,7),(201508,15,8,8),(201510,15,9,10),(201601,16,10,1),(201602,16,11,2),(201603,16,12,3),(201604,16,13,4),(201605,16,14,5),(201606,16,15,6),(201607,16,16,7),(201608,16,17,8),(201701,17,18,1),(201703,17,19,3),(201705,17,20,5),(201706,17,21,6),(201707,17,22,7),(201708,17,23,8),(201710,17,24,10),(201801,18,25,1),(201802,18,26,2),(201803,18,27,3),(201804,18,28,4),(201805,18,29,5),(201806,18,30,6),(201807,18,31,7),(201810,18,32,10),(201901,19,33,1),(201902,19,34,2),(201903,19,35,3),(201907,19,36,7),(201910,19,37,10),(202001,20,38,1),(202002,20,39,2),(202003,20,40,3),(202004,20,41,4),(202006,20,42,6),(202007,20,43,7),(202008,20,44,8),(202101,21,45,1),(202102,21,46,2),(202105,21,47,5),(202106,21,48,6),(202107,21,49,7),(202109,21,50,9),(202110,21,51,10),(202201,22,52,1),(202204,22,53,4),(202205,22,54,5),(202206,22,55,6),(202207,22,56,7),(202208,22,57,8),(202302,23,58,2),(202303,23,59,3),(202305,23,60,5),(202306,23,61,6),(202309,23,62,9),(202310,23,63,10),(202403,24,64,3),(202404,24,65,4),(202406,24,66,6),(202408,24,67,8),(202410,24,68,10),(202501,25,69,1),(202502,25,70,2),(202503,25,71,3),(202504,25,72,4),(202505,25,73,5),(202506,25,74,6),(202507,25,75,7),(202508,25,76,8),(202509,25,77,9),(202602,26,78,2),(202604,26,79,4),(202605,26,80,5),(202606,26,81,6),(202607,26,82,7),(202608,26,83,8),(202609,26,84,9),(202702,27,85,2),(202703,27,86,3),(202704,27,87,4),(202705,27,88,5),(202706,27,89,6),(202707,27,90,7),(202708,27,91,8),(202802,28,92,2),(202803,28,93,3),(202804,28,94,4),(202805,28,95,5),(202807,28,96,7),(202808,28,97,8),(202809,28,98,9),(202810,28,99,10),(202901,29,100,1),(202902,29,101,2),(202904,29,102,4),(202905,29,103,5),(202906,29,104,6),(202908,29,105,8),(202909,29,106,9),(203001,30,107,1),(203002,30,108,2),(203004,30,109,4),(203005,30,110,5),(203006,30,111,6),(203007,30,112,7),(203008,30,113,8),(203009,30,114,9),(203010,30,115,10);
/*!40000 ALTER TABLE `class_info` ENABLE KEYS */;
UNLOCK TABLES;

--
-- Table structure for table `course_info`
--

DROP TABLE IF EXISTS `course_info`;
/*!40101 SET @saved_cs_client     = @@character_set_client */;
/*!50503 SET character_set_client = utf8mb4 */;
CREATE TABLE `course_info` (
  `id` bigint NOT NULL AUTO_INCREMENT,
  `name` varchar(45) CHARACTER SET utf8mb4 COLLATE utf8mb4_0900_ai_ci NOT NULL COMMENT '课程名字',
  `type` varchar(45) CHARACTER SET utf8mb4 COLLATE utf8mb4_0900_ai_ci NOT NULL COMMENT '课程类型（专必、专选、公必、公选）',
  `peo_limit` int NOT NULL COMMENT '人数限制',
  `credit` int NOT NULL COMMENT '学分',
  `tot_time` int NOT NULL COMMENT '总学时',
  `final_method` varchar(45) CHARACTER SET utf8mb4 COLLATE utf8mb4_0900_ai_ci NOT NULL COMMENT '期末考试方法(考试还是考察)',
  `start_year` int NOT NULL COMMENT '开办学年',
  `start_sem` int NOT NULL COMMENT '开办学期',
  `fac_id` bigint NOT NULL COMMENT '开办学院id',
  `teach_id` bigint NOT NULL COMMENT '授课老师id',
  PRIMARY KEY (`id`) USING BTREE,
  KEY `fk_fac` (`fac_id`) USING BTREE,
  KEY `fk_teach` (`teach_id`) USING BTREE,
  CONSTRAINT `fk_fac` FOREIGN KEY (`fac_id`) REFERENCES `faculties_info` (`id`) ON DELETE CASCADE ON UPDATE CASCADE,
  CONSTRAINT `fk_tea` FOREIGN KEY (`teach_id`) REFERENCES `tea_info` (`id`) ON DELETE CASCADE ON UPDATE CASCADE
) ENGINE=InnoDB AUTO_INCREMENT=174 DEFAULT CHARSET=utf8mb4 COLLATE=utf8mb4_0900_ai_ci ROW_FORMAT=DYNAMIC COMMENT='课程信息表';
/*!40101 SET character_set_client = @saved_cs_client */;

--
-- Dumping data for table `course_info`
--

LOCK TABLES `course_info` WRITE;
/*!40000 ALTER TABLE `course_info` DISABLE KEYS */;
INSERT INTO `course_info` VALUES (1,'大学物理（理）','专必',20,2,84,'考试',28,3,1,133),(2,'工程制图与CAD（一）','公必',21,3,89,'考试',28,2,1,31),(3,'体育(篮球)','专必',22,4,67,'考试',28,1,1,49),(4,'古典音乐的缤纷世界','公选',23,3,90,'考试',24,3,1,165),(5,'气候变化：人类社会的历史责任和义务','公必',24,5,82,'考试',24,1,1,36),(6,'媒介与社会发展','专必',25,5,34,'考试',21,1,1,62),(7,'现代生物技术导论（核心通识）','专必',26,4,44,'考试',16,1,1,149),(8,'离散数学基础','公必',27,2,32,'考试',21,2,1,112),(9,'清洁生产与循环经济(核心通识)','专必',28,2,96,'考试',28,2,1,4),(10,'地理空间信息技术与应用','专必',29,4,63,'考试',24,3,1,150),(11,'计算机编程(Python)基础','公必',30,1,90,'考试',28,2,1,123),(12,'数据结构与算法','专必',31,0,66,'考试',29,3,1,50),(13,'体育(网球)','公必',32,3,20,'考试',17,1,1,124),(14,'国际医疗卫生系统与热点问题分析','专必',33,0,66,'考试',30,3,1,79),(15,'体育(跆拳道)','公必',34,3,49,'考试',17,1,1,113),(16,'生命科学史','专必',35,5,61,'考试',29,3,1,5),(17,'体育(足球)','公选',36,3,57,'考试',26,2,1,23),(18,'毛泽东思想和中国特色社会主义理论体系概论','专必',37,5,25,'考试',22,3,1,37),(19,'故事中的全球史','公选',38,2,30,'考试',18,2,1,166),(20,'测绘学概论','专必',39,0,33,'考试',18,3,1,167),(21,'行为决策概论','公选',40,4,11,'考试',23,2,1,32),(22,'高级英语','公选',41,0,2,'考试',19,1,1,63),(23,'新生研讨课','公必',42,3,55,'考试',26,3,1,142),(24,'大学化学（二）上','专必',43,3,98,'考试',25,1,1,24),(25,'大学化学实验（一）上','专必',44,1,65,'考试',19,2,1,114),(26,'地球系统科学概论（上）','公必',45,2,29,'考试',21,1,1,64),(27,'网络与数据法概论','公必',46,4,25,'考试',29,1,1,65),(28,'体育(乒乓球)','公必',47,3,18,'考试',29,1,1,25),(29,'行为决策概论','专必',48,5,95,'考试',26,3,1,51),(30,'水文学基础','公必',49,3,93,'考试',24,1,1,115),(31,'《乐理与视唱》','公必',50,4,7,'考试',28,3,1,71),(32,'大学物理实验（理）（上）','专必',51,1,45,'考试',19,1,1,143),(33,'今日化学与材料','公选',52,1,32,'考试',28,2,1,173),(34,'体育(形体)','公选',53,2,38,'考试',22,2,1,38),(35,'体育(网球)','公选',54,3,85,'考试',23,2,1,168),(36,'清洁生产与循环经济(核心通识)','公必',55,4,96,'考试',26,3,1,13),(37,'国际医疗卫生系统与热点问题分析','公必',30,4,49,'考试',17,2,1,134),(38,'国际医疗卫生系统与热点问题分析','公必',31,1,58,'考试',16,3,1,14),(39,'普通心理学实验','专必',32,4,91,'考试',26,3,1,84),(40,'大学化学（二）上','公选',33,3,35,'考试',25,1,1,6),(41,'大学化学实验（二）上','专必',34,2,40,'考试',16,2,1,72),(42,'体育(篮球)','公必',35,3,56,'考试',30,3,1,125),(43,'体育(跆拳道)','专必',36,1,24,'考试',18,1,1,169),(44,'材料力学（含实验）','公选',37,5,38,'考试',19,2,1,85),(45,'中华文明中的化学','公必',38,0,19,'考试',24,3,1,116),(46,'逻辑学','公必',39,1,28,'考试',30,3,1,94),(47,'数据库技术及应用（核心通识）','专必',40,4,75,'考试',21,3,1,126),(48,'《乐理与视唱》','公选',41,4,5,'考试',15,2,1,80),(49,'数据结构与算法','专必',42,4,47,'考试',24,1,1,55),(50,'中国近现代史纲要','专必',43,5,93,'考试',24,1,1,86),(51,'体育(定向)','专必',44,4,2,'考试',20,3,1,73),(52,'《马克思恩格斯原始手稿导论》','公必',45,3,7,'考试',19,3,1,15),(53,'大学生物I','公选',46,3,10,'考试',18,3,1,39),(54,'体育(排球)','专必',47,2,51,'考试',23,3,1,16),(55,'呵护胃肠：影像在佑','专必',48,3,60,'考试',15,2,1,74),(56,'体育(篮球)','专必',49,2,7,'考试',19,2,1,160),(57,'三维技术与应用概览','公选',50,1,10,'考试',15,2,1,117),(58,'习近平新时代中国特色社会主义思想概论','公必',51,3,95,'考试',18,3,1,144),(59,'大气科学基础','专必',52,2,87,'考试',27,3,1,56),(60,'心理、情感与社会（核心通识）','专必',53,3,85,'考试',26,2,1,101),(61,'辐射与健康','公选',54,1,5,'考试',16,1,1,102),(62,'诗词地理学（核心通识）','公必',55,1,36,'考试',15,2,1,66),(63,'软件工程实训（初级）','专必',56,2,7,'考试',26,3,1,135),(64,'中国近现代史纲要','专必',57,0,8,'考试',19,2,1,170),(65,'工程认识实习','公选',58,1,88,'考试',28,2,1,26),(66,'大学物理（工）上','公选',59,2,75,'考试',22,2,1,103),(67,'数据结构与算法实验','公必',60,0,62,'考试',28,2,1,136),(68,'软件工程实训（初级）','公选',61,4,28,'考试',29,1,1,7),(69,'普通心理学实验','公选',62,4,85,'考试',24,3,1,171),(70,'大气科学基础','公必',63,3,85,'考试',29,1,1,52),(71,'行为决策概论','公选',64,3,92,'考试',19,2,1,67),(72,'体育(太极拳)','公必',65,4,5,'考试',30,1,1,40),(73,'体育(体能)','专必',66,5,73,'考试',21,3,1,174),(74,'体育(游泳)','公选',67,1,71,'考试',29,3,1,137),(75,'香港经济','专必',40,5,5,'考试',17,2,1,104),(76,'大气化学','公选',41,4,73,'考试',27,1,1,8),(77,'体育(排球)','专必',42,3,17,'考试',23,2,1,138),(78,'体育(乒乓球)','公选',43,3,55,'考试',29,3,1,139),(79,'数据结构与算法实验','公必',44,0,96,'考试',24,2,1,95),(80,'网络与数据法概论','专必',45,2,3,'考试',20,2,1,127),(81,'体育(中国短兵)','公必',46,1,98,'考试',18,2,1,57),(82,'体育(健身)','专必',47,4,95,'考试',25,3,1,145),(83,'中美关系与台湾问题','专必',48,3,24,'考试',19,3,1,151),(84,'辐射与健康','专必',49,5,63,'考试',21,3,1,75),(85,'逻辑学','专必',50,5,41,'考试',20,1,1,96),(86,'地球系统科学','专必',51,4,68,'考试',25,1,1,105),(87,'体育(健身气功)','公选',52,5,14,'考试',21,3,1,53),(88,'军事课','公必',53,0,82,'考试',20,2,1,76),(89,'电路理论基础实验','专必',54,2,16,'考试',15,2,1,87),(90,'大气探测学','公必',55,1,100,'考试',23,3,1,33),(91,'普通心理学','公必',56,0,83,'考试',25,3,1,175),(92,'程序设计实验','公必',57,5,90,'考试',20,3,1,58),(93,'胃肠疾病与健康','公选',58,0,77,'考试',15,3,1,152),(94,'辐射与健康','公必',59,4,55,'考试',29,2,1,68),(95,'土木、水利与海洋工程概论','公必',60,1,60,'考试',17,3,1,140),(96,'体育(击剑)','公选',61,2,79,'考试',20,3,1,41),(97,'体育(高尔夫)','公选',62,5,80,'考试',25,3,1,161),(98,'大学化学（三）','专必',63,5,4,'考试',29,2,1,106),(99,'生活中不能忽视的“小病小痛”','公必',64,0,95,'考试',27,2,1,146),(100,'中国花鸟画技法训练','专必',65,1,86,'考试',17,2,1,77),(101,'高等数学一（I）','专必',66,2,61,'考试',28,3,1,107),(102,'军事课','公必',67,4,61,'考试',25,3,1,118),(103,'生活中不能忽视的“小病小痛”','公选',68,4,22,'考试',24,1,1,128),(104,'学术交流英语','专必',69,1,9,'考试',15,2,1,147),(105,'中美关系与台湾问题','公必',70,0,88,'考试',20,2,1,88),(106,'数字电路与逻辑设计','公必',71,1,71,'考试',17,1,1,17),(107,'高等数学一（I）','公必',72,2,96,'考试',22,1,1,129),(108,'体育(足球)','公必',73,0,74,'考试',25,3,1,18),(109,'《马克思恩格斯原始手稿导论》','专必',74,1,41,'考试',17,3,1,81),(110,'离散数学基础','专必',75,0,59,'考试',17,3,1,119),(111,'毛泽东思想和中国特色社会主义理论体系概论','公必',76,1,63,'考试',17,2,1,130),(112,'计算机组成原理实验','专必',77,4,70,'考试',29,2,1,148),(113,'大气化学','公必',78,5,59,'考试',17,3,1,59),(114,'线性代数','专必',79,3,36,'考试',30,3,1,27),(115,'线性代数','专必',80,1,62,'考试',18,1,1,153),(116,'Web3与元宇宙','公必',81,2,73,'考试',20,1,1,141),(117,'中国花鸟画技法训练','专必',82,5,9,'考试',27,1,1,172),(118,'体育(太极拳)','专必',50,0,81,'考试',20,1,1,162),(119,'体育(太极拳)','公必',51,1,3,'考试',25,1,1,131),(120,'中国文化英语再现(核心通识)','专必',52,5,49,'考试',28,1,1,28),(121,'理论力学','公必',53,5,75,'考试',24,2,1,69),(122,'中美关系与台湾问题','公必',54,0,3,'考试',29,2,1,97),(123,'数据结构与算法实验','公必',55,5,52,'考试',20,1,1,163),(124,'体育(排球)','公选',56,1,16,'考试',30,3,1,98),(125,'粤剧经典唱段赏析与实践','专必',57,4,74,'考试',26,3,1,60),(126,'智慧旅游','专必',58,0,43,'考试',30,3,1,108),(127,'西方法理学','专必',59,3,7,'考试',24,3,1,78),(128,'中国花鸟画技法训练','专必',60,4,16,'考试',23,3,1,89),(129,'现代生物技术导论（核心通识）','公选',61,1,49,'考试',25,2,1,154),(130,'体育(足球)','专必',62,4,26,'考试',25,2,1,99),(131,'网络与数据法概论','专必',63,5,60,'考试',18,1,1,164),(132,'国际医疗卫生系统与热点问题分析','公必',64,1,95,'考试',20,3,1,42),(133,'工程制图与CAD（一）','专必',65,2,99,'考试',20,3,1,43),(134,'中国文化英语再现(核心通识)','专必',66,3,19,'考试',16,2,1,100),(135,'高等数学二（I）','专必',67,3,55,'考试',29,2,1,9),(136,'土木、水利与海洋工程概论','公选',68,1,81,'考试',23,2,1,44),(137,'体育(飞镖)','专必',69,1,17,'考试',23,2,1,155),(138,'工程认识实习','专必',60,4,36,'考试',24,1,1,82),(139,'实验室安全与学术道德','公选',61,3,90,'考试',26,1,1,61),(140,'毛泽东思想和中国特色社会主义理论体系概论','公必',62,2,91,'考试',15,3,1,10),(141,'智慧旅游','公选',63,1,32,'考试',26,1,1,29),(142,'中美关系与台湾问题','公选',64,0,45,'考试',17,1,1,34),(143,'计算机编程(Python)基础','专必',65,0,88,'考试',16,2,1,90),(144,'数字电路与逻辑设计实验','公必',66,3,66,'考试',29,3,1,109),(145,'东北亚国际关系史专题研究','公选',67,4,61,'考试',29,2,1,110),(146,'软件工程导论','公选',68,5,85,'考试',18,3,1,70),(147,'体育(飞镖)','公选',69,1,36,'考试',27,3,1,176),(148,'体育(游泳)','公必',70,5,84,'考试',20,1,1,30),(149,'中国花鸟画技法训练','专必',71,4,14,'考试',27,2,1,83),(150,'大学英语I','公选',72,4,38,'考试',29,2,1,156),(151,'香港经济','专必',73,5,38,'考试',16,1,1,45),(152,'土木、水利与海洋工程概论','公选',74,3,56,'考试',27,2,1,11),(153,'软件工程导论','公必',75,5,51,'考试',26,1,1,19),(154,'普通生物学','公必',76,0,77,'考试',30,3,1,46),(155,'中华文明中的化学','公必',77,5,50,'考试',26,2,1,54),(156,'胃肠疾病与健康','公选',78,1,38,'考试',22,2,1,91),(157,'辐射与健康','专必',79,2,74,'考试',18,3,1,120),(158,'中美关系与台湾问题','公选',80,1,2,'考试',15,1,1,111),(159,'计算机组成原理实验','公选',81,4,7,'考试',18,3,1,47),(160,'工程制图与CAD（一）','公选',82,1,40,'考试',17,2,1,157),(161,'媒介与社会发展','公必',83,0,52,'考试',27,2,1,20),(162,'大气探测综合实习','专必',84,0,62,'考试',21,3,1,121),(163,'香港经济','专必',85,4,11,'考试',17,2,1,158),(164,'毛泽东思想和中国特色社会主义理论体系概论','公必',86,0,65,'考试',15,3,1,12),(165,'体育(高尔夫)','公必',87,5,62,'考试',18,2,1,122),(166,'香港经济','公必',88,4,44,'考试',20,3,1,48),(167,'国际医疗卫生系统与热点问题分析','公必',89,0,16,'考试',27,2,1,92),(168,'生命科学史','公必',90,4,71,'考试',15,3,1,132),(169,'体育(高尔夫)','专必',91,4,81,'考试',17,1,1,35),(170,'体育(飞镖)','专必',92,4,39,'考试',29,2,1,93),(171,'智慧旅游','专必',93,1,75,'考试',20,2,1,159),(172,'软件工程实训（初级）','公必',94,2,7,'考试',25,1,1,21),(173,'风景背后的故事','公选',95,0,78,'考试',26,3,1,22);
/*!40000 ALTER TABLE `course_info` ENABLE KEYS */;
UNLOCK TABLES;

--
-- Table structure for table `faculties_info`
--

DROP TABLE IF EXISTS `faculties_info`;
/*!40101 SET @saved_cs_client     = @@character_set_client */;
/*!50503 SET character_set_client = utf8mb4 */;
CREATE TABLE `faculties_info` (
  `id` bigint NOT NULL COMMENT '专业id',
  `name` varchar(45) CHARACTER SET utf8mb4 COLLATE utf8mb4_0900_ai_ci NOT NULL COMMENT '专业名字',
  `campus` varchar(45) CHARACTER SET utf8mb4 COLLATE utf8mb4_0900_ai_ci NOT NULL COMMENT '所属学院',
  `teach_id` bigint NOT NULL COMMENT '该专业教务老师id',
  PRIMARY KEY (`id`) USING BTREE,
  KEY `teach_id_idx` (`teach_id`) USING BTREE,
  CONSTRAINT `fk_teachid` FOREIGN KEY (`teach_id`) REFERENCES `tea_info` (`id`) ON DELETE RESTRICT ON UPDATE RESTRICT
) ENGINE=InnoDB DEFAULT CHARSET=utf8mb4 COLLATE=utf8mb4_0900_ai_ci ROW_FORMAT=DYNAMIC;
/*!40101 SET character_set_client = @saved_cs_client */;

--
-- Dumping data for table `faculties_info`
--

LOCK TABLES `faculties_info` WRITE;
/*!40000 ALTER TABLE `faculties_info` DISABLE KEYS */;
INSERT INTO `faculties_info` VALUES (1,'软件工程学院','珠海校区',2);
/*!40000 ALTER TABLE `faculties_info` ENABLE KEYS */;
UNLOCK TABLES;

--
-- Table structure for table `gen_table`
--

DROP TABLE IF EXISTS `gen_table`;
/*!40101 SET @saved_cs_client     = @@character_set_client */;
/*!50503 SET character_set_client = utf8mb4 */;
CREATE TABLE `gen_table` (
  `table_id` bigint NOT NULL AUTO_INCREMENT COMMENT '编号',
  `table_name` varchar(200) CHARACTER SET utf8mb4 COLLATE utf8mb4_0900_ai_ci DEFAULT '' COMMENT '表名称',
  `table_comment` varchar(500) CHARACTER SET utf8mb4 COLLATE utf8mb4_0900_ai_ci DEFAULT '' COMMENT '表描述',
  `sub_table_name` varchar(64) CHARACTER SET utf8mb4 COLLATE utf8mb4_0900_ai_ci DEFAULT NULL COMMENT '关联子表的表名',
  `sub_table_fk_name` varchar(64) CHARACTER SET utf8mb4 COLLATE utf8mb4_0900_ai_ci DEFAULT NULL COMMENT '子表关联的外键名',
  `class_name` varchar(100) CHARACTER SET utf8mb4 COLLATE utf8mb4_0900_ai_ci DEFAULT '' COMMENT '实体类名称',
  `tpl_category` varchar(200) CHARACTER SET utf8mb4 COLLATE utf8mb4_0900_ai_ci DEFAULT 'crud' COMMENT '使用的模板（crud单表操作 tree树表操作）',
  `tpl_web_type` varchar(30) CHARACTER SET utf8mb4 COLLATE utf8mb4_0900_ai_ci DEFAULT '' COMMENT '前端模板类型（element-ui模版 element-plus模版）',
  `package_name` varchar(100) CHARACTER SET utf8mb4 COLLATE utf8mb4_0900_ai_ci DEFAULT NULL COMMENT '生成包路径',
  `module_name` varchar(30) CHARACTER SET utf8mb4 COLLATE utf8mb4_0900_ai_ci DEFAULT NULL COMMENT '生成模块名',
  `business_name` varchar(30) CHARACTER SET utf8mb4 COLLATE utf8mb4_0900_ai_ci DEFAULT NULL COMMENT '生成业务名',
  `function_name` varchar(50) CHARACTER SET utf8mb4 COLLATE utf8mb4_0900_ai_ci DEFAULT NULL COMMENT '生成功能名',
  `function_author` varchar(50) CHARACTER SET utf8mb4 COLLATE utf8mb4_0900_ai_ci DEFAULT NULL COMMENT '生成功能作者',
  `gen_type` char(1) CHARACTER SET utf8mb4 COLLATE utf8mb4_0900_ai_ci DEFAULT '0' COMMENT '生成代码方式（0zip压缩包 1自定义路径）',
  `gen_path` varchar(200) CHARACTER SET utf8mb4 COLLATE utf8mb4_0900_ai_ci DEFAULT '/' COMMENT '生成路径（不填默认项目路径）',
  `options` varchar(1000) CHARACTER SET utf8mb4 COLLATE utf8mb4_0900_ai_ci DEFAULT NULL COMMENT '其它生成选项',
  `create_by` varchar(64) CHARACTER SET utf8mb4 COLLATE utf8mb4_0900_ai_ci DEFAULT '' COMMENT '创建者',
  `create_time` datetime DEFAULT NULL COMMENT '创建时间',
  `update_by` varchar(64) CHARACTER SET utf8mb4 COLLATE utf8mb4_0900_ai_ci DEFAULT '' COMMENT '更新者',
  `update_time` datetime DEFAULT NULL COMMENT '更新时间',
  `remark` varchar(500) CHARACTER SET utf8mb4 COLLATE utf8mb4_0900_ai_ci DEFAULT NULL COMMENT '备注',
  PRIMARY KEY (`table_id`) USING BTREE
) ENGINE=InnoDB AUTO_INCREMENT=8 DEFAULT CHARSET=utf8mb4 COLLATE=utf8mb4_0900_ai_ci ROW_FORMAT=DYNAMIC COMMENT='代码生成业务表';
/*!40101 SET character_set_client = @saved_cs_client */;

--
-- Dumping data for table `gen_table`
--

LOCK TABLES `gen_table` WRITE;
/*!40000 ALTER TABLE `gen_table` DISABLE KEYS */;
INSERT INTO `gen_table` VALUES (1,'stu_info','学生信息表',NULL,NULL,'StuInfo','crud','element-ui','com.ruoyi.system','system','info','Student','clement','0','/','{\"parentMenuId\":2000}','admin','2024-06-18 11:04:33','','2024-06-18 13:44:24',NULL),(2,'score_info','学生成绩表',NULL,NULL,'ScoreInfo','crud','element-ui','com.ruoyi.tm','tm','score','成绩管理','clement','0','/','{\"parentMenuId\":2000}','admin','2024-06-21 13:29:43','','2024-06-21 13:31:50',NULL),(3,'tea_info','教师信息',NULL,NULL,'TeaInfo','crud','element-ui','com.ruoyi.tm','tm','teacher','教师信息','clement','0','/','{}','admin','2024-06-22 13:48:44','','2024-07-06 07:52:41',NULL),(4,'major_info','专业信息',NULL,NULL,'MajorInfo','crud','element-ui','com.ruoyi.tm','tm','major','专业','clement','0','/','{\"parentMenuId\":2000}','admin','2024-07-06 07:39:20','','2024-07-06 07:40:47',NULL),(5,'choose_course','选课信息表',NULL,NULL,'ChooseCourse','crud','element-ui','com.ruoyi.tm','tm','choose','选课','clement','0','/','{}','admin','2024-07-06 08:05:59','','2024-07-06 08:06:37',NULL),(6,'course_info','课程信息表',NULL,NULL,'CourseInfo','crud','element-ui','com.ruoyi.tm','tm','Course','课程信息','clement','0','/','{}','admin','2024-07-07 14:33:09','','2024-07-07 14:34:47',NULL),(7,'class_info','班级信息表',NULL,NULL,'ClassInfo','crud','element-ui','com.ruoyi.tm','tm','Class','班级信息','ruoyi','0','/','{\"parentMenuId\":2000}','admin','2024-07-08 15:34:20','','2024-07-08 15:36:00',NULL);
/*!40000 ALTER TABLE `gen_table` ENABLE KEYS */;
UNLOCK TABLES;

--
-- Table structure for table `gen_table_column`
--

DROP TABLE IF EXISTS `gen_table_column`;
/*!40101 SET @saved_cs_client     = @@character_set_client */;
/*!50503 SET character_set_client = utf8mb4 */;
CREATE TABLE `gen_table_column` (
  `column_id` bigint NOT NULL AUTO_INCREMENT COMMENT '编号',
  `table_id` bigint DEFAULT NULL COMMENT '归属表编号',
  `column_name` varchar(200) CHARACTER SET utf8mb4 COLLATE utf8mb4_0900_ai_ci DEFAULT NULL COMMENT '列名称',
  `column_comment` varchar(500) CHARACTER SET utf8mb4 COLLATE utf8mb4_0900_ai_ci DEFAULT NULL COMMENT '列描述',
  `column_type` varchar(100) CHARACTER SET utf8mb4 COLLATE utf8mb4_0900_ai_ci DEFAULT NULL COMMENT '列类型',
  `java_type` varchar(500) CHARACTER SET utf8mb4 COLLATE utf8mb4_0900_ai_ci DEFAULT NULL COMMENT 'JAVA类型',
  `java_field` varchar(200) CHARACTER SET utf8mb4 COLLATE utf8mb4_0900_ai_ci DEFAULT NULL COMMENT 'JAVA字段名',
  `is_pk` char(1) CHARACTER SET utf8mb4 COLLATE utf8mb4_0900_ai_ci DEFAULT NULL COMMENT '是否主键（1是）',
  `is_increment` char(1) CHARACTER SET utf8mb4 COLLATE utf8mb4_0900_ai_ci DEFAULT NULL COMMENT '是否自增（1是）',
  `is_required` char(1) CHARACTER SET utf8mb4 COLLATE utf8mb4_0900_ai_ci DEFAULT NULL COMMENT '是否必填（1是）',
  `is_insert` char(1) CHARACTER SET utf8mb4 COLLATE utf8mb4_0900_ai_ci DEFAULT NULL COMMENT '是否为插入字段（1是）',
  `is_edit` char(1) CHARACTER SET utf8mb4 COLLATE utf8mb4_0900_ai_ci DEFAULT NULL COMMENT '是否编辑字段（1是）',
  `is_list` char(1) CHARACTER SET utf8mb4 COLLATE utf8mb4_0900_ai_ci DEFAULT NULL COMMENT '是否列表字段（1是）',
  `is_query` char(1) CHARACTER SET utf8mb4 COLLATE utf8mb4_0900_ai_ci DEFAULT NULL COMMENT '是否查询字段（1是）',
  `query_type` varchar(200) CHARACTER SET utf8mb4 COLLATE utf8mb4_0900_ai_ci DEFAULT 'EQ' COMMENT '查询方式（等于、不等于、大于、小于、范围）',
  `html_type` varchar(200) CHARACTER SET utf8mb4 COLLATE utf8mb4_0900_ai_ci DEFAULT NULL COMMENT '显示类型（文本框、文本域、下拉框、复选框、单选框、日期控件）',
  `dict_type` varchar(200) CHARACTER SET utf8mb4 COLLATE utf8mb4_0900_ai_ci DEFAULT '' COMMENT '字典类型',
  `sort` int DEFAULT NULL COMMENT '排序',
  `create_by` varchar(64) CHARACTER SET utf8mb4 COLLATE utf8mb4_0900_ai_ci DEFAULT '' COMMENT '创建者',
  `create_time` datetime DEFAULT NULL COMMENT '创建时间',
  `update_by` varchar(64) CHARACTER SET utf8mb4 COLLATE utf8mb4_0900_ai_ci DEFAULT '' COMMENT '更新者',
  `update_time` datetime DEFAULT NULL COMMENT '更新时间',
  PRIMARY KEY (`column_id`) USING BTREE
) ENGINE=InnoDB AUTO_INCREMENT=53 DEFAULT CHARSET=utf8mb4 COLLATE=utf8mb4_0900_ai_ci ROW_FORMAT=DYNAMIC COMMENT='代码生成业务表字段';
/*!40101 SET character_set_client = @saved_cs_client */;

--
-- Dumping data for table `gen_table_column`
--

LOCK TABLES `gen_table_column` WRITE;
/*!40000 ALTER TABLE `gen_table_column` DISABLE KEYS */;
INSERT INTO `gen_table_column` VALUES (1,1,'id','学生id','int','Long','id','1','0','0','1',NULL,NULL,NULL,'EQ','input','',1,'admin','2024-06-18 11:04:33','','2024-06-18 13:44:24'),(2,1,'name','学生姓名','varchar(45)','String','name','0','0','1','1','1','1','1','LIKE','input','',2,'admin','2024-06-18 11:04:33','','2024-06-18 13:44:24'),(3,1,'sex','学生性别','int','Long','sex','0','0','1','1','1','1','1','EQ','select','',3,'admin','2024-06-18 11:04:33','','2024-06-18 13:44:24'),(4,1,'type','学生类型','varchar(45)','String','type','0','0','1','1','1','1','1','EQ','select','',4,'admin','2024-06-18 11:04:33','','2024-06-18 13:44:24'),(5,1,'adm_method','入学方法','varchar(45)','String','admMethod','0','0','1','1','1','1','1','EQ','input','',5,'admin','2024-06-18 11:04:33','','2024-06-18 13:44:24'),(6,1,'in_school','是否在校','int','Long','inSchool','0','0','1','1','1','1','1','EQ','input','',6,'admin','2024-06-18 11:04:33','','2024-06-18 13:44:24'),(7,1,'stu_status','学生状态','int','Long','stuStatus','0','0','1','1','1','1','1','EQ','radio','',7,'admin','2024-06-18 11:04:33','','2024-06-18 13:44:24'),(8,1,'class_id','班级id','int','Long','classId','0','0','1','1','1','1','1','EQ','input','',8,'admin','2024-06-18 11:04:33','','2024-06-18 13:44:24'),(9,1,'major_id','专业id','int','Long','majorId','0','0','1','1','1','1','1','EQ','input','',9,'admin','2024-06-18 11:04:33','','2024-06-18 13:44:24'),(10,2,'id','成绩id','int','Long','id','1','0','0','1',NULL,NULL,NULL,'EQ','input','',1,'admin','2024-06-21 13:29:43','','2024-06-21 13:31:50'),(11,2,'usual_por','平时成绩占比','int','Long','usualPor','0','0','1','1','1','1','1','EQ','input','',2,'admin','2024-06-21 13:29:43','','2024-06-21 13:31:50'),(12,2,'usual_sco','平时成绩','int','Long','usualSco','0','0','1','1','1','1','1','EQ','input','',3,'admin','2024-06-21 13:29:43','','2024-06-21 13:31:50'),(13,2,'mid_por','期中成绩占比','int','Long','midPor','0','0','1','1','1','1','1','EQ','input','',4,'admin','2024-06-21 13:29:43','','2024-06-21 13:31:50'),(14,2,'mid_sco','期中成绩','int','Long','midSco','0','0','1','1','1','1','1','EQ','input','',5,'admin','2024-06-21 13:29:43','','2024-06-21 13:31:50'),(15,2,'final_por','期末成绩占比','int','Long','finalPor','0','0','1','1','1','1','1','EQ','input','',6,'admin','2024-06-21 13:29:43','','2024-06-21 13:31:50'),(16,2,'final_sco','期末成绩','int','Long','finalSco','0','0','1','1','1','1','1','EQ','input','',7,'admin','2024-06-21 13:29:43','','2024-06-21 13:31:50'),(17,2,'others','其他备注','varchar(45)','String','others','0','0','1','1','1','1','1','EQ','input','',8,'admin','2024-06-21 13:29:43','','2024-06-21 13:31:50'),(18,2,'choose_id','选课id','int','Long','chooseId','0','0','1','1','1','1','1','EQ','input','',9,'admin','2024-06-21 13:29:43','','2024-06-21 13:31:50'),(19,3,'id','教师id','int','Long','id','1','0','0','1',NULL,NULL,NULL,'EQ','input','',1,'admin','2024-06-22 13:48:44','','2024-07-06 07:52:41'),(20,3,'name','教师姓名','varchar(45)','String','name','0','0','1','1','1','1','1','LIKE','input','',2,'admin','2024-06-22 13:48:44','','2024-07-06 07:52:41'),(21,3,'type','教师类型','varchar(45)','String','type','0','0','1','1','1','1','1','EQ','select','',3,'admin','2024-06-22 13:48:44','','2024-07-06 07:52:41'),(22,4,'id','专业id','int','Long','id','1','0','0','1',NULL,NULL,NULL,'EQ','input','',1,'admin','2024-07-06 07:39:20','','2024-07-06 07:40:47'),(23,4,'name','专业姓名','varchar(45)','String','name','0','0','1','1','1','1','1','LIKE','input','',2,'admin','2024-07-06 07:39:20','','2024-07-06 07:40:47'),(24,4,'dura','专业开设时间','int','Long','dura','0','0','1','1','1','1','1','EQ','input','',3,'admin','2024-07-06 07:39:20','','2024-07-06 07:40:47'),(25,4,'maj_must','毕业所需专必学分','int','Long','majMust','0','0','1','1','1','1','1','EQ','input','',4,'admin','2024-07-06 07:39:20','','2024-07-06 07:40:47'),(26,4,'maj_choose','所需专选学分','int','Long','majChoose','0','0','1','1','1','1','1','EQ','input','',5,'admin','2024-07-06 07:39:20','','2024-07-06 07:40:47'),(27,4,'pub_must','所需公必学分','int','Long','pubMust','0','0','1','1','1','1','1','EQ','input','',6,'admin','2024-07-06 07:39:20','','2024-07-06 07:40:47'),(28,4,'pub_choose','所需公选学分','int','Long','pubChoose','0','0','1','1','1','1','1','EQ','input','',7,'admin','2024-07-06 07:39:20','','2024-07-06 07:40:47'),(29,4,'gra_score','毕业所需学分','int','Long','graScore','0','0','1','1','1','1','1','EQ','input','',8,'admin','2024-07-06 07:39:20','','2024-07-06 07:40:47'),(30,4,'fac_id','所属学院id','int','Long','facId','0','0','1','1','1','1','1','EQ','input','',9,'admin','2024-07-06 07:39:20','','2024-07-06 07:40:47'),(31,5,'id','选课id','int','Long','id','1','0','0','1',NULL,NULL,NULL,'EQ','input','',1,'admin','2024-07-06 08:05:59','','2024-07-06 08:06:37'),(32,5,'num_rebuild','重修次数','int','Long','numRebuild','0','0','1','1','1','1','1','EQ','input','',2,'admin','2024-07-06 08:05:59','','2024-07-06 08:06:37'),(33,5,'num_makeup','补考次数','int','Long','numMakeup','0','0','1','1','1','1','1','EQ','input','',3,'admin','2024-07-06 08:05:59','','2024-07-06 08:06:37'),(34,5,'defer_sign','缓考标志','int','Long','deferSign','0','0','1','1','1','1','1','EQ','input','',4,'admin','2024-07-06 08:05:59','','2024-07-06 08:06:37'),(35,5,'pass','通过标志(0为通过，1为不通过)','int','Long','pass','0','0','1','1','1','1','1','EQ','input','',5,'admin','2024-07-06 08:05:59','','2024-07-06 08:06:37'),(36,5,'stu_id','学生id','int','Long','stuId','0','0','1','1','1','1','1','EQ','input','',6,'admin','2024-07-06 08:05:59','','2024-07-06 08:06:37'),(37,5,'course_id','课程id','int','Long','courseId','0','0','1','1','1','1','1','EQ','input','',7,'admin','2024-07-06 08:05:59','','2024-07-06 08:06:37'),(38,6,'id','课程id','int','Long','id','1','0','0','1',NULL,NULL,NULL,'EQ','input','',1,'admin','2024-07-07 14:33:09','','2024-07-07 14:34:47'),(39,6,'name','课程名字','varchar(45)','String','name','0','0','1','1','1','1','1','LIKE','input','',2,'admin','2024-07-07 14:33:09','','2024-07-07 14:34:47'),(40,6,'type','课程类型','varchar(45)','String','type','0','0','1','1','1','1','1','EQ','radio','',3,'admin','2024-07-07 14:33:09','','2024-07-07 14:34:47'),(41,6,'peo_limit','人数限制','int','Long','peoLimit','0','0','1','1','1','1','1','EQ','input','',4,'admin','2024-07-07 14:33:09','','2024-07-07 14:34:47'),(42,6,'credit','学分','int','Long','credit','0','0','1','1','1','1','1','EQ','input','',5,'admin','2024-07-07 14:33:09','','2024-07-07 14:34:47'),(43,6,'tot_time','总学时','int','Long','totTime','0','0','1','1','1','1','1','EQ','input','',6,'admin','2024-07-07 14:33:09','','2024-07-07 14:34:47'),(44,6,'final_method','期末考试方法','varchar(45)','String','finalMethod','0','0','1','1','1','1','1','EQ','radio','',7,'admin','2024-07-07 14:33:09','','2024-07-07 14:34:47'),(45,6,'start_year','开办学年','int','Long','startYear','0','0','1','1','1','1','1','EQ','input','',8,'admin','2024-07-07 14:33:09','','2024-07-07 14:34:47'),(46,6,'start_sem','开办学期','int','Long','startSem','0','0','1','1','1','1','1','EQ','input','',9,'admin','2024-07-07 14:33:09','','2024-07-07 14:34:47'),(47,6,'fac_id','开办学院id','int','Long','facId','0','0','1','1','1','1','1','EQ','input','',10,'admin','2024-07-07 14:33:09','','2024-07-07 14:34:47'),(48,6,'teach_id','授课老师id','int','Long','teachId','0','0','1','1','1','1','1','EQ','input','',11,'admin','2024-07-07 14:33:09','','2024-07-07 14:34:47'),(49,7,'id','班级id','bigint','Long','id','1','1','0','1',NULL,NULL,NULL,'EQ','input','',1,'admin','2024-07-08 15:34:20','','2024-07-08 15:36:00'),(50,7,'grade','所在年级','int','Long','grade','0','0','1','1','1','1','1','EQ','input','',2,'admin','2024-07-08 15:34:20','','2024-07-08 15:36:00'),(51,7,'teach_id','班主任id','bigint','Long','teachId','0','0','1','1','1','1','1','EQ','input','',3,'admin','2024-07-08 15:34:20','','2024-07-08 15:36:00'),(52,7,'class_num','班号','int','Long','classNum','0','0','1','1','1','1','1','EQ','input','',4,'admin','2024-07-08 15:34:20','','2024-07-08 15:36:00');
/*!40000 ALTER TABLE `gen_table_column` ENABLE KEYS */;
UNLOCK TABLES;

--
-- Table structure for table `major_info`
--

DROP TABLE IF EXISTS `major_info`;
/*!40101 SET @saved_cs_client     = @@character_set_client */;
/*!50503 SET character_set_client = utf8mb4 */;
CREATE TABLE `major_info` (
  `id` bigint NOT NULL AUTO_INCREMENT,
  `name` varchar(45) CHARACTER SET utf8mb4 COLLATE utf8mb4_0900_ai_ci NOT NULL COMMENT '专业姓名',
  `dura` int NOT NULL,
  `maj_must` int NOT NULL COMMENT '毕业所需专必学分',
  `maj_choose` int NOT NULL COMMENT '所需专选学分',
  `pub_must` int NOT NULL COMMENT '所需公必学分',
  `pub_choose` int NOT NULL COMMENT '所需公选学分',
  `gra_score` int NOT NULL COMMENT '毕业所需学分',
  `fac_id` bigint NOT NULL COMMENT '所属学院id',
  PRIMARY KEY (`id`) USING BTREE,
  KEY `major_info_ibfk_1` (`fac_id`) USING BTREE,
  CONSTRAINT `fk_facu` FOREIGN KEY (`fac_id`) REFERENCES `faculties_info` (`id`) ON DELETE RESTRICT ON UPDATE RESTRICT
) ENGINE=InnoDB AUTO_INCREMENT=26 DEFAULT CHARSET=utf8mb4 COLLATE=utf8mb4_0900_ai_ci ROW_FORMAT=DYNAMIC;
/*!40101 SET character_set_client = @saved_cs_client */;

--
-- Dumping data for table `major_info`
--

LOCK TABLES `major_info` WRITE;
/*!40000 ALTER TABLE `major_info` DISABLE KEYS */;
INSERT INTO `major_info` VALUES (1,'人工智能',20,114,18,37,8,177,1),(2,'集成电路',21,99,25,37,8,169,1),(3,'心理学',8,56,20,45,16,137,1),(4,'电子与通信工程',17,89,25,31,16,161,1),(5,'海洋科学',8,64,30,47,17,158,1),(6,'大气科学',12,66,39,35,16,156,1),(7,'先进制造',21,115,18,37,8,178,1),(8,'材料科学与工程',16,79,22,31,16,148,1),(9,'化学学院',5,69,21,52,13,155,1),(10,'海洋工程与技术',17,100,9,31,16,156,1),(11,'测绘科学与技术',19,98,14,32,12,156,1),(12,'土木工程',17,92,26,31,16,165,1),(13,'护理学',3,109,34,47,10,201,1),(14,'软件工程',20,106,24,37,8,175,1),(15,'先进能源',21,97,27,37,8,169,1),(16,'航空航天学',15,69,47,38,16,170,1),(17,'化学工程与技术',16,100,14,33,16,163,1),(18,'地球科学与工程',5,53,32,50,12,147,1),(19,'环境科学与工程',5,52,40,51,12,155,1),(20,'材料学',17,100,12,31,16,159,1),(21,'空专业',21,97,27,37,8,169,1);
/*!40000 ALTER TABLE `major_info` ENABLE KEYS */;
UNLOCK TABLES;

--
-- Table structure for table `qrtz_blob_triggers`
--

DROP TABLE IF EXISTS `qrtz_blob_triggers`;
/*!40101 SET @saved_cs_client     = @@character_set_client */;
/*!50503 SET character_set_client = utf8mb4 */;
CREATE TABLE `qrtz_blob_triggers` (
  `sched_name` varchar(120) CHARACTER SET utf8mb4 COLLATE utf8mb4_0900_ai_ci NOT NULL COMMENT '调度名称',
  `trigger_name` varchar(200) CHARACTER SET utf8mb4 COLLATE utf8mb4_0900_ai_ci NOT NULL COMMENT 'qrtz_triggers表trigger_name的外键',
  `trigger_group` varchar(200) CHARACTER SET utf8mb4 COLLATE utf8mb4_0900_ai_ci NOT NULL COMMENT 'qrtz_triggers表trigger_group的外键',
  `blob_data` blob COMMENT '存放持久化Trigger对象',
  PRIMARY KEY (`sched_name`,`trigger_name`,`trigger_group`) USING BTREE,
  CONSTRAINT `qrtz_blob_triggers_ibfk_1` FOREIGN KEY (`sched_name`, `trigger_name`, `trigger_group`) REFERENCES `qrtz_triggers` (`sched_name`, `trigger_name`, `trigger_group`) ON DELETE RESTRICT ON UPDATE RESTRICT
) ENGINE=InnoDB DEFAULT CHARSET=utf8mb4 COLLATE=utf8mb4_0900_ai_ci ROW_FORMAT=DYNAMIC COMMENT='Blob类型的触发器表';
/*!40101 SET character_set_client = @saved_cs_client */;

--
-- Dumping data for table `qrtz_blob_triggers`
--

LOCK TABLES `qrtz_blob_triggers` WRITE;
/*!40000 ALTER TABLE `qrtz_blob_triggers` DISABLE KEYS */;
/*!40000 ALTER TABLE `qrtz_blob_triggers` ENABLE KEYS */;
UNLOCK TABLES;

--
-- Table structure for table `qrtz_calendars`
--

DROP TABLE IF EXISTS `qrtz_calendars`;
/*!40101 SET @saved_cs_client     = @@character_set_client */;
/*!50503 SET character_set_client = utf8mb4 */;
CREATE TABLE `qrtz_calendars` (
  `sched_name` varchar(120) CHARACTER SET utf8mb4 COLLATE utf8mb4_0900_ai_ci NOT NULL COMMENT '调度名称',
  `calendar_name` varchar(200) CHARACTER SET utf8mb4 COLLATE utf8mb4_0900_ai_ci NOT NULL COMMENT '日历名称',
  `calendar` blob NOT NULL COMMENT '存放持久化calendar对象',
  PRIMARY KEY (`sched_name`,`calendar_name`) USING BTREE
) ENGINE=InnoDB DEFAULT CHARSET=utf8mb4 COLLATE=utf8mb4_0900_ai_ci ROW_FORMAT=DYNAMIC COMMENT='日历信息表';
/*!40101 SET character_set_client = @saved_cs_client */;

--
-- Dumping data for table `qrtz_calendars`
--

LOCK TABLES `qrtz_calendars` WRITE;
/*!40000 ALTER TABLE `qrtz_calendars` DISABLE KEYS */;
/*!40000 ALTER TABLE `qrtz_calendars` ENABLE KEYS */;
UNLOCK TABLES;

--
-- Table structure for table `qrtz_cron_triggers`
--

DROP TABLE IF EXISTS `qrtz_cron_triggers`;
/*!40101 SET @saved_cs_client     = @@character_set_client */;
/*!50503 SET character_set_client = utf8mb4 */;
CREATE TABLE `qrtz_cron_triggers` (
  `sched_name` varchar(120) CHARACTER SET utf8mb4 COLLATE utf8mb4_0900_ai_ci NOT NULL COMMENT '调度名称',
  `trigger_name` varchar(200) CHARACTER SET utf8mb4 COLLATE utf8mb4_0900_ai_ci NOT NULL COMMENT 'qrtz_triggers表trigger_name的外键',
  `trigger_group` varchar(200) CHARACTER SET utf8mb4 COLLATE utf8mb4_0900_ai_ci NOT NULL COMMENT 'qrtz_triggers表trigger_group的外键',
  `cron_expression` varchar(200) CHARACTER SET utf8mb4 COLLATE utf8mb4_0900_ai_ci NOT NULL COMMENT 'cron表达式',
  `time_zone_id` varchar(80) CHARACTER SET utf8mb4 COLLATE utf8mb4_0900_ai_ci DEFAULT NULL COMMENT '时区',
  PRIMARY KEY (`sched_name`,`trigger_name`,`trigger_group`) USING BTREE,
  CONSTRAINT `qrtz_cron_triggers_ibfk_1` FOREIGN KEY (`sched_name`, `trigger_name`, `trigger_group`) REFERENCES `qrtz_triggers` (`sched_name`, `trigger_name`, `trigger_group`) ON DELETE RESTRICT ON UPDATE RESTRICT
) ENGINE=InnoDB DEFAULT CHARSET=utf8mb4 COLLATE=utf8mb4_0900_ai_ci ROW_FORMAT=DYNAMIC COMMENT='Cron类型的触发器表';
/*!40101 SET character_set_client = @saved_cs_client */;

--
-- Dumping data for table `qrtz_cron_triggers`
--

LOCK TABLES `qrtz_cron_triggers` WRITE;
/*!40000 ALTER TABLE `qrtz_cron_triggers` DISABLE KEYS */;
/*!40000 ALTER TABLE `qrtz_cron_triggers` ENABLE KEYS */;
UNLOCK TABLES;

--
-- Table structure for table `qrtz_fired_triggers`
--

DROP TABLE IF EXISTS `qrtz_fired_triggers`;
/*!40101 SET @saved_cs_client     = @@character_set_client */;
/*!50503 SET character_set_client = utf8mb4 */;
CREATE TABLE `qrtz_fired_triggers` (
  `sched_name` varchar(120) CHARACTER SET utf8mb4 COLLATE utf8mb4_0900_ai_ci NOT NULL COMMENT '调度名称',
  `entry_id` varchar(95) CHARACTER SET utf8mb4 COLLATE utf8mb4_0900_ai_ci NOT NULL COMMENT '调度器实例id',
  `trigger_name` varchar(200) CHARACTER SET utf8mb4 COLLATE utf8mb4_0900_ai_ci NOT NULL COMMENT 'qrtz_triggers表trigger_name的外键',
  `trigger_group` varchar(200) CHARACTER SET utf8mb4 COLLATE utf8mb4_0900_ai_ci NOT NULL COMMENT 'qrtz_triggers表trigger_group的外键',
  `instance_name` varchar(200) CHARACTER SET utf8mb4 COLLATE utf8mb4_0900_ai_ci NOT NULL COMMENT '调度器实例名',
  `fired_time` bigint NOT NULL COMMENT '触发的时间',
  `sched_time` bigint NOT NULL COMMENT '定时器制定的时间',
  `priority` int NOT NULL COMMENT '优先级',
  `state` varchar(16) CHARACTER SET utf8mb4 COLLATE utf8mb4_0900_ai_ci NOT NULL COMMENT '状态',
  `job_name` varchar(200) CHARACTER SET utf8mb4 COLLATE utf8mb4_0900_ai_ci DEFAULT NULL COMMENT '任务名称',
  `job_group` varchar(200) CHARACTER SET utf8mb4 COLLATE utf8mb4_0900_ai_ci DEFAULT NULL COMMENT '任务组名',
  `is_nonconcurrent` varchar(1) CHARACTER SET utf8mb4 COLLATE utf8mb4_0900_ai_ci DEFAULT NULL COMMENT '是否并发',
  `requests_recovery` varchar(1) CHARACTER SET utf8mb4 COLLATE utf8mb4_0900_ai_ci DEFAULT NULL COMMENT '是否接受恢复执行',
  PRIMARY KEY (`sched_name`,`entry_id`) USING BTREE
) ENGINE=InnoDB DEFAULT CHARSET=utf8mb4 COLLATE=utf8mb4_0900_ai_ci ROW_FORMAT=DYNAMIC COMMENT='已触发的触发器表';
/*!40101 SET character_set_client = @saved_cs_client */;

--
-- Dumping data for table `qrtz_fired_triggers`
--

LOCK TABLES `qrtz_fired_triggers` WRITE;
/*!40000 ALTER TABLE `qrtz_fired_triggers` DISABLE KEYS */;
/*!40000 ALTER TABLE `qrtz_fired_triggers` ENABLE KEYS */;
UNLOCK TABLES;

--
-- Table structure for table `qrtz_job_details`
--

DROP TABLE IF EXISTS `qrtz_job_details`;
/*!40101 SET @saved_cs_client     = @@character_set_client */;
/*!50503 SET character_set_client = utf8mb4 */;
CREATE TABLE `qrtz_job_details` (
  `sched_name` varchar(120) CHARACTER SET utf8mb4 COLLATE utf8mb4_0900_ai_ci NOT NULL COMMENT '调度名称',
  `job_name` varchar(200) CHARACTER SET utf8mb4 COLLATE utf8mb4_0900_ai_ci NOT NULL COMMENT '任务名称',
  `job_group` varchar(200) CHARACTER SET utf8mb4 COLLATE utf8mb4_0900_ai_ci NOT NULL COMMENT '任务组名',
  `description` varchar(250) CHARACTER SET utf8mb4 COLLATE utf8mb4_0900_ai_ci DEFAULT NULL COMMENT '相关介绍',
  `job_class_name` varchar(250) CHARACTER SET utf8mb4 COLLATE utf8mb4_0900_ai_ci NOT NULL COMMENT '执行任务类名称',
  `is_durable` varchar(1) CHARACTER SET utf8mb4 COLLATE utf8mb4_0900_ai_ci NOT NULL COMMENT '是否持久化',
  `is_nonconcurrent` varchar(1) CHARACTER SET utf8mb4 COLLATE utf8mb4_0900_ai_ci NOT NULL COMMENT '是否并发',
  `is_update_data` varchar(1) CHARACTER SET utf8mb4 COLLATE utf8mb4_0900_ai_ci NOT NULL COMMENT '是否更新数据',
  `requests_recovery` varchar(1) CHARACTER SET utf8mb4 COLLATE utf8mb4_0900_ai_ci NOT NULL COMMENT '是否接受恢复执行',
  `job_data` blob COMMENT '存放持久化job对象',
  PRIMARY KEY (`sched_name`,`job_name`,`job_group`) USING BTREE
) ENGINE=InnoDB DEFAULT CHARSET=utf8mb4 COLLATE=utf8mb4_0900_ai_ci ROW_FORMAT=DYNAMIC COMMENT='任务详细信息表';
/*!40101 SET character_set_client = @saved_cs_client */;

--
-- Dumping data for table `qrtz_job_details`
--

LOCK TABLES `qrtz_job_details` WRITE;
/*!40000 ALTER TABLE `qrtz_job_details` DISABLE KEYS */;
/*!40000 ALTER TABLE `qrtz_job_details` ENABLE KEYS */;
UNLOCK TABLES;

--
-- Table structure for table `qrtz_locks`
--

DROP TABLE IF EXISTS `qrtz_locks`;
/*!40101 SET @saved_cs_client     = @@character_set_client */;
/*!50503 SET character_set_client = utf8mb4 */;
CREATE TABLE `qrtz_locks` (
  `sched_name` varchar(120) CHARACTER SET utf8mb4 COLLATE utf8mb4_0900_ai_ci NOT NULL COMMENT '调度名称',
  `lock_name` varchar(40) CHARACTER SET utf8mb4 COLLATE utf8mb4_0900_ai_ci NOT NULL COMMENT '悲观锁名称',
  PRIMARY KEY (`sched_name`,`lock_name`) USING BTREE
) ENGINE=InnoDB DEFAULT CHARSET=utf8mb4 COLLATE=utf8mb4_0900_ai_ci ROW_FORMAT=DYNAMIC COMMENT='存储的悲观锁信息表';
/*!40101 SET character_set_client = @saved_cs_client */;

--
-- Dumping data for table `qrtz_locks`
--

LOCK TABLES `qrtz_locks` WRITE;
/*!40000 ALTER TABLE `qrtz_locks` DISABLE KEYS */;
/*!40000 ALTER TABLE `qrtz_locks` ENABLE KEYS */;
UNLOCK TABLES;

--
-- Table structure for table `qrtz_paused_trigger_grps`
--

DROP TABLE IF EXISTS `qrtz_paused_trigger_grps`;
/*!40101 SET @saved_cs_client     = @@character_set_client */;
/*!50503 SET character_set_client = utf8mb4 */;
CREATE TABLE `qrtz_paused_trigger_grps` (
  `sched_name` varchar(120) CHARACTER SET utf8mb4 COLLATE utf8mb4_0900_ai_ci NOT NULL COMMENT '调度名称',
  `trigger_group` varchar(200) CHARACTER SET utf8mb4 COLLATE utf8mb4_0900_ai_ci NOT NULL COMMENT 'qrtz_triggers表trigger_group的外键',
  PRIMARY KEY (`sched_name`,`trigger_group`) USING BTREE
) ENGINE=InnoDB DEFAULT CHARSET=utf8mb4 COLLATE=utf8mb4_0900_ai_ci ROW_FORMAT=DYNAMIC COMMENT='暂停的触发器表';
/*!40101 SET character_set_client = @saved_cs_client */;

--
-- Dumping data for table `qrtz_paused_trigger_grps`
--

LOCK TABLES `qrtz_paused_trigger_grps` WRITE;
/*!40000 ALTER TABLE `qrtz_paused_trigger_grps` DISABLE KEYS */;
/*!40000 ALTER TABLE `qrtz_paused_trigger_grps` ENABLE KEYS */;
UNLOCK TABLES;

--
-- Table structure for table `qrtz_scheduler_state`
--

DROP TABLE IF EXISTS `qrtz_scheduler_state`;
/*!40101 SET @saved_cs_client     = @@character_set_client */;
/*!50503 SET character_set_client = utf8mb4 */;
CREATE TABLE `qrtz_scheduler_state` (
  `sched_name` varchar(120) CHARACTER SET utf8mb4 COLLATE utf8mb4_0900_ai_ci NOT NULL COMMENT '调度名称',
  `instance_name` varchar(200) CHARACTER SET utf8mb4 COLLATE utf8mb4_0900_ai_ci NOT NULL COMMENT '实例名称',
  `last_checkin_time` bigint NOT NULL COMMENT '上次检查时间',
  `checkin_interval` bigint NOT NULL COMMENT '检查间隔时间',
  PRIMARY KEY (`sched_name`,`instance_name`) USING BTREE
) ENGINE=InnoDB DEFAULT CHARSET=utf8mb4 COLLATE=utf8mb4_0900_ai_ci ROW_FORMAT=DYNAMIC COMMENT='调度器状态表';
/*!40101 SET character_set_client = @saved_cs_client */;

--
-- Dumping data for table `qrtz_scheduler_state`
--

LOCK TABLES `qrtz_scheduler_state` WRITE;
/*!40000 ALTER TABLE `qrtz_scheduler_state` DISABLE KEYS */;
/*!40000 ALTER TABLE `qrtz_scheduler_state` ENABLE KEYS */;
UNLOCK TABLES;

--
-- Table structure for table `qrtz_simple_triggers`
--

DROP TABLE IF EXISTS `qrtz_simple_triggers`;
/*!40101 SET @saved_cs_client     = @@character_set_client */;
/*!50503 SET character_set_client = utf8mb4 */;
CREATE TABLE `qrtz_simple_triggers` (
  `sched_name` varchar(120) CHARACTER SET utf8mb4 COLLATE utf8mb4_0900_ai_ci NOT NULL COMMENT '调度名称',
  `trigger_name` varchar(200) CHARACTER SET utf8mb4 COLLATE utf8mb4_0900_ai_ci NOT NULL COMMENT 'qrtz_triggers表trigger_name的外键',
  `trigger_group` varchar(200) CHARACTER SET utf8mb4 COLLATE utf8mb4_0900_ai_ci NOT NULL COMMENT 'qrtz_triggers表trigger_group的外键',
  `repeat_count` bigint NOT NULL COMMENT '重复的次数统计',
  `repeat_interval` bigint NOT NULL COMMENT '重复的间隔时间',
  `times_triggered` bigint NOT NULL COMMENT '已经触发的次数',
  PRIMARY KEY (`sched_name`,`trigger_name`,`trigger_group`) USING BTREE,
  CONSTRAINT `qrtz_simple_triggers_ibfk_1` FOREIGN KEY (`sched_name`, `trigger_name`, `trigger_group`) REFERENCES `qrtz_triggers` (`sched_name`, `trigger_name`, `trigger_group`) ON DELETE RESTRICT ON UPDATE RESTRICT
) ENGINE=InnoDB DEFAULT CHARSET=utf8mb4 COLLATE=utf8mb4_0900_ai_ci ROW_FORMAT=DYNAMIC COMMENT='简单触发器的信息表';
/*!40101 SET character_set_client = @saved_cs_client */;

--
-- Dumping data for table `qrtz_simple_triggers`
--

LOCK TABLES `qrtz_simple_triggers` WRITE;
/*!40000 ALTER TABLE `qrtz_simple_triggers` DISABLE KEYS */;
/*!40000 ALTER TABLE `qrtz_simple_triggers` ENABLE KEYS */;
UNLOCK TABLES;

--
-- Table structure for table `qrtz_simprop_triggers`
--

DROP TABLE IF EXISTS `qrtz_simprop_triggers`;
/*!40101 SET @saved_cs_client     = @@character_set_client */;
/*!50503 SET character_set_client = utf8mb4 */;
CREATE TABLE `qrtz_simprop_triggers` (
  `sched_name` varchar(120) CHARACTER SET utf8mb4 COLLATE utf8mb4_0900_ai_ci NOT NULL COMMENT '调度名称',
  `trigger_name` varchar(200) CHARACTER SET utf8mb4 COLLATE utf8mb4_0900_ai_ci NOT NULL COMMENT 'qrtz_triggers表trigger_name的外键',
  `trigger_group` varchar(200) CHARACTER SET utf8mb4 COLLATE utf8mb4_0900_ai_ci NOT NULL COMMENT 'qrtz_triggers表trigger_group的外键',
  `str_prop_1` varchar(512) CHARACTER SET utf8mb4 COLLATE utf8mb4_0900_ai_ci DEFAULT NULL COMMENT 'String类型的trigger的第一个参数',
  `str_prop_2` varchar(512) CHARACTER SET utf8mb4 COLLATE utf8mb4_0900_ai_ci DEFAULT NULL COMMENT 'String类型的trigger的第二个参数',
  `str_prop_3` varchar(512) CHARACTER SET utf8mb4 COLLATE utf8mb4_0900_ai_ci DEFAULT NULL COMMENT 'String类型的trigger的第三个参数',
  `int_prop_1` int DEFAULT NULL COMMENT 'int类型的trigger的第一个参数',
  `int_prop_2` int DEFAULT NULL COMMENT 'int类型的trigger的第二个参数',
  `long_prop_1` bigint DEFAULT NULL COMMENT 'long类型的trigger的第一个参数',
  `long_prop_2` bigint DEFAULT NULL COMMENT 'long类型的trigger的第二个参数',
  `dec_prop_1` decimal(13,4) DEFAULT NULL COMMENT 'decimal类型的trigger的第一个参数',
  `dec_prop_2` decimal(13,4) DEFAULT NULL COMMENT 'decimal类型的trigger的第二个参数',
  `bool_prop_1` varchar(1) CHARACTER SET utf8mb4 COLLATE utf8mb4_0900_ai_ci DEFAULT NULL COMMENT 'Boolean类型的trigger的第一个参数',
  `bool_prop_2` varchar(1) CHARACTER SET utf8mb4 COLLATE utf8mb4_0900_ai_ci DEFAULT NULL COMMENT 'Boolean类型的trigger的第二个参数',
  PRIMARY KEY (`sched_name`,`trigger_name`,`trigger_group`) USING BTREE,
  CONSTRAINT `qrtz_simprop_triggers_ibfk_1` FOREIGN KEY (`sched_name`, `trigger_name`, `trigger_group`) REFERENCES `qrtz_triggers` (`sched_name`, `trigger_name`, `trigger_group`) ON DELETE RESTRICT ON UPDATE RESTRICT
) ENGINE=InnoDB DEFAULT CHARSET=utf8mb4 COLLATE=utf8mb4_0900_ai_ci ROW_FORMAT=DYNAMIC COMMENT='同步机制的行锁表';
/*!40101 SET character_set_client = @saved_cs_client */;

--
-- Dumping data for table `qrtz_simprop_triggers`
--

LOCK TABLES `qrtz_simprop_triggers` WRITE;
/*!40000 ALTER TABLE `qrtz_simprop_triggers` DISABLE KEYS */;
/*!40000 ALTER TABLE `qrtz_simprop_triggers` ENABLE KEYS */;
UNLOCK TABLES;

--
-- Table structure for table `qrtz_triggers`
--

DROP TABLE IF EXISTS `qrtz_triggers`;
/*!40101 SET @saved_cs_client     = @@character_set_client */;
/*!50503 SET character_set_client = utf8mb4 */;
CREATE TABLE `qrtz_triggers` (
  `sched_name` varchar(120) CHARACTER SET utf8mb4 COLLATE utf8mb4_0900_ai_ci NOT NULL COMMENT '调度名称',
  `trigger_name` varchar(200) CHARACTER SET utf8mb4 COLLATE utf8mb4_0900_ai_ci NOT NULL COMMENT '触发器的名字',
  `trigger_group` varchar(200) CHARACTER SET utf8mb4 COLLATE utf8mb4_0900_ai_ci NOT NULL COMMENT '触发器所属组的名字',
  `job_name` varchar(200) CHARACTER SET utf8mb4 COLLATE utf8mb4_0900_ai_ci NOT NULL COMMENT 'qrtz_job_details表job_name的外键',
  `job_group` varchar(200) CHARACTER SET utf8mb4 COLLATE utf8mb4_0900_ai_ci NOT NULL COMMENT 'qrtz_job_details表job_group的外键',
  `description` varchar(250) CHARACTER SET utf8mb4 COLLATE utf8mb4_0900_ai_ci DEFAULT NULL COMMENT '相关介绍',
  `next_fire_time` bigint DEFAULT NULL COMMENT '上一次触发时间（毫秒）',
  `prev_fire_time` bigint DEFAULT NULL COMMENT '下一次触发时间（默认为-1表示不触发）',
  `priority` int DEFAULT NULL COMMENT '优先级',
  `trigger_state` varchar(16) CHARACTER SET utf8mb4 COLLATE utf8mb4_0900_ai_ci NOT NULL COMMENT '触发器状态',
  `trigger_type` varchar(8) CHARACTER SET utf8mb4 COLLATE utf8mb4_0900_ai_ci NOT NULL COMMENT '触发器的类型',
  `start_time` bigint NOT NULL COMMENT '开始时间',
  `end_time` bigint DEFAULT NULL COMMENT '结束时间',
  `calendar_name` varchar(200) CHARACTER SET utf8mb4 COLLATE utf8mb4_0900_ai_ci DEFAULT NULL COMMENT '日程表名称',
  `misfire_instr` smallint DEFAULT NULL COMMENT '补偿执行的策略',
  `job_data` blob COMMENT '存放持久化job对象',
  PRIMARY KEY (`sched_name`,`trigger_name`,`trigger_group`) USING BTREE,
  KEY `sched_name` (`sched_name`,`job_name`,`job_group`) USING BTREE,
  CONSTRAINT `qrtz_triggers_ibfk_1` FOREIGN KEY (`sched_name`, `job_name`, `job_group`) REFERENCES `qrtz_job_details` (`sched_name`, `job_name`, `job_group`) ON DELETE RESTRICT ON UPDATE RESTRICT
) ENGINE=InnoDB DEFAULT CHARSET=utf8mb4 COLLATE=utf8mb4_0900_ai_ci ROW_FORMAT=DYNAMIC COMMENT='触发器详细信息表';
/*!40101 SET character_set_client = @saved_cs_client */;

--
-- Dumping data for table `qrtz_triggers`
--

LOCK TABLES `qrtz_triggers` WRITE;
/*!40000 ALTER TABLE `qrtz_triggers` DISABLE KEYS */;
/*!40000 ALTER TABLE `qrtz_triggers` ENABLE KEYS */;
UNLOCK TABLES;

--
-- Table structure for table `score_info`
--

DROP TABLE IF EXISTS `score_info`;
/*!40101 SET @saved_cs_client     = @@character_set_client */;
/*!50503 SET character_set_client = utf8mb4 */;
CREATE TABLE `score_info` (
  `id` bigint NOT NULL AUTO_INCREMENT,
  `usual_por` int NOT NULL,
  `usual_sco` int NOT NULL,
  `mid_por` int NOT NULL,
  `mid_sco` int NOT NULL,
  `final_por` int NOT NULL,
  `final_sco` int NOT NULL,
  `others` varchar(45) CHARACTER SET utf8mb4 COLLATE utf8mb4_0900_ai_ci DEFAULT NULL,
  `choose_id` bigint NOT NULL,
  PRIMARY KEY (`id`) USING BTREE,
  KEY `fk_course_idx` (`choose_id`) USING BTREE,
  CONSTRAINT `fk_choose` FOREIGN KEY (`choose_id`) REFERENCES `choose_course` (`id`) ON DELETE CASCADE ON UPDATE RESTRICT
) ENGINE=InnoDB AUTO_INCREMENT=174 DEFAULT CHARSET=utf8mb4 COLLATE=utf8mb4_0900_ai_ci ROW_FORMAT=DYNAMIC;
/*!40101 SET character_set_client = @saved_cs_client */;

--
-- Dumping data for table `score_info`
--

LOCK TABLES `score_info` WRITE;
/*!40000 ALTER TABLE `score_info` DISABLE KEYS */;
INSERT INTO `score_info` VALUES (1,0,0,0,0,100,23,NULL,319886),(2,0,0,0,0,100,33,NULL,21822389),(3,0,0,0,0,100,59,NULL,91719521),(4,0,0,0,0,100,19,NULL,13419398),(5,0,0,0,0,100,70,NULL,22251819),(6,0,0,0,0,100,8,NULL,1122156104),(7,0,0,0,0,100,41,NULL,2371372),(8,0,0,0,0,100,6,NULL,13249193),(9,0,0,0,0,100,16,NULL,2615179102),(10,0,0,0,0,100,54,NULL,71417216),(11,0,0,0,0,100,69,NULL,26215876),(12,0,0,0,0,100,42,NULL,18813937),(13,0,0,0,0,100,73,NULL,122114349),(14,0,0,0,0,100,87,NULL,26220619),(15,0,0,0,0,100,73,NULL,23287210),(16,0,0,0,0,100,31,NULL,16249381),(17,0,0,0,0,100,47,NULL,25156107),(18,0,0,0,0,100,7,NULL,15541037),(19,0,0,0,0,100,45,NULL,2021254110),(20,0,0,0,0,100,49,NULL,13156323),(21,0,0,0,0,100,28,NULL,96249710),(22,0,0,0,0,100,14,NULL,18268581),(23,0,0,0,0,100,33,NULL,24123379),(24,0,0,0,0,100,10,NULL,923201018),(25,0,0,0,0,100,97,NULL,118177108),(26,0,0,0,0,100,4,NULL,1224768),(27,0,0,0,0,100,73,NULL,10113725),(28,0,0,0,0,100,92,NULL,26371098),(29,0,0,0,0,100,85,NULL,91123624),(30,0,0,0,0,100,55,NULL,251428810),(31,0,0,0,0,100,14,NULL,28255310),(32,0,0,0,0,100,8,NULL,232026997),(33,0,0,0,0,100,56,NULL,12138359),(34,0,0,0,0,100,98,NULL,713267210),(35,0,0,0,0,100,99,NULL,41618127),(36,0,0,0,0,100,37,NULL,13120763),(37,0,0,0,0,100,6,NULL,23613138),(38,0,0,0,0,100,91,NULL,16189753),(39,0,0,0,0,100,99,NULL,21222011010),(40,0,0,0,0,100,33,NULL,231419871),(41,0,0,0,0,100,72,NULL,8152210410),(42,0,0,0,0,100,56,NULL,15252610110),(43,0,0,0,0,100,89,NULL,12221591),(44,0,0,0,0,100,63,NULL,22113281),(45,0,0,0,0,100,84,NULL,171116429),(46,0,0,0,0,100,15,NULL,23246669),(47,0,0,0,0,100,14,NULL,141326949),(48,0,0,0,0,100,89,NULL,6108752),(49,0,0,0,0,100,49,NULL,6220799),(50,0,0,0,0,100,89,NULL,22264159),(51,0,0,0,0,100,12,NULL,171025675),(52,0,0,0,0,100,2,NULL,1918107810),(53,0,0,0,0,100,63,NULL,201531074),(54,0,0,0,0,100,10,NULL,3269258),(55,0,0,0,0,100,82,NULL,7524753),(56,0,0,0,0,100,1,NULL,5210891),(57,0,0,0,0,100,75,NULL,1824786),(58,0,0,0,0,100,98,NULL,19128109),(59,0,0,0,0,100,26,NULL,84181098),(60,0,0,0,0,100,23,NULL,7524742),(61,0,0,0,0,100,28,NULL,17122345),(62,0,0,0,0,100,42,NULL,215224106),(63,0,0,0,0,100,97,NULL,2024121710),(64,0,0,0,0,100,39,NULL,2410251046),(65,0,0,0,0,100,94,NULL,19142310109),(66,0,0,0,0,100,27,NULL,8231338),(67,0,0,0,0,100,94,NULL,182521646),(68,0,0,0,0,100,86,NULL,8613294),(69,0,0,0,0,100,54,NULL,52613284),(70,0,0,0,0,100,51,NULL,161418933),(71,0,0,0,0,100,49,NULL,2134942),(72,0,0,0,0,100,84,NULL,1512138910),(73,0,0,0,0,100,41,NULL,8102321),(74,0,0,0,0,100,42,NULL,101319556),(75,0,0,0,0,100,19,NULL,2226239101),(76,0,0,0,0,100,2,NULL,214151052),(77,0,0,0,0,100,39,NULL,61021843),(78,0,0,0,0,100,55,NULL,318113910),(79,0,0,0,0,100,70,NULL,142625348),(80,0,0,0,0,100,17,NULL,7912594),(81,0,0,0,0,100,34,NULL,137171039),(82,0,0,0,0,100,93,NULL,181722917),(83,0,0,0,0,100,48,NULL,61115647),(84,0,0,0,0,100,74,NULL,18623510),(85,0,0,0,0,100,9,NULL,12310858),(86,0,0,0,0,100,38,NULL,1622131064),(87,0,0,0,0,100,93,NULL,72102810),(88,0,0,0,0,100,69,NULL,3149634),(89,0,0,0,0,100,28,NULL,251114738),(90,0,0,0,0,100,45,NULL,1326151103),(91,0,0,0,0,100,99,NULL,5162338),(92,0,0,0,0,100,7,NULL,121423131),(93,0,0,0,0,100,4,NULL,162015157),(94,0,0,0,0,100,91,NULL,82171098),(95,0,0,0,0,100,11,NULL,3425456),(96,0,0,0,0,100,48,NULL,2086549),(97,0,0,0,0,100,21,NULL,2207965),(98,0,0,0,0,100,4,NULL,11220287),(99,0,0,0,0,100,5,NULL,152019532),(100,0,0,0,0,100,21,NULL,22187172),(101,0,0,0,0,100,21,NULL,13621367),(102,0,0,0,0,100,73,NULL,262210678),(103,0,0,0,0,100,79,NULL,89152310),(104,0,0,0,0,100,1,NULL,9242263),(105,0,0,0,0,100,8,NULL,162251028),(106,0,0,0,0,100,49,NULL,191113665),(107,0,0,0,0,100,81,NULL,201017822),(108,0,0,0,0,100,97,NULL,82236101),(109,0,0,0,0,100,88,NULL,11222661010),(110,0,0,0,0,100,90,NULL,2111163102),(111,0,0,0,0,100,85,NULL,4143625),(112,0,0,0,0,100,49,NULL,61922456),(113,0,0,0,0,100,66,NULL,2615241048),(114,0,0,0,0,100,21,NULL,17134562),(115,0,0,0,0,100,12,NULL,19923132),(116,0,0,0,0,100,59,NULL,25221931),(117,0,0,0,0,100,76,NULL,232118239),(118,0,0,0,0,100,83,NULL,1192286),(119,0,0,0,0,100,88,NULL,23918375),(120,0,0,0,0,100,10,NULL,2514161032),(121,0,0,0,0,100,97,NULL,5113866),(122,0,0,0,0,100,60,NULL,162231210),(123,0,0,0,0,100,73,NULL,62596107),(124,0,0,0,0,100,33,NULL,221123177),(125,0,0,0,0,100,10,NULL,93111091),(126,0,0,0,0,100,59,NULL,6111547),(127,0,0,0,0,100,32,NULL,161014252),(128,0,0,0,0,100,40,NULL,249112910),(129,0,0,0,0,100,36,NULL,5248719),(130,0,0,0,0,100,83,NULL,6223777),(131,0,0,0,0,100,33,NULL,72253910),(132,0,0,0,0,100,18,NULL,26924822),(133,0,0,0,0,100,52,NULL,149310110),(134,0,0,0,0,100,7,NULL,2516510108),(135,0,0,0,0,100,62,NULL,92423697),(136,0,0,0,0,100,8,NULL,15814948),(137,0,0,0,0,100,10,NULL,8139654),(138,0,0,0,0,100,79,NULL,111810610),(139,0,0,0,0,100,75,NULL,242120755),(140,0,0,0,0,100,98,NULL,13218210),(141,0,0,0,0,100,70,NULL,846539),(142,0,0,0,0,100,45,NULL,2225731010),(143,0,0,0,0,100,26,NULL,232175107),(144,0,0,0,0,100,81,NULL,8520575),(145,0,0,0,0,100,33,NULL,22319166),(146,0,0,0,0,100,61,NULL,62210719),(147,0,0,0,0,100,36,NULL,147231087),(148,0,0,0,0,100,54,NULL,225238710),(149,0,0,0,0,100,58,NULL,8121184),(150,0,0,0,0,100,74,NULL,42625218),(151,0,0,0,0,100,98,NULL,20113343),(152,0,0,0,0,100,96,NULL,42413328),(153,0,0,0,0,100,70,NULL,26183624),(154,0,0,0,0,100,38,NULL,20119413),(155,0,0,0,0,100,75,NULL,192325761),(156,0,0,0,0,100,84,NULL,528577),(157,0,0,0,0,100,89,NULL,6414929),(158,0,0,0,0,100,88,NULL,9202498),(159,0,0,0,0,100,79,NULL,8223255),(160,0,0,0,0,100,24,NULL,3820914),(161,0,0,0,0,100,25,NULL,24146496),(162,0,0,0,0,100,69,NULL,628439),(163,0,0,0,0,100,92,NULL,191012972),(164,0,0,0,0,100,55,NULL,112625364),(165,0,0,0,0,100,84,NULL,1622210210),(166,0,0,0,0,100,90,NULL,23526595),(167,0,0,0,0,100,51,NULL,221813494),(168,0,0,0,0,100,46,NULL,111314392),(169,0,0,0,0,100,90,NULL,21226976),(170,0,0,0,0,100,91,NULL,181751015),(171,0,0,0,0,100,90,NULL,2414251016),(172,0,0,0,0,100,57,NULL,22185118),(173,0,0,0,0,100,5,NULL,32161039);
/*!40000 ALTER TABLE `score_info` ENABLE KEYS */;
UNLOCK TABLES;

--
-- Table structure for table `stu_info`
--

DROP TABLE IF EXISTS `stu_info`;
/*!40101 SET @saved_cs_client     = @@character_set_client */;
/*!50503 SET character_set_client = utf8mb4 */;
CREATE TABLE `stu_info` (
  `id` bigint NOT NULL COMMENT '学生id',
  `name` varchar(45) CHARACTER SET utf8mb4 COLLATE utf8mb4_0900_ai_ci NOT NULL COMMENT '学生姓名',
  `type` varchar(45) CHARACTER SET utf8mb4 COLLATE utf8mb4_0900_ai_ci NOT NULL COMMENT '学生类型',
  `adm_method` varchar(45) CHARACTER SET utf8mb4 COLLATE utf8mb4_0900_ai_ci DEFAULT NULL COMMENT '入学方式',
  `in_school` int DEFAULT NULL COMMENT '是否在校（0在校，1不在校）',
  `stu_status` int DEFAULT NULL COMMENT '学生状态（0正常，1异常）',
  `class_id` bigint DEFAULT NULL COMMENT '班级id',
  `major_id` bigint DEFAULT NULL COMMENT '专业id',
  PRIMARY KEY (`id`) USING BTREE,
  KEY `fk_majorid` (`major_id`) USING BTREE,
  KEY `fk_classid` (`class_id`) USING BTREE,
  CONSTRAINT `fk_class` FOREIGN KEY (`class_id`) REFERENCES `class_info` (`id`) ON DELETE SET NULL ON UPDATE CASCADE,
  CONSTRAINT `fk_major` FOREIGN KEY (`major_id`) REFERENCES `major_info` (`id`) ON DELETE SET NULL ON UPDATE CASCADE,
  CONSTRAINT `fk_stuid` FOREIGN KEY (`id`) REFERENCES `sys_user` (`user_id`) ON DELETE CASCADE ON UPDATE CASCADE
) ENGINE=InnoDB DEFAULT CHARSET=utf8mb4 COLLATE=utf8mb4_0900_ai_ci ROW_FORMAT=DYNAMIC;
/*!40101 SET character_set_client = @saved_cs_client */;

--
-- Dumping data for table `stu_info`
--

LOCK TABLES `stu_info` WRITE;
/*!40000 ALTER TABLE `stu_info` DISABLE KEYS */;
INSERT INTO `stu_info` VALUES (1,'adm','普通考生','一般统考',0,1,NULL,NULL),(383842,'将勒杯靳','普通高校本专科学生','民族班',0,1,202508,21),(410555,'怒又卡','普通高校本专科学生','民族班',0,0,202909,19),(574181,'总站枯','普通高校本专科学生','其他',0,0,201607,5),(1058795,'岂析※','普通高校本专科学生','港澳台生',0,0,202110,14),(1287420,'防阶里肯','普通高校本专科学生','来华留学',0,0,202609,1),(2292962,'充历偿母','普通高校本专科学生','一般统考生',0,0,201608,19),(2326791,'都妨熟午','普通高校本专科学生','来华留学',0,0,201708,17),(2727632,'旧擅军','普通高校本专科学生','来华留学',0,0,201604,8),(3938899,'夫钦充▲','普通高校本专科学生','其他',0,0,201803,18),(4754552,'菩笛停','普通高校本专科学生','一般统考生',0,0,203009,8),(4803919,'用裔蛊','普通高校本专科学生','来华留学',0,0,202109,15),(5368505,'霜石▲','普通高校本专科学生','一般统考生',0,0,202506,10),(5521063,'浮皮蔡§','普通高校本专科学生','来华留学',0,0,202810,11),(6938200,'问勒鹏惮','普通高校本专科学生','港澳台生',0,0,201801,11),(7276262,'遇帝他','普通高校本专科学生','来华留学',0,0,202605,5),(7812089,'丰毫餐※','普通高校本专科学生','港澳台生',0,0,202703,16),(9028823,'睡垢十','普通高校本专科学生','港澳台生',0,0,202107,6),(9626596,'忙丸','普通高校本专科学生','民族班',0,0,202608,8),(9877012,'毕蚜※','普通高校本专科学生','一般统考生',0,0,202105,19),(10165672,'柱冷狈探','普通高校本专科学生','一般统考生',0,0,201901,2),(10348131,'八客京§','普通高校本专科学生','其他',0,0,203002,14),(10983982,'腐办蝗☆','普通高校本专科学生','来华留学',0,0,202805,14),(11540548,'靠符早末访','普通高校本专科学生','港澳台生',0,0,202802,11),(12498507,'低辑拨寄','普通高校本专科学生','来华留学',0,0,202905,9),(13640242,'弹友机仁','普通高校本专科学生','港澳台生',0,0,202505,4),(13700480,'凌另捏践','普通高校本专科学生','来华留学',0,0,201802,9),(14206566,'佳汛虚炔愈苦灶勋形合邦关还衙韩','普通高校本专科学生','其他',0,0,202205,18),(15512203,'步相载哈','普通高校本专科学生','其他',0,0,202505,11),(16238926,'磁夏纲窟','普通高校本专科学生','港澳台生',0,0,202106,3),(16413341,'瘤氛吵反','普通高校本专科学生','港澳台生',0,0,202310,19),(16466043,'诉睛貌从','普通高校本专科学生','港澳台生',0,0,203004,11),(16872358,'瘫具于初','普通高校本专科学生','其他',0,0,202506,18),(16947368,'辰眩条','普通高校本专科学生','其他',0,0,202502,19),(17342616,'拉贸尹宋','普通高校本专科学生','民族班',0,0,202503,15),(18880597,'沁木怖','普通高校本专科学生','来华留学',0,0,202302,10),(19284332,'羚往氧','普通高校本专科学生','港澳台生',0,0,202607,13),(20322299,'击靠蕴','普通高校本专科学生','民族班',0,0,202604,12),(20747376,'送珊袁※','普通高校本专科学生','港澳台生',0,0,202404,5),(20801640,'护寺恩','普通高校本专科学生','港澳台生',0,0,202904,10),(21567431,'爸落徊','普通高校本专科学生','其他',0,0,201806,18),(21592853,'男胸','普通高校本专科学生','港澳台生',0,0,201801,10),(21623323,'状枯煎','普通高校本专科学生','其他',0,0,202207,13),(23848233,'做昌参服','普通高校本专科学生','来华留学',0,0,201706,9),(24671403,'客脚娥赶此▲','普通高校本专科学生','其他',0,0,202208,13),(25366535,'兆早','普通高校本专科学生','其他',0,0,201607,13),(25429888,'杂敌专※','普通高校本专科学生','民族班',0,0,202001,13),(25714009,'延孝径','普通高校本专科学生','港澳台生',0,0,202902,8),(26892624,'杨睦丁','普通高校本专科学生','一般统考生',0,1,201501,21),(26893032,'木槐项','普通高校本专科学生','其他',0,0,202706,14),(27205513,'瞧槽矗博','普通高校本专科学生','来华留学',0,0,202909,12),(27382426,'规携限','普通高校本专科学生','民族班',0,0,201507,13),(27728917,'胃﻿祝','普通高校本专科学生','一般统考生',0,0,201805,2),(29403528,'孺郡研','普通高校本专科学生','港澳台生',0,0,202702,18),(30105924,'圣笔半','普通高校本专科学生','其他',1,0,202602,11),(30320446,'严彭于','普通高校本专科学生','民族班',0,0,202904,6),(30725848,'某郭农','普通高校本专科学生','民族班',0,0,202501,6),(31691972,'卉玫便','普通高校本专科学生','港澳台生',1,0,202702,10),(31955829,'烛妈驯','普通高校本专科学生','其他',0,0,202110,15),(32672631,'镜衣敝秀','普通高校本专科学生','港澳台生',0,0,202602,10),(33353163,'曹面腋','普通高校本专科学生','其他',0,0,202604,1),(33875134,'茅雄措','普通高校本专科学生','其他',0,0,202502,16),(34279044,'玲佳群','普通高校本专科学生','港澳台生',0,1,202507,21),(34385077,'册距充☆','普通高校本专科学生','港澳台生',0,0,202101,16),(34532930,'祭熟球','普通高校本专科学生','港澳台生',0,0,202206,17),(34615496,'矣二地纸','普通高校本专科学生','来华留学',0,0,202704,19),(35390314,'孔东导曙','普通高校本专科学生','一般统考生',0,0,202410,15),(35979444,'唐膛汉☆','普通高校本专科学生','民族班',0,0,202206,3),(36312541,'滁怪渗▲','普通高校本专科学生','来华留学',0,0,202008,15),(37367576,'车乐迎套','普通高校本专科学生','一般统考生',0,0,202606,16),(38930007,'就集吵','普通高校本专科学生','港澳台生',0,0,202002,10),(39247618,'暮健遁蜂','普通高校本专科学生','港澳台生',0,0,202007,1),(39449157,'熊笺慈正','普通高校本专科学生','来华留学',0,0,201602,16),(40288386,'暮甲厂▲','普通高校本专科学生','民族班',0,0,202504,15),(40546882,'伙料疹照熊','普通高校本专科学生','一般统考生',1,1,201701,21),(41696054,'卵边寅','普通高校本专科学生','来华留学',0,0,202106,16),(41796459,'张个载','普通高校本专科学生','来华留学',0,0,203009,2),(43327618,'们拨囤※','普通高校本专科学生','港澳台生',0,0,201703,16),(44967351,'晤遁§','普通高校本专科学生','民族班',0,0,202807,7),(46079310,'沫梳戚※','普通高校本专科学生','民族班',0,0,202810,1),(46160734,'箕着令毫','普通高校本专科学生','一般统考生',0,0,202201,5),(46494071,'巨盛▲','普通高校本专科学生','一般统考生',0,0,201807,20),(46573540,'雷象燕','普通高校本专科学生','一般统考生',0,0,203006,12),(47529373,'除思篓曾▲','普通高校本专科学生','其他',0,0,201603,13),(47867461,'萌玲设播','普通高校本专科学生','港澳台生',0,0,201708,4),(48413974,'露钡短','普通高校本专科学生','港澳台生',0,0,202106,12),(48855368,'备曾美','普通高校本专科学生','其他',0,0,203008,1),(50754534,'壮割雁§','普通高校本专科学生','其他',0,0,202207,15),(51009835,'詹珊房','普通高校本专科学生','来华留学',0,0,202406,15),(52372365,'项诡','普通高校本专科学生','民族班',0,0,202501,16),(52921408,'语征靠翻※','普通高校本专科学生','民族班',0,0,202204,4),(53141621,'桑赵弱盾','普通高校本专科学生','一般统考生',0,0,202310,12),(54133590,'愈播裔','普通高校本专科学生','港澳台生',0,0,203002,20),(54974544,'骨专她▲','普通高校本专科学生','其他',0,0,201707,12),(55241061,'型坤狠','普通高校本专科学生','港澳台生',1,0,202106,3),(56180260,'郎未铜','普通高校本专科学生','来华留学',0,0,202309,19),(56514922,'丑陆甸','普通高校本专科学生','其他',0,0,202606,19),(57353425,'顶敬众邦','普通高校本专科学生','民族班',0,0,202606,12),(57404657,'肃蕴折陪娟','普通高校本专科学生','来华留学',0,0,202306,8),(57516039,'灭火太▲','普通高校本专科学生','其他',0,0,202207,16),(57845728,'象粳免','普通高校本专科学生','来华留学',0,0,203005,10),(58625953,'哲相如☆','普通高校本专科学生','来华留学',0,0,202403,7),(60089312,'贾笔庆▲','普通高校本专科学生','来华留学',0,0,202708,2),(61927552,'决极壕龙','普通高校本专科学生','民族班',0,0,203001,1),(61983195,'哎兰亭林','普通高校本专科学生','民族班',0,1,202406,21),(62669538,'绿应磨','普通高校本专科学生','一般统考生',0,0,201902,3),(64512565,'麦惟间','普通高校本专科学生','来华留学',0,0,202901,18),(64771866,'驯山航','普通高校本专科学生','其他',0,0,201807,2),(65669036,'住陈替四','普通高校本专科学生','其他',0,0,201508,11),(66498413,'瓣费提征','普通高校本专科学生','港澳台生',0,0,202204,7),(67418410,'际郑阿','普通高校本专科学生','来华留学',0,0,201501,3),(68135231,'圣沸马倒亢','普通高校本专科学生','其他',0,0,201903,14),(68430192,'香迷穗※','普通高校本专科学生','民族班',0,0,202404,18),(69413460,'团羹肩','普通高校本专科学生','民族班',0,0,202808,3),(69897143,'椿笔通▲','普通高校本专科学生','民族班',0,0,202908,5),(70004430,'味则蜡','普通高校本专科学生','民族班',0,0,202505,9),(70195151,'亭吃敏翠☆','普通高校本专科学生','一般统考生',0,0,201605,5),(70305853,'每乃土咸','普通高校本专科学生','民族班',0,0,202505,10),(70632774,'砚睛页步','普通高校本专科学生','港澳台生',0,0,202408,9),(70746323,'菌坍被','普通高校本专科学生','来华留学',0,0,202004,9),(71078070,'例它厉','普通高校本专科学生','一般统考生',0,0,201807,20),(71671622,'鼎冯','普通高校本专科学生','民族班',0,0,201604,12),(72603778,'十振责苗','普通高校本专科学生','一般统考生',0,0,202909,8),(73925439,'绵预舜','普通高校本专科学生','来华留学',0,0,202803,20),(73983944,'激描他','普通高校本专科学生','民族班',0,0,201502,15),(74703959,'敏胸刀听','普通高校本专科学生','一般统考生',0,0,201806,6),(74741150,'婉稳获','普通高校本专科学生','其他',0,0,202507,14),(74884313,'渐束※','普通高校本专科学生','民族班',0,0,202606,7),(75127146,'宝锭','普通高校本专科学生','一般统考生',0,0,202702,7),(75479404,'姚宾粤他','普通高校本专科学生','其他',1,0,201810,4),(76324172,'克输','普通高校本专科学生','一般统考生',0,0,202810,19),(76529911,'升日训','普通高校本专科学生','来华留学',0,0,202204,12),(76712685,'控统信§','普通高校本专科学生','民族班',0,0,202707,1),(77432322,'纸葫式','普通高校本专科学生','一般统考生',0,0,201510,11),(77832257,'背锡屈▲','普通高校本专科学生','民族班',0,0,201806,1),(78089028,'排愉','普通高校本专科学生','民族班',0,0,202410,13),(78618234,'孺量','普通高校本专科学生','一般统考生',0,0,202807,1),(78619302,'靠常▲','普通高校本专科学生','来华留学',0,0,202102,11),(79260743,'洼从皿穆','普通高校本专科学生','一般统考生',0,0,203007,6),(79520505,'景伦肝灰','普通高校本专科学生','一般统考生',0,0,202602,9),(80483359,'并惟囤引','普通高校本专科学生','来华留学',0,0,201804,20),(80663518,'骤左玉','普通高校本专科学生','民族班',0,0,202905,5),(80841877,'辞痊诬','普通高校本专科学生','民族班',0,0,201705,2),(81284889,'闪莉感※','普通高校本专科学生','来华留学',0,0,203010,2),(81842162,'狱讨菱☆','普通高校本专科学生','其他',0,0,202003,14),(82446964,'夕捍滑','普通高校本专科学生','来华留学',0,0,201605,2),(82575303,'价多肆','普通高校本专科学生','一般统考生',0,0,201807,9),(82791768,'喷赴傣','普通高校本专科学生','民族班',0,0,201506,6),(83344817,'兼朋','普通高校本专科学生','港澳台生',0,0,201910,13),(84395738,'斜玉植','普通高校本专科学生','民族班',0,0,202302,12),(85490122,'临生持','普通高校本专科学生','一般统考生',0,0,202303,7),(85720734,'题常万','普通高校本专科学生','来华留学',0,0,202305,17),(86323976,'葫真完☆','普通高校本专科学生','一般统考生',0,0,202905,9),(86880776,'魁梨管','普通高校本专科学生','港澳台生',0,0,201804,16),(87639440,'献匡蜗','普通高校本专科学生','其他',0,0,201606,4),(88413887,'翁相','普通高校本专科学生','港澳台生',0,0,202106,8),(90440841,'总栈异','普通高校本专科学生','民族班',0,0,201701,5),(90787616,'类盐段刊述凹先慢惫束有须旋矗','普通高校本专科学生','港澳台生',0,0,201802,2),(90854599,'倦检去','普通高校本专科学生','来华留学',1,0,202502,18),(91161667,'主牟','普通高校本专科学生','一般统考生',0,0,202509,1),(91197802,'癸帛棕骤','普通高校本专科学生','其他',0,0,201804,5),(92435019,'否务侵','普通高校本专科学生','来华留学',0,0,202704,16),(92614677,'虽侠充☆','普通高校本专科学生','港澳台生',0,0,201907,9),(93791211,'和谴锡','普通高校本专科学生','民族班',0,0,201710,3),(93961187,'童戏后担','普通高校本专科学生','港澳台生',0,0,201903,17),(94095291,'恨餐夺※','普通高校本专科学生','来华留学',0,1,202906,21),(95350141,'蜂匀俯夹','普通高校本专科学生','港澳台生',0,0,202006,6),(96577697,'攻碑喷','普通高校本专科学生','港澳台生',0,0,201601,9),(96830032,'式图力','普通高校本专科学生','港澳台生',0,0,203006,15),(97135574,'期片板','普通高校本专科学生','其他',0,0,202309,6),(97557511,'倾毛璃','普通高校本专科学生','民族班',0,0,202704,20),(98909663,'补怕低桓','普通高校本专科学生','民族班',0,0,202705,10),(99213668,'媳埃脱','普通高校本专科学生','民族班',0,0,202804,1),(99729325,'订龄','普通高校本专科学生','民族班',0,0,202509,8);
/*!40000 ALTER TABLE `stu_info` ENABLE KEYS */;
UNLOCK TABLES;

--
-- Table structure for table `sys_config`
--

DROP TABLE IF EXISTS `sys_config`;
/*!40101 SET @saved_cs_client     = @@character_set_client */;
/*!50503 SET character_set_client = utf8mb4 */;
CREATE TABLE `sys_config` (
  `config_id` int NOT NULL AUTO_INCREMENT COMMENT '参数主键',
  `config_name` varchar(100) CHARACTER SET utf8mb4 COLLATE utf8mb4_0900_ai_ci DEFAULT '' COMMENT '参数名称',
  `config_key` varchar(100) CHARACTER SET utf8mb4 COLLATE utf8mb4_0900_ai_ci DEFAULT '' COMMENT '参数键名',
  `config_value` varchar(500) CHARACTER SET utf8mb4 COLLATE utf8mb4_0900_ai_ci DEFAULT '' COMMENT '参数键值',
  `config_type` char(1) CHARACTER SET utf8mb4 COLLATE utf8mb4_0900_ai_ci DEFAULT 'N' COMMENT '系统内置（Y是 N否）',
  `create_by` varchar(64) CHARACTER SET utf8mb4 COLLATE utf8mb4_0900_ai_ci DEFAULT '' COMMENT '创建者',
  `create_time` datetime DEFAULT NULL COMMENT '创建时间',
  `update_by` varchar(64) CHARACTER SET utf8mb4 COLLATE utf8mb4_0900_ai_ci DEFAULT '' COMMENT '更新者',
  `update_time` datetime DEFAULT NULL COMMENT '更新时间',
  `remark` varchar(500) CHARACTER SET utf8mb4 COLLATE utf8mb4_0900_ai_ci DEFAULT NULL COMMENT '备注',
  PRIMARY KEY (`config_id`) USING BTREE
) ENGINE=InnoDB AUTO_INCREMENT=100 DEFAULT CHARSET=utf8mb4 COLLATE=utf8mb4_0900_ai_ci ROW_FORMAT=DYNAMIC COMMENT='参数配置表';
/*!40101 SET character_set_client = @saved_cs_client */;

--
-- Dumping data for table `sys_config`
--

LOCK TABLES `sys_config` WRITE;
/*!40000 ALTER TABLE `sys_config` DISABLE KEYS */;
INSERT INTO `sys_config` VALUES (1,'主框架页-默认皮肤样式名称','sys.index.skinName','skin-blue','Y','admin','2024-05-31 23:32:48','',NULL,'蓝色 skin-blue、绿色 skin-green、紫色 skin-purple、红色 skin-red、黄色 skin-yellow'),(2,'用户管理-账号初始密码','sys.user.initPassword','123456','Y','admin','2024-05-31 23:32:48','',NULL,'初始化密码 123456'),(3,'主框架页-侧边栏主题','sys.index.sideTheme','theme-dark','Y','admin','2024-05-31 23:32:48','',NULL,'深色主题theme-dark，浅色主题theme-light'),(4,'账号自助-验证码开关','sys.account.captchaEnabled','true','N','admin','2024-05-31 23:32:48','admin','2024-07-08 00:24:39','是否开启验证码功能（true开启，false关闭）'),(5,'账号自助-是否开启用户注册功能','sys.account.registerUser','false','Y','admin','2024-05-31 23:32:48','',NULL,'是否开启注册用户功能（true开启，false关闭）'),(6,'用户登录-黑名单列表','sys.login.blackIPList','','Y','admin','2024-05-31 23:32:48','',NULL,'设置登录IP黑名单限制，多个匹配项以;分隔，支持匹配（*通配、网段）');
/*!40000 ALTER TABLE `sys_config` ENABLE KEYS */;
UNLOCK TABLES;

--
-- Table structure for table `sys_dept`
--

DROP TABLE IF EXISTS `sys_dept`;
/*!40101 SET @saved_cs_client     = @@character_set_client */;
/*!50503 SET character_set_client = utf8mb4 */;
CREATE TABLE `sys_dept` (
  `dept_id` bigint NOT NULL AUTO_INCREMENT COMMENT '部门id',
  `parent_id` bigint DEFAULT '0' COMMENT '父部门id',
  `ancestors` varchar(50) CHARACTER SET utf8mb4 COLLATE utf8mb4_0900_ai_ci DEFAULT '' COMMENT '祖级列表',
  `dept_name` varchar(30) CHARACTER SET utf8mb4 COLLATE utf8mb4_0900_ai_ci DEFAULT '' COMMENT '部门名称',
  `order_num` int DEFAULT '0' COMMENT '显示顺序',
  `leader` varchar(20) CHARACTER SET utf8mb4 COLLATE utf8mb4_0900_ai_ci DEFAULT NULL COMMENT '负责人',
  `phone` varchar(11) CHARACTER SET utf8mb4 COLLATE utf8mb4_0900_ai_ci DEFAULT NULL COMMENT '联系电话',
  `email` varchar(50) CHARACTER SET utf8mb4 COLLATE utf8mb4_0900_ai_ci DEFAULT NULL COMMENT '邮箱',
  `status` char(1) CHARACTER SET utf8mb4 COLLATE utf8mb4_0900_ai_ci DEFAULT '0' COMMENT '部门状态（0正常 1停用）',
  `del_flag` char(1) CHARACTER SET utf8mb4 COLLATE utf8mb4_0900_ai_ci DEFAULT '0' COMMENT '删除标志（0代表存在 2代表删除）',
  `create_by` varchar(64) CHARACTER SET utf8mb4 COLLATE utf8mb4_0900_ai_ci DEFAULT '' COMMENT '创建者',
  `create_time` datetime DEFAULT NULL COMMENT '创建时间',
  `update_by` varchar(64) CHARACTER SET utf8mb4 COLLATE utf8mb4_0900_ai_ci DEFAULT '' COMMENT '更新者',
  `update_time` datetime DEFAULT NULL COMMENT '更新时间',
  PRIMARY KEY (`dept_id`) USING BTREE
) ENGINE=InnoDB AUTO_INCREMENT=200 DEFAULT CHARSET=utf8mb4 COLLATE=utf8mb4_0900_ai_ci ROW_FORMAT=DYNAMIC COMMENT='部门表';
/*!40101 SET character_set_client = @saved_cs_client */;

--
-- Dumping data for table `sys_dept`
--

LOCK TABLES `sys_dept` WRITE;
/*!40000 ALTER TABLE `sys_dept` DISABLE KEYS */;
INSERT INTO `sys_dept` VALUES (100,0,'0','中山大学',0,'钟明廷','15888888888','test@qq.com','0','0','admin','2024-05-31 23:32:47','admin','2024-06-21 09:31:50'),(101,100,'0,100','珠海校区',1,'若依','15888888888','ry@qq.com','0','0','admin','2024-05-31 23:32:47','admin','2024-07-08 00:33:27'),(102,100,'0,100','南校区',2,'若依','15888888888','ry@qq.com','0','0','admin','2024-05-31 23:32:47','admin','2024-07-08 00:33:37'),(103,101,'0,100,101','软件工程学院',1,'若依','15888888888','ry@qq.com','0','0','admin','2024-05-31 23:32:47','admin','2024-07-08 00:34:10'),(104,101,'0,100,101','人工智能学院',2,'若依','15888888888','ry@qq.com','0','0','admin','2024-05-31 23:32:47','admin','2024-07-08 00:34:30'),(105,101,'0,100,101','微电子学院',3,'若依','15888888888','ry@qq.com','0','0','admin','2024-05-31 23:32:47','admin','2024-07-08 00:34:46'),(106,101,'0,100,101','土木工程学院',4,'若依','15888888888','ry@qq.com','0','0','admin','2024-05-31 23:32:47','admin','2024-07-08 00:35:03'),(107,101,'0,100,101','运维部门',5,'若依','15888888888','ry@qq.com','0','2','admin','2024-05-31 23:32:47','',NULL),(108,102,'0,100,102','管理学院',1,'若依','15888888888','ry@qq.com','0','0','admin','2024-05-31 23:32:47','admin','2024-07-08 00:34:00'),(109,102,'0,100,102','数学学院',2,'若依','15888888888','ry@qq.com','0','0','admin','2024-05-31 23:32:47','admin','2024-07-08 00:35:34');
/*!40000 ALTER TABLE `sys_dept` ENABLE KEYS */;
UNLOCK TABLES;

--
-- Table structure for table `sys_dict_data`
--

DROP TABLE IF EXISTS `sys_dict_data`;
/*!40101 SET @saved_cs_client     = @@character_set_client */;
/*!50503 SET character_set_client = utf8mb4 */;
CREATE TABLE `sys_dict_data` (
  `dict_code` bigint NOT NULL AUTO_INCREMENT COMMENT '字典编码',
  `dict_sort` int DEFAULT '0' COMMENT '字典排序',
  `dict_label` varchar(100) CHARACTER SET utf8mb4 COLLATE utf8mb4_0900_ai_ci DEFAULT '' COMMENT '字典标签',
  `dict_value` varchar(100) CHARACTER SET utf8mb4 COLLATE utf8mb4_0900_ai_ci DEFAULT '' COMMENT '字典键值',
  `dict_type` varchar(100) CHARACTER SET utf8mb4 COLLATE utf8mb4_0900_ai_ci DEFAULT '' COMMENT '字典类型',
  `css_class` varchar(100) CHARACTER SET utf8mb4 COLLATE utf8mb4_0900_ai_ci DEFAULT NULL COMMENT '样式属性（其他样式扩展）',
  `list_class` varchar(100) CHARACTER SET utf8mb4 COLLATE utf8mb4_0900_ai_ci DEFAULT NULL COMMENT '表格回显样式',
  `is_default` char(1) CHARACTER SET utf8mb4 COLLATE utf8mb4_0900_ai_ci DEFAULT 'N' COMMENT '是否默认（Y是 N否）',
  `status` char(1) CHARACTER SET utf8mb4 COLLATE utf8mb4_0900_ai_ci DEFAULT '0' COMMENT '状态（0正常 1停用）',
  `create_by` varchar(64) CHARACTER SET utf8mb4 COLLATE utf8mb4_0900_ai_ci DEFAULT '' COMMENT '创建者',
  `create_time` datetime DEFAULT NULL COMMENT '创建时间',
  `update_by` varchar(64) CHARACTER SET utf8mb4 COLLATE utf8mb4_0900_ai_ci DEFAULT '' COMMENT '更新者',
  `update_time` datetime DEFAULT NULL COMMENT '更新时间',
  `remark` varchar(500) CHARACTER SET utf8mb4 COLLATE utf8mb4_0900_ai_ci DEFAULT NULL COMMENT '备注',
  PRIMARY KEY (`dict_code`) USING BTREE
) ENGINE=InnoDB AUTO_INCREMENT=100 DEFAULT CHARSET=utf8mb4 COLLATE=utf8mb4_0900_ai_ci ROW_FORMAT=DYNAMIC COMMENT='字典数据表';
/*!40101 SET character_set_client = @saved_cs_client */;

--
-- Dumping data for table `sys_dict_data`
--

LOCK TABLES `sys_dict_data` WRITE;
/*!40000 ALTER TABLE `sys_dict_data` DISABLE KEYS */;
INSERT INTO `sys_dict_data` VALUES (1,1,'男','0','sys_user_sex','','','Y','0','admin','2024-05-31 23:32:48','',NULL,'性别男'),(2,2,'女','1','sys_user_sex','','','N','0','admin','2024-05-31 23:32:48','',NULL,'性别女'),(3,3,'未知','2','sys_user_sex','','','N','0','admin','2024-05-31 23:32:48','',NULL,'性别未知'),(4,1,'显示','0','sys_show_hide','','primary','Y','0','admin','2024-05-31 23:32:48','',NULL,'显示菜单'),(5,2,'隐藏','1','sys_show_hide','','danger','N','0','admin','2024-05-31 23:32:48','',NULL,'隐藏菜单'),(6,1,'正常','0','sys_normal_disable','','primary','Y','0','admin','2024-05-31 23:32:48','',NULL,'正常状态'),(7,2,'停用','1','sys_normal_disable','','danger','N','0','admin','2024-05-31 23:32:48','',NULL,'停用状态'),(8,1,'正常','0','sys_job_status','','primary','Y','0','admin','2024-05-31 23:32:48','',NULL,'正常状态'),(9,2,'暂停','1','sys_job_status','','danger','N','0','admin','2024-05-31 23:32:48','',NULL,'停用状态'),(10,1,'默认','DEFAULT','sys_job_group','','','Y','0','admin','2024-05-31 23:32:48','',NULL,'默认分组'),(11,2,'系统','SYSTEM','sys_job_group','','','N','0','admin','2024-05-31 23:32:48','',NULL,'系统分组'),(12,1,'是','Y','sys_yes_no','','primary','Y','0','admin','2024-05-31 23:32:48','',NULL,'系统默认是'),(13,2,'否','N','sys_yes_no','','danger','N','0','admin','2024-05-31 23:32:48','',NULL,'系统默认否'),(14,1,'通知','1','sys_notice_type','','warning','Y','0','admin','2024-05-31 23:32:48','',NULL,'通知'),(15,2,'公告','2','sys_notice_type','','success','N','0','admin','2024-05-31 23:32:48','',NULL,'公告'),(16,1,'正常','0','sys_notice_status','','primary','Y','0','admin','2024-05-31 23:32:48','',NULL,'正常状态'),(17,2,'关闭','1','sys_notice_status','','danger','N','0','admin','2024-05-31 23:32:48','',NULL,'关闭状态'),(18,99,'其他','0','sys_oper_type','','info','N','0','admin','2024-05-31 23:32:48','',NULL,'其他操作'),(19,1,'新增','1','sys_oper_type','','info','N','0','admin','2024-05-31 23:32:48','',NULL,'新增操作'),(20,2,'修改','2','sys_oper_type','','info','N','0','admin','2024-05-31 23:32:48','',NULL,'修改操作'),(21,3,'删除','3','sys_oper_type','','danger','N','0','admin','2024-05-31 23:32:48','',NULL,'删除操作'),(22,4,'授权','4','sys_oper_type','','primary','N','0','admin','2024-05-31 23:32:48','',NULL,'授权操作'),(23,5,'导出','5','sys_oper_type','','warning','N','0','admin','2024-05-31 23:32:48','',NULL,'导出操作'),(24,6,'导入','6','sys_oper_type','','warning','N','0','admin','2024-05-31 23:32:48','',NULL,'导入操作'),(25,7,'强退','7','sys_oper_type','','danger','N','0','admin','2024-05-31 23:32:48','',NULL,'强退操作'),(26,8,'生成代码','8','sys_oper_type','','warning','N','0','admin','2024-05-31 23:32:48','',NULL,'生成操作'),(27,9,'清空数据','9','sys_oper_type','','danger','N','0','admin','2024-05-31 23:32:48','',NULL,'清空操作'),(28,1,'成功','0','sys_common_status','','primary','N','0','admin','2024-05-31 23:32:48','',NULL,'正常状态'),(29,2,'失败','1','sys_common_status','','danger','N','0','admin','2024-05-31 23:32:48','',NULL,'停用状态');
/*!40000 ALTER TABLE `sys_dict_data` ENABLE KEYS */;
UNLOCK TABLES;

--
-- Table structure for table `sys_dict_type`
--

DROP TABLE IF EXISTS `sys_dict_type`;
/*!40101 SET @saved_cs_client     = @@character_set_client */;
/*!50503 SET character_set_client = utf8mb4 */;
CREATE TABLE `sys_dict_type` (
  `dict_id` bigint NOT NULL AUTO_INCREMENT COMMENT '字典主键',
  `dict_name` varchar(100) CHARACTER SET utf8mb4 COLLATE utf8mb4_0900_ai_ci DEFAULT '' COMMENT '字典名称',
  `dict_type` varchar(100) CHARACTER SET utf8mb4 COLLATE utf8mb4_0900_ai_ci DEFAULT '' COMMENT '字典类型',
  `status` char(1) CHARACTER SET utf8mb4 COLLATE utf8mb4_0900_ai_ci DEFAULT '0' COMMENT '状态（0正常 1停用）',
  `create_by` varchar(64) CHARACTER SET utf8mb4 COLLATE utf8mb4_0900_ai_ci DEFAULT '' COMMENT '创建者',
  `create_time` datetime DEFAULT NULL COMMENT '创建时间',
  `update_by` varchar(64) CHARACTER SET utf8mb4 COLLATE utf8mb4_0900_ai_ci DEFAULT '' COMMENT '更新者',
  `update_time` datetime DEFAULT NULL COMMENT '更新时间',
  `remark` varchar(500) CHARACTER SET utf8mb4 COLLATE utf8mb4_0900_ai_ci DEFAULT NULL COMMENT '备注',
  PRIMARY KEY (`dict_id`) USING BTREE,
  UNIQUE KEY `dict_type` (`dict_type`) USING BTREE
) ENGINE=InnoDB AUTO_INCREMENT=100 DEFAULT CHARSET=utf8mb4 COLLATE=utf8mb4_0900_ai_ci ROW_FORMAT=DYNAMIC COMMENT='字典类型表';
/*!40101 SET character_set_client = @saved_cs_client */;

--
-- Dumping data for table `sys_dict_type`
--

LOCK TABLES `sys_dict_type` WRITE;
/*!40000 ALTER TABLE `sys_dict_type` DISABLE KEYS */;
INSERT INTO `sys_dict_type` VALUES (1,'用户性别','sys_user_sex','0','admin','2024-05-31 23:32:48','',NULL,'用户性别列表'),(2,'菜单状态','sys_show_hide','0','admin','2024-05-31 23:32:48','',NULL,'菜单状态列表'),(3,'系统开关','sys_normal_disable','0','admin','2024-05-31 23:32:48','',NULL,'系统开关列表'),(4,'任务状态','sys_job_status','0','admin','2024-05-31 23:32:48','',NULL,'任务状态列表'),(5,'任务分组','sys_job_group','0','admin','2024-05-31 23:32:48','',NULL,'任务分组列表'),(6,'系统是否','sys_yes_no','0','admin','2024-05-31 23:32:48','',NULL,'系统是否列表'),(7,'通知类型','sys_notice_type','0','admin','2024-05-31 23:32:48','',NULL,'通知类型列表'),(8,'通知状态','sys_notice_status','0','admin','2024-05-31 23:32:48','',NULL,'通知状态列表'),(9,'操作类型','sys_oper_type','0','admin','2024-05-31 23:32:48','',NULL,'操作类型列表'),(10,'系统状态','sys_common_status','0','admin','2024-05-31 23:32:48','',NULL,'登录状态列表');
/*!40000 ALTER TABLE `sys_dict_type` ENABLE KEYS */;
UNLOCK TABLES;

--
-- Table structure for table `sys_job`
--

DROP TABLE IF EXISTS `sys_job`;
/*!40101 SET @saved_cs_client     = @@character_set_client */;
/*!50503 SET character_set_client = utf8mb4 */;
CREATE TABLE `sys_job` (
  `job_id` bigint NOT NULL AUTO_INCREMENT COMMENT '任务ID',
  `job_name` varchar(64) CHARACTER SET utf8mb4 COLLATE utf8mb4_0900_ai_ci NOT NULL DEFAULT '' COMMENT '任务名称',
  `job_group` varchar(64) CHARACTER SET utf8mb4 COLLATE utf8mb4_0900_ai_ci NOT NULL DEFAULT 'DEFAULT' COMMENT '任务组名',
  `invoke_target` varchar(500) CHARACTER SET utf8mb4 COLLATE utf8mb4_0900_ai_ci NOT NULL COMMENT '调用目标字符串',
  `cron_expression` varchar(255) CHARACTER SET utf8mb4 COLLATE utf8mb4_0900_ai_ci DEFAULT '' COMMENT 'cron执行表达式',
  `misfire_policy` varchar(20) CHARACTER SET utf8mb4 COLLATE utf8mb4_0900_ai_ci DEFAULT '3' COMMENT '计划执行错误策略（1立即执行 2执行一次 3放弃执行）',
  `concurrent` char(1) CHARACTER SET utf8mb4 COLLATE utf8mb4_0900_ai_ci DEFAULT '1' COMMENT '是否并发执行（0允许 1禁止）',
  `status` char(1) CHARACTER SET utf8mb4 COLLATE utf8mb4_0900_ai_ci DEFAULT '0' COMMENT '状态（0正常 1暂停）',
  `create_by` varchar(64) CHARACTER SET utf8mb4 COLLATE utf8mb4_0900_ai_ci DEFAULT '' COMMENT '创建者',
  `create_time` datetime DEFAULT NULL COMMENT '创建时间',
  `update_by` varchar(64) CHARACTER SET utf8mb4 COLLATE utf8mb4_0900_ai_ci DEFAULT '' COMMENT '更新者',
  `update_time` datetime DEFAULT NULL COMMENT '更新时间',
  `remark` varchar(500) CHARACTER SET utf8mb4 COLLATE utf8mb4_0900_ai_ci DEFAULT '' COMMENT '备注信息',
  PRIMARY KEY (`job_id`,`job_name`,`job_group`) USING BTREE
) ENGINE=InnoDB AUTO_INCREMENT=100 DEFAULT CHARSET=utf8mb4 COLLATE=utf8mb4_0900_ai_ci ROW_FORMAT=DYNAMIC COMMENT='定时任务调度表';
/*!40101 SET character_set_client = @saved_cs_client */;

--
-- Dumping data for table `sys_job`
--

LOCK TABLES `sys_job` WRITE;
/*!40000 ALTER TABLE `sys_job` DISABLE KEYS */;
INSERT INTO `sys_job` VALUES (1,'系统默认（无参）','DEFAULT','ryTask.ryNoParams','0/10 * * * * ?','3','1','1','admin','2024-05-31 23:32:48','',NULL,''),(2,'系统默认（有参）','DEFAULT','ryTask.ryParams(\'ry\')','0/15 * * * * ?','3','1','1','admin','2024-05-31 23:32:48','',NULL,''),(3,'系统默认（多参）','DEFAULT','ryTask.ryMultipleParams(\'ry\', true, 2000L, 316.50D, 100)','0/20 * * * * ?','3','1','1','admin','2024-05-31 23:32:48','',NULL,'');
/*!40000 ALTER TABLE `sys_job` ENABLE KEYS */;
UNLOCK TABLES;

--
-- Table structure for table `sys_job_log`
--

DROP TABLE IF EXISTS `sys_job_log`;
/*!40101 SET @saved_cs_client     = @@character_set_client */;
/*!50503 SET character_set_client = utf8mb4 */;
CREATE TABLE `sys_job_log` (
  `job_log_id` bigint NOT NULL AUTO_INCREMENT COMMENT '任务日志ID',
  `job_name` varchar(64) CHARACTER SET utf8mb4 COLLATE utf8mb4_0900_ai_ci NOT NULL COMMENT '任务名称',
  `job_group` varchar(64) CHARACTER SET utf8mb4 COLLATE utf8mb4_0900_ai_ci NOT NULL COMMENT '任务组名',
  `invoke_target` varchar(500) CHARACTER SET utf8mb4 COLLATE utf8mb4_0900_ai_ci NOT NULL COMMENT '调用目标字符串',
  `job_message` varchar(500) CHARACTER SET utf8mb4 COLLATE utf8mb4_0900_ai_ci DEFAULT NULL COMMENT '日志信息',
  `status` char(1) CHARACTER SET utf8mb4 COLLATE utf8mb4_0900_ai_ci DEFAULT '0' COMMENT '执行状态（0正常 1失败）',
  `exception_info` varchar(2000) CHARACTER SET utf8mb4 COLLATE utf8mb4_0900_ai_ci DEFAULT '' COMMENT '异常信息',
  `create_time` datetime DEFAULT NULL COMMENT '创建时间',
  PRIMARY KEY (`job_log_id`) USING BTREE
) ENGINE=InnoDB DEFAULT CHARSET=utf8mb4 COLLATE=utf8mb4_0900_ai_ci ROW_FORMAT=DYNAMIC COMMENT='定时任务调度日志表';
/*!40101 SET character_set_client = @saved_cs_client */;

--
-- Dumping data for table `sys_job_log`
--

LOCK TABLES `sys_job_log` WRITE;
/*!40000 ALTER TABLE `sys_job_log` DISABLE KEYS */;
/*!40000 ALTER TABLE `sys_job_log` ENABLE KEYS */;
UNLOCK TABLES;

--
-- Table structure for table `sys_logininfor`
--

DROP TABLE IF EXISTS `sys_logininfor`;
/*!40101 SET @saved_cs_client     = @@character_set_client */;
/*!50503 SET character_set_client = utf8mb4 */;
CREATE TABLE `sys_logininfor` (
  `info_id` bigint NOT NULL AUTO_INCREMENT COMMENT '访问ID',
  `user_name` varchar(50) CHARACTER SET utf8mb4 COLLATE utf8mb4_0900_ai_ci DEFAULT '' COMMENT '用户账号',
  `ipaddr` varchar(128) CHARACTER SET utf8mb4 COLLATE utf8mb4_0900_ai_ci DEFAULT '' COMMENT '登录IP地址',
  `login_location` varchar(255) CHARACTER SET utf8mb4 COLLATE utf8mb4_0900_ai_ci DEFAULT '' COMMENT '登录地点',
  `browser` varchar(50) CHARACTER SET utf8mb4 COLLATE utf8mb4_0900_ai_ci DEFAULT '' COMMENT '浏览器类型',
  `os` varchar(50) CHARACTER SET utf8mb4 COLLATE utf8mb4_0900_ai_ci DEFAULT '' COMMENT '操作系统',
  `status` char(1) CHARACTER SET utf8mb4 COLLATE utf8mb4_0900_ai_ci DEFAULT '0' COMMENT '登录状态（0成功 1失败）',
  `msg` varchar(255) CHARACTER SET utf8mb4 COLLATE utf8mb4_0900_ai_ci DEFAULT '' COMMENT '提示消息',
  `login_time` datetime DEFAULT NULL COMMENT '访问时间',
  PRIMARY KEY (`info_id`) USING BTREE,
  KEY `idx_sys_logininfor_s` (`status`) USING BTREE,
  KEY `idx_sys_logininfor_lt` (`login_time`) USING BTREE
) ENGINE=InnoDB AUTO_INCREMENT=238 DEFAULT CHARSET=utf8mb4 COLLATE=utf8mb4_0900_ai_ci ROW_FORMAT=DYNAMIC COMMENT='系统访问记录';
/*!40101 SET character_set_client = @saved_cs_client */;

--
-- Dumping data for table `sys_logininfor`
--

LOCK TABLES `sys_logininfor` WRITE;
/*!40000 ALTER TABLE `sys_logininfor` DISABLE KEYS */;
INSERT INTO `sys_logininfor` VALUES (100,'admin','127.0.0.1','内网IP','Chrome 12','Windows 10','1','验证码错误','2024-06-01 14:57:00'),(101,'admin','127.0.0.1','内网IP','Chrome 12','Windows 10','0','登录成功','2024-06-01 14:57:06'),(102,'admin','127.0.0.1','内网IP','Chrome 12','Windows 10','0','登录成功','2024-06-01 19:38:20'),(103,'admin','127.0.0.1','内网IP','Chrome 12','Windows 10','0','登录成功','2024-06-01 20:47:42'),(104,'admin','127.0.0.1','内网IP','Chrome 12','Windows 10','0','退出成功','2024-06-01 20:49:57'),(105,'admin','127.0.0.1','内网IP','Chrome 12','Windows 10','0','登录成功','2024-06-01 20:50:02'),(106,'admin','127.0.0.1','内网IP','Chrome 12','Windows 10','0','登录成功','2024-06-18 11:02:00'),(107,'admin','127.0.0.1','内网IP','Chrome 12','Windows 10','0','登录成功','2024-06-18 12:24:40'),(108,'admin','127.0.0.1','内网IP','Chrome 12','Windows 10','0','登录成功','2024-06-18 13:33:34'),(109,'admin','127.0.0.1','内网IP','Chrome 12','Windows 10','0','登录成功','2024-06-18 16:36:27'),(110,'admin','127.0.0.1','内网IP','Chrome 12','Windows 10','1','验证码错误','2024-06-20 22:17:53'),(111,'admin','127.0.0.1','内网IP','Chrome 12','Windows 10','0','登录成功','2024-06-20 22:17:58'),(112,'admin','127.0.0.1','内网IP','Chrome 12','Windows 10','0','登录成功','2024-06-21 08:48:53'),(113,'admin','127.0.0.1','内网IP','Chrome 12','Windows 10','0','登录成功','2024-06-21 12:46:00'),(114,'admin','127.0.0.1','内网IP','Chrome 12','Windows 10','1','验证码错误','2024-06-22 13:11:37'),(115,'admin','127.0.0.1','内网IP','Chrome 12','Windows 10','0','登录成功','2024-06-22 13:11:44'),(116,'admin','127.0.0.1','内网IP','Chrome 12','Windows 10','0','登录成功','2024-07-05 15:11:31'),(117,'admin','127.0.0.1','内网IP','Chrome 12','Windows 10','0','登录成功','2024-07-05 17:09:19'),(118,'admin','127.0.0.1','内网IP','Chrome 12','Windows 10','0','登录成功','2024-07-05 18:32:48'),(119,'admin','127.0.0.1','内网IP','Chrome 12','Windows 10','0','登录成功','2024-07-05 19:59:30'),(120,'admin','127.0.0.1','内网IP','Chrome 12','Windows 10','0','退出成功','2024-07-05 20:25:19'),(121,'129','127.0.0.1','内网IP','Chrome 12','Windows 10','1','验证码错误','2024-07-05 20:25:36'),(122,'129','127.0.0.1','内网IP','Chrome 12','Windows 10','0','登录成功','2024-07-05 20:25:43'),(123,'129','127.0.0.1','内网IP','Chrome 12','Windows 10','0','退出成功','2024-07-05 20:26:17'),(124,'admin','127.0.0.1','内网IP','Chrome 12','Windows 10','1','用户不存在/密码错误','2024-07-05 20:26:29'),(125,'admin','127.0.0.1','内网IP','Chrome 12','Windows 10','1','验证码已失效','2024-07-05 20:29:38'),(126,'admin','127.0.0.1','内网IP','Chrome 12','Windows 10','0','登录成功','2024-07-05 20:29:42'),(127,'admin','127.0.0.1','内网IP','Chrome 12','Windows 10','0','退出成功','2024-07-05 20:33:49'),(128,'129','127.0.0.1','内网IP','Chrome 12','Windows 10','0','登录成功','2024-07-05 20:33:59'),(129,'129','127.0.0.1','内网IP','Chrome 12','Windows 10','0','退出成功','2024-07-05 20:34:18'),(130,'129','127.0.0.1','内网IP','Chrome 12','Windows 10','1','验证码错误','2024-07-05 20:34:22'),(131,'admin','127.0.0.1','内网IP','Chrome 12','Windows 10','0','登录成功','2024-07-05 20:34:31'),(132,'admin','127.0.0.1','内网IP','Chrome 12','Windows 10','0','退出成功','2024-07-05 20:48:47'),(133,'admin','127.0.0.1','内网IP','Chrome 12','Windows 10','0','登录成功','2024-07-05 20:50:20'),(134,'admin','127.0.0.1','内网IP','Chrome 12','Windows 10','0','退出成功','2024-07-05 22:32:46'),(135,'admin','127.0.0.1','内网IP','Chrome 12','Windows 10','0','登录成功','2024-07-05 22:32:52'),(136,'admin','127.0.0.1','内网IP','Chrome 12','Windows 10','0','登录成功','2024-07-06 07:25:46'),(137,'admin','127.0.0.1','内网IP','Chrome 12','Windows 10','0','登录成功','2024-07-06 11:25:18'),(138,'admin','127.0.0.1','内网IP','Chrome 12','Windows 10','0','退出成功','2024-07-06 11:28:50'),(139,'157','127.0.0.1','内网IP','Chrome 12','Windows 10','1','用户不存在/密码错误','2024-07-06 11:29:03'),(140,'157','127.0.0.1','内网IP','Chrome 12','Windows 10','1','用户不存在/密码错误','2024-07-06 11:29:24'),(141,'admin','127.0.0.1','内网IP','Chrome 12','Windows 10','0','登录成功','2024-07-06 11:29:43'),(142,'admin','127.0.0.1','内网IP','Chrome 12','Windows 10','0','退出成功','2024-07-06 11:29:48'),(143,'157','127.0.0.1','内网IP','Chrome 12','Windows 10','1','用户不存在/密码错误','2024-07-06 11:29:57'),(144,'157','127.0.0.1','内网IP','Chrome 12','Windows 10','1','验证码错误','2024-07-06 11:29:59'),(145,'157','127.0.0.1','内网IP','Chrome 12','Windows 10','1','用户不存在/密码错误','2024-07-06 11:30:04'),(146,'test','127.0.0.1','内网IP','Chrome 12','Windows 10','1','验证码错误','2024-07-06 11:30:32'),(147,'test','127.0.0.1','内网IP','Chrome 12','Windows 10','1','用户不存在/密码错误','2024-07-06 11:30:37'),(148,'test2','127.0.0.1','内网IP','Chrome 12','Windows 10','0','登录成功','2024-07-06 11:30:48'),(149,'test2','127.0.0.1','内网IP','Chrome 12','Windows 10','0','退出成功','2024-07-06 11:31:48'),(150,'admin','127.0.0.1','内网IP','Chrome 12','Windows 10','0','登录成功','2024-07-06 11:31:53'),(151,'admin','127.0.0.1','内网IP','Chrome 12','Windows 10','0','登录成功','2024-07-06 13:43:25'),(152,'admin','127.0.0.1','内网IP','Chrome 12','Windows 10','1','验证码已失效','2024-07-06 17:38:52'),(153,'admin','127.0.0.1','内网IP','Chrome 12','Windows 10','0','登录成功','2024-07-06 17:39:05'),(154,'admin','127.0.0.1','内网IP','Chrome 12','Windows 10','0','登录成功','2024-07-06 19:31:39'),(155,'admin','127.0.0.1','内网IP','Chrome 12','Windows 10','1','验证码已失效','2024-07-06 19:53:25'),(156,'admin','127.0.0.1','内网IP','Chrome 12','Windows 10','1','验证码错误','2024-07-06 19:53:28'),(157,'admin','127.0.0.1','内网IP','Chrome 12','Windows 10','0','登录成功','2024-07-06 19:53:32'),(158,'admin','127.0.0.1','内网IP','Chrome 12','Windows 10','0','登录成功','2024-07-06 20:07:51'),(159,'admin','127.0.0.1','内网IP','Chrome 12','Windows 10','0','登录成功','2024-07-06 22:10:01'),(160,'admin','127.0.0.1','内网IP','Chrome 12','Windows 10','0','登录成功','2024-07-07 08:13:02'),(161,'admin','127.0.0.1','内网IP','Chrome 12','Windows 10','0','退出成功','2024-07-07 11:11:28'),(162,'admin','127.0.0.1','内网IP','Chrome 12','Windows 10','1','验证码已失效','2024-07-07 12:33:35'),(163,'admin','127.0.0.1','内网IP','Chrome 12','Windows 10','0','登录成功','2024-07-07 12:33:39'),(164,'admin','127.0.0.1','内网IP','Chrome 12','Windows 10','0','登录成功','2024-07-07 16:33:48'),(165,'admin','127.0.0.1','内网IP','Chrome 12','Windows 10','0','登录成功','2024-07-07 19:32:12'),(166,'admin','127.0.0.1','内网IP','Chrome 12','Windows 10','0','登录成功','2024-07-07 23:08:45'),(167,'admin','127.0.0.1','内网IP','Chrome 12','Windows 10','0','退出成功','2024-07-08 00:23:45'),(168,'lan','127.0.0.1','内网IP','Chrome 12','Windows 10','0','登录成功','2024-07-08 00:23:55'),(169,'lan','127.0.0.1','内网IP','Chrome 12','Windows 10','0','退出成功','2024-07-08 00:24:19'),(170,'admin','127.0.0.1','内网IP','Chrome 12','Windows 10','0','登录成功','2024-07-08 00:24:24'),(171,'admin','127.0.0.1','内网IP','Chrome 12','Windows 10','0','退出成功','2024-07-08 00:26:13'),(172,'admin','127.0.0.1','内网IP','Chrome 12','Windows 10','0','登录成功','2024-07-08 00:27:31'),(173,'admin','127.0.0.1','内网IP','Chrome 12','Windows 10','0','退出成功','2024-07-08 00:27:36'),(174,'lan','127.0.0.1','内网IP','Chrome 12','Windows 10','0','登录成功','2024-07-08 00:27:48'),(175,'lan','127.0.0.1','内网IP','Chrome 12','Windows 10','0','退出成功','2024-07-08 00:28:20'),(176,'su','127.0.0.1','内网IP','Chrome 12','Windows 10','0','登录成功','2024-07-08 00:28:31'),(177,'su','127.0.0.1','内网IP','Chrome 12','Windows 10','0','退出成功','2024-07-08 00:29:47'),(178,'wu','127.0.0.1','内网IP','Chrome 12','Windows 10','0','登录成功','2024-07-08 00:29:58'),(179,'wu','127.0.0.1','内网IP','Chrome 12','Windows 10','0','退出成功','2024-07-08 00:30:20'),(180,'admin','127.0.0.1','内网IP','Chrome 12','Windows 10','0','登录成功','2024-07-08 00:30:27'),(181,'admin','127.0.0.1','内网IP','Chrome 12','Windows 10','1','验证码错误','2024-07-08 09:00:04'),(182,'admin','127.0.0.1','内网IP','Chrome 12','Windows 10','0','登录成功','2024-07-08 09:00:06'),(183,'admin','127.0.0.1','内网IP','Chrome 12','Windows 10','0','登录成功','2024-07-08 12:59:22'),(184,'admin','127.0.0.1','内网IP','Chrome 12','Windows 10','0','退出成功','2024-07-08 14:30:09'),(185,'lan','127.0.0.1','内网IP','Chrome 12','Windows 10','1','用户不存在/密码错误','2024-07-08 14:30:21'),(186,'lan','127.0.0.1','内网IP','Chrome 12','Windows 10','0','登录成功','2024-07-08 14:30:32'),(187,'lan','127.0.0.1','内网IP','Chrome 12','Windows 10','0','退出成功','2024-07-08 14:30:39'),(188,'admin','127.0.0.1','内网IP','Chrome 12','Windows 10','0','登录成功','2024-07-08 14:30:43'),(189,'admin','127.0.0.1','内网IP','Chrome 12','Windows 10','0','退出成功','2024-07-08 14:31:34'),(190,'stu','127.0.0.1','内网IP','Chrome 12','Windows 10','0','登录成功','2024-07-08 14:31:41'),(191,'stu','127.0.0.1','内网IP','Chrome 12','Windows 10','0','退出成功','2024-07-08 14:31:51'),(192,'su','127.0.0.1','内网IP','Chrome 12','Windows 10','1','验证码错误','2024-07-08 14:32:02'),(193,'su','127.0.0.1','内网IP','Chrome 12','Windows 10','0','登录成功','2024-07-08 14:32:04'),(194,'su','127.0.0.1','内网IP','Chrome 12','Windows 10','0','退出成功','2024-07-08 14:32:10'),(195,'wu','127.0.0.1','内网IP','Chrome 12','Windows 10','0','登录成功','2024-07-08 14:32:17'),(196,'wu','127.0.0.1','内网IP','Chrome 12','Windows 10','0','退出成功','2024-07-08 14:32:24'),(197,'admin','127.0.0.1','内网IP','Chrome 12','Windows 10','0','登录成功','2024-07-08 14:32:29'),(198,'admin','127.0.0.1','内网IP','Chrome 12','Windows 10','0','退出成功','2024-07-08 14:32:47'),(199,'admin','127.0.0.1','内网IP','Chrome 12','Windows 10','0','登录成功','2024-07-08 14:33:08'),(200,'admin','127.0.0.1','内网IP','Chrome 12','Windows 10','0','登录成功','2024-07-08 15:22:28'),(201,'admin','127.0.0.1','内网IP','Chrome 12','Windows 10','0','登录成功','2024-07-08 18:24:08'),(202,'admin','127.0.0.1','内网IP','Chrome 12','Windows 10','0','登录成功','2024-07-08 21:01:32'),(203,'admin','127.0.0.1','内网IP','Chrome 12','Windows 10','0','登录成功','2024-07-08 22:23:41'),(204,'admin','127.0.0.1','内网IP','Chrome 12','Windows 10','0','登录成功','2024-07-08 23:34:48'),(205,'admin','127.0.0.1','内网IP','Chrome 12','Windows 10','0','退出成功','2024-07-09 01:29:07'),(206,'test0','127.0.0.1','内网IP','Chrome 12','Windows 10','1','验证码错误','2024-07-09 01:29:14'),(207,'test0','127.0.0.1','内网IP','Chrome 12','Windows 10','1','用户不存在/密码错误','2024-07-09 01:29:19'),(208,'test0','127.0.0.1','内网IP','Chrome 12','Windows 10','1','验证码错误','2024-07-09 01:29:31'),(209,'test0','127.0.0.1','内网IP','Chrome 12','Windows 10','1','用户不存在/密码错误','2024-07-09 01:29:36'),(210,'su','127.0.0.1','内网IP','Chrome 12','Windows 10','1','验证码错误','2024-07-09 01:29:47'),(211,'su','127.0.0.1','内网IP','Chrome 12','Windows 10','1','用户不存在/密码错误','2024-07-09 01:29:55'),(212,'su','127.0.0.1','内网IP','Chrome 12','Windows 10','1','验证码错误','2024-07-09 01:30:04'),(213,'su','127.0.0.1','内网IP','Chrome 12','Windows 10','1','用户不存在/密码错误','2024-07-09 01:30:09'),(214,'Tim','127.0.0.1','内网IP','Chrome 12','Windows 10','1','用户不存在/密码错误','2024-07-09 01:31:14'),(215,'Tim','127.0.0.1','内网IP','Chrome 12','Windows 10','1','验证码错误','2024-07-09 01:31:27'),(216,'Tim','127.0.0.1','内网IP','Chrome 12','Windows 10','0','登录成功','2024-07-09 01:31:32'),(217,'Tim','127.0.0.1','内网IP','Chrome 12','Windows 10','0','退出成功','2024-07-09 01:36:08'),(218,'admin','127.0.0.1','内网IP','Chrome 12','Windows 10','0','登录成功','2024-07-09 01:36:17'),(219,'admin','127.0.0.1','内网IP','Chrome 12','Windows 10','0','退出成功','2024-07-09 01:51:57'),(220,'Tim','127.0.0.1','内网IP','Chrome 12','Windows 10','0','登录成功','2024-07-09 01:52:11'),(221,'Tim','127.0.0.1','内网IP','Chrome 12','Windows 10','0','退出成功','2024-07-09 01:53:28'),(222,'admin','127.0.0.1','内网IP','Chrome 12','Windows 10','0','登录成功','2024-07-09 01:53:33'),(223,'admin','127.0.0.1','内网IP','Chrome 12','Windows 10','0','退出成功','2024-07-09 02:08:34'),(224,'test','127.0.0.1','内网IP','Chrome 12','Windows 10','0','登录成功','2024-07-09 02:08:48'),(225,'test','127.0.0.1','内网IP','Chrome 12','Windows 10','0','退出成功','2024-07-09 02:09:49'),(226,'admin','127.0.0.1','内网IP','Chrome 12','Windows 10','0','登录成功','2024-07-09 02:10:00'),(227,'admin','127.0.0.1','内网IP','Chrome 12','Windows 10','0','登录成功','2024-07-09 03:43:50'),(228,'admin','127.0.0.1','内网IP','Chrome 12','Windows 10','0','退出成功','2024-07-09 04:30:42'),(229,'383842','127.0.0.1','内网IP','Chrome 12','Windows 10','0','登录成功','2024-07-09 04:31:20'),(230,'383842','127.0.0.1','内网IP','Chrome 12','Windows 10','0','退出成功','2024-07-09 04:32:10'),(231,'Anna','127.0.0.1','内网IP','Chrome 12','Windows 10','0','登录成功','2024-07-09 04:32:38'),(232,'Anna','127.0.0.1','内网IP','Chrome 12','Windows 10','0','退出成功','2024-07-09 04:56:54'),(233,'admin','127.0.0.1','内网IP','Chrome 12','Windows 10','0','登录成功','2024-07-09 04:57:04'),(234,'admin','127.0.0.1','内网IP','Chrome 12','Windows 10','0','退出成功','2024-07-09 05:36:52'),(235,'Poul','127.0.0.1','内网IP','Chrome 12','Windows 10','0','登录成功','2024-07-09 05:37:03'),(236,'Poul','127.0.0.1','内网IP','Chrome 12','Windows 10','0','退出成功','2024-07-09 05:38:24'),(237,'admin','127.0.0.1','内网IP','Chrome 12','Windows 10','0','登录成功','2024-07-09 05:38:30');
/*!40000 ALTER TABLE `sys_logininfor` ENABLE KEYS */;
UNLOCK TABLES;

--
-- Table structure for table `sys_menu`
--

DROP TABLE IF EXISTS `sys_menu`;
/*!40101 SET @saved_cs_client     = @@character_set_client */;
/*!50503 SET character_set_client = utf8mb4 */;
CREATE TABLE `sys_menu` (
  `menu_id` bigint NOT NULL AUTO_INCREMENT COMMENT '菜单ID',
  `menu_name` varchar(50) CHARACTER SET utf8mb4 COLLATE utf8mb4_0900_ai_ci NOT NULL COMMENT '菜单名称',
  `parent_id` bigint DEFAULT '0' COMMENT '父菜单ID',
  `order_num` int DEFAULT '0' COMMENT '显示顺序',
  `path` varchar(200) CHARACTER SET utf8mb4 COLLATE utf8mb4_0900_ai_ci DEFAULT '' COMMENT '路由地址',
  `component` varchar(255) CHARACTER SET utf8mb4 COLLATE utf8mb4_0900_ai_ci DEFAULT NULL COMMENT '组件路径',
  `query` varchar(255) CHARACTER SET utf8mb4 COLLATE utf8mb4_0900_ai_ci DEFAULT NULL COMMENT '路由参数',
  `is_frame` int DEFAULT '1' COMMENT '是否为外链（0是 1否）',
  `is_cache` int DEFAULT '0' COMMENT '是否缓存（0缓存 1不缓存）',
  `menu_type` char(1) CHARACTER SET utf8mb4 COLLATE utf8mb4_0900_ai_ci DEFAULT '' COMMENT '菜单类型（M目录 C菜单 F按钮）',
  `visible` char(1) CHARACTER SET utf8mb4 COLLATE utf8mb4_0900_ai_ci DEFAULT '0' COMMENT '菜单状态（0显示 1隐藏）',
  `status` char(1) CHARACTER SET utf8mb4 COLLATE utf8mb4_0900_ai_ci DEFAULT '0' COMMENT '菜单状态（0正常 1停用）',
  `perms` varchar(100) CHARACTER SET utf8mb4 COLLATE utf8mb4_0900_ai_ci DEFAULT NULL COMMENT '权限标识',
  `icon` varchar(100) CHARACTER SET utf8mb4 COLLATE utf8mb4_0900_ai_ci DEFAULT '#' COMMENT '菜单图标',
  `create_by` varchar(64) CHARACTER SET utf8mb4 COLLATE utf8mb4_0900_ai_ci DEFAULT '' COMMENT '创建者',
  `create_time` datetime DEFAULT NULL COMMENT '创建时间',
  `update_by` varchar(64) CHARACTER SET utf8mb4 COLLATE utf8mb4_0900_ai_ci DEFAULT '' COMMENT '更新者',
  `update_time` datetime DEFAULT NULL COMMENT '更新时间',
  `remark` varchar(500) CHARACTER SET utf8mb4 COLLATE utf8mb4_0900_ai_ci DEFAULT '' COMMENT '备注',
  PRIMARY KEY (`menu_id`) USING BTREE
) ENGINE=InnoDB AUTO_INCREMENT=2059 DEFAULT CHARSET=utf8mb4 COLLATE=utf8mb4_0900_ai_ci ROW_FORMAT=DYNAMIC COMMENT='菜单权限表';
/*!40101 SET character_set_client = @saved_cs_client */;

--
-- Dumping data for table `sys_menu`
--

LOCK TABLES `sys_menu` WRITE;
/*!40000 ALTER TABLE `sys_menu` DISABLE KEYS */;
INSERT INTO `sys_menu` VALUES (1,'系统管理',0,2,'system',NULL,'',1,0,'M','0','0','','system','admin','2024-05-31 23:32:47','admin','2024-07-08 00:37:06','系统管理目录'),(2,'系统监控',0,3,'monitor',NULL,'',1,0,'M','0','0','','monitor','admin','2024-05-31 23:32:47','admin','2024-07-08 00:37:13','系统监控目录'),(3,'系统工具',0,4,'tool',NULL,'',1,0,'M','0','0','','tool','admin','2024-05-31 23:32:47','admin','2024-07-08 00:37:24','系统工具目录'),(100,'用户管理',1,1,'user','system/user/index','',1,0,'C','0','0','system:user:list','user','admin','2024-05-31 23:32:47','',NULL,'用户管理菜单'),(101,'角色管理',1,2,'role','system/role/index','',1,0,'C','0','0','system:role:list','peoples','admin','2024-05-31 23:32:47','',NULL,'角色管理菜单'),(102,'菜单管理',1,3,'menu','system/menu/index','',1,0,'C','0','0','system:menu:list','tree-table','admin','2024-05-31 23:32:47','',NULL,'菜单管理菜单'),(103,'部门管理',1,4,'dept','system/dept/index','',1,0,'C','0','0','system:dept:list','tree','admin','2024-05-31 23:32:47','',NULL,'部门管理菜单'),(104,'岗位管理',1,5,'post','system/post/index','',1,0,'C','0','0','system:post:list','post','admin','2024-05-31 23:32:47','',NULL,'岗位管理菜单'),(105,'字典管理',1,6,'dict','system/dict/index','',1,0,'C','0','0','system:dict:list','dict','admin','2024-05-31 23:32:47','',NULL,'字典管理菜单'),(106,'参数设置',1,7,'config','system/config/index','',1,0,'C','0','0','system:config:list','edit','admin','2024-05-31 23:32:47','',NULL,'参数设置菜单'),(107,'通知公告',1,8,'notice','system/notice/index','',1,0,'C','0','0','system:notice:list','message','admin','2024-05-31 23:32:47','',NULL,'通知公告菜单'),(108,'日志管理',1,9,'log','','',1,0,'M','0','0','','log','admin','2024-05-31 23:32:47','',NULL,'日志管理菜单'),(109,'在线用户',2,1,'online','monitor/online/index','',1,0,'C','0','0','monitor:online:list','online','admin','2024-05-31 23:32:47','',NULL,'在线用户菜单'),(110,'定时任务',2,2,'job','monitor/job/index','',1,0,'C','0','0','monitor:job:list','job','admin','2024-05-31 23:32:47','',NULL,'定时任务菜单'),(111,'数据监控',2,3,'druid','monitor/druid/index','',1,0,'C','0','0','monitor:druid:list','druid','admin','2024-05-31 23:32:47','',NULL,'数据监控菜单'),(112,'服务监控',2,4,'server','monitor/server/index','',1,0,'C','0','0','monitor:server:list','server','admin','2024-05-31 23:32:47','',NULL,'服务监控菜单'),(113,'缓存监控',2,5,'cache','monitor/cache/index','',1,0,'C','0','0','monitor:cache:list','redis','admin','2024-05-31 23:32:47','',NULL,'缓存监控菜单'),(114,'缓存列表',2,6,'cacheList','monitor/cache/list','',1,0,'C','0','0','monitor:cache:list','redis-list','admin','2024-05-31 23:32:47','',NULL,'缓存列表菜单'),(115,'表单构建',3,1,'build','tool/build/index','',1,0,'C','0','0','tool:build:list','build','admin','2024-05-31 23:32:47','',NULL,'表单构建菜单'),(116,'代码生成',3,2,'gen','tool/gen/index','',1,0,'C','0','0','tool:gen:list','code','admin','2024-05-31 23:32:47','',NULL,'代码生成菜单'),(117,'系统接口',3,3,'swagger','tool/swagger/index','',1,0,'C','0','0','tool:swagger:list','swagger','admin','2024-05-31 23:32:47','',NULL,'系统接口菜单'),(500,'操作日志',108,1,'operlog','monitor/operlog/index','',1,0,'C','0','0','monitor:operlog:list','form','admin','2024-05-31 23:32:47','',NULL,'操作日志菜单'),(501,'登录日志',108,2,'logininfor','monitor/logininfor/index','',1,0,'C','0','0','monitor:logininfor:list','logininfor','admin','2024-05-31 23:32:47','',NULL,'登录日志菜单'),(1000,'用户查询',100,1,'','','',1,0,'F','0','0','system:user:query','#','admin','2024-05-31 23:32:47','',NULL,''),(1001,'用户新增',100,2,'','','',1,0,'F','0','0','system:user:add','#','admin','2024-05-31 23:32:47','',NULL,''),(1002,'用户修改',100,3,'','','',1,0,'F','0','0','system:user:edit','#','admin','2024-05-31 23:32:47','',NULL,''),(1003,'用户删除',100,4,'','','',1,0,'F','0','0','system:user:remove','#','admin','2024-05-31 23:32:47','',NULL,''),(1004,'用户导出',100,5,'','','',1,0,'F','0','0','system:user:export','#','admin','2024-05-31 23:32:47','',NULL,''),(1005,'用户导入',100,6,'','','',1,0,'F','0','0','system:user:import','#','admin','2024-05-31 23:32:47','',NULL,''),(1006,'重置密码',100,7,'','','',1,0,'F','0','0','system:user:resetPwd','#','admin','2024-05-31 23:32:47','',NULL,''),(1007,'角色查询',101,1,'','','',1,0,'F','0','0','system:role:query','#','admin','2024-05-31 23:32:47','',NULL,''),(1008,'角色新增',101,2,'','','',1,0,'F','0','0','system:role:add','#','admin','2024-05-31 23:32:47','',NULL,''),(1009,'角色修改',101,3,'','','',1,0,'F','0','0','system:role:edit','#','admin','2024-05-31 23:32:47','',NULL,''),(1010,'角色删除',101,4,'','','',1,0,'F','0','0','system:role:remove','#','admin','2024-05-31 23:32:47','',NULL,''),(1011,'角色导出',101,5,'','','',1,0,'F','0','0','system:role:export','#','admin','2024-05-31 23:32:47','',NULL,''),(1012,'菜单查询',102,1,'','','',1,0,'F','0','0','system:menu:query','#','admin','2024-05-31 23:32:47','',NULL,''),(1013,'菜单新增',102,2,'','','',1,0,'F','0','0','system:menu:add','#','admin','2024-05-31 23:32:47','',NULL,''),(1014,'菜单修改',102,3,'','','',1,0,'F','0','0','system:menu:edit','#','admin','2024-05-31 23:32:47','',NULL,''),(1015,'菜单删除',102,4,'','','',1,0,'F','0','0','system:menu:remove','#','admin','2024-05-31 23:32:47','',NULL,''),(1016,'部门查询',103,1,'','','',1,0,'F','0','0','system:dept:query','#','admin','2024-05-31 23:32:47','',NULL,''),(1017,'部门新增',103,2,'','','',1,0,'F','0','0','system:dept:add','#','admin','2024-05-31 23:32:47','',NULL,''),(1018,'部门修改',103,3,'','','',1,0,'F','0','0','system:dept:edit','#','admin','2024-05-31 23:32:47','',NULL,''),(1019,'部门删除',103,4,'','','',1,0,'F','0','0','system:dept:remove','#','admin','2024-05-31 23:32:47','',NULL,''),(1020,'岗位查询',104,1,'','','',1,0,'F','0','0','system:post:query','#','admin','2024-05-31 23:32:47','',NULL,''),(1021,'岗位新增',104,2,'','','',1,0,'F','0','0','system:post:add','#','admin','2024-05-31 23:32:47','',NULL,''),(1022,'岗位修改',104,3,'','','',1,0,'F','0','0','system:post:edit','#','admin','2024-05-31 23:32:47','',NULL,''),(1023,'岗位删除',104,4,'','','',1,0,'F','0','0','system:post:remove','#','admin','2024-05-31 23:32:47','',NULL,''),(1024,'岗位导出',104,5,'','','',1,0,'F','0','0','system:post:export','#','admin','2024-05-31 23:32:47','',NULL,''),(1025,'字典查询',105,1,'#','','',1,0,'F','0','0','system:dict:query','#','admin','2024-05-31 23:32:47','',NULL,''),(1026,'字典新增',105,2,'#','','',1,0,'F','0','0','system:dict:add','#','admin','2024-05-31 23:32:47','',NULL,''),(1027,'字典修改',105,3,'#','','',1,0,'F','0','0','system:dict:edit','#','admin','2024-05-31 23:32:47','',NULL,''),(1028,'字典删除',105,4,'#','','',1,0,'F','0','0','system:dict:remove','#','admin','2024-05-31 23:32:47','',NULL,''),(1029,'字典导出',105,5,'#','','',1,0,'F','0','0','system:dict:export','#','admin','2024-05-31 23:32:47','',NULL,''),(1030,'参数查询',106,1,'#','','',1,0,'F','0','0','system:config:query','#','admin','2024-05-31 23:32:47','',NULL,''),(1031,'参数新增',106,2,'#','','',1,0,'F','0','0','system:config:add','#','admin','2024-05-31 23:32:47','',NULL,''),(1032,'参数修改',106,3,'#','','',1,0,'F','0','0','system:config:edit','#','admin','2024-05-31 23:32:47','',NULL,''),(1033,'参数删除',106,4,'#','','',1,0,'F','0','0','system:config:remove','#','admin','2024-05-31 23:32:47','',NULL,''),(1034,'参数导出',106,5,'#','','',1,0,'F','0','0','system:config:export','#','admin','2024-05-31 23:32:47','',NULL,''),(1035,'公告查询',107,1,'#','','',1,0,'F','0','0','system:notice:query','#','admin','2024-05-31 23:32:47','',NULL,''),(1036,'公告新增',107,2,'#','','',1,0,'F','0','0','system:notice:add','#','admin','2024-05-31 23:32:47','',NULL,''),(1037,'公告修改',107,3,'#','','',1,0,'F','0','0','system:notice:edit','#','admin','2024-05-31 23:32:47','',NULL,''),(1038,'公告删除',107,4,'#','','',1,0,'F','0','0','system:notice:remove','#','admin','2024-05-31 23:32:47','',NULL,''),(1039,'操作查询',500,1,'#','','',1,0,'F','0','0','monitor:operlog:query','#','admin','2024-05-31 23:32:47','',NULL,''),(1040,'操作删除',500,2,'#','','',1,0,'F','0','0','monitor:operlog:remove','#','admin','2024-05-31 23:32:47','',NULL,''),(1041,'日志导出',500,3,'#','','',1,0,'F','0','0','monitor:operlog:export','#','admin','2024-05-31 23:32:47','',NULL,''),(1042,'登录查询',501,1,'#','','',1,0,'F','0','0','monitor:logininfor:query','#','admin','2024-05-31 23:32:47','',NULL,''),(1043,'登录删除',501,2,'#','','',1,0,'F','0','0','monitor:logininfor:remove','#','admin','2024-05-31 23:32:47','',NULL,''),(1044,'日志导出',501,3,'#','','',1,0,'F','0','0','monitor:logininfor:export','#','admin','2024-05-31 23:32:47','',NULL,''),(1045,'账户解锁',501,4,'#','','',1,0,'F','0','0','monitor:logininfor:unlock','#','admin','2024-05-31 23:32:47','',NULL,''),(1046,'在线查询',109,1,'#','','',1,0,'F','0','0','monitor:online:query','#','admin','2024-05-31 23:32:47','',NULL,''),(1047,'批量强退',109,2,'#','','',1,0,'F','0','0','monitor:online:batchLogout','#','admin','2024-05-31 23:32:47','',NULL,''),(1048,'单条强退',109,3,'#','','',1,0,'F','0','0','monitor:online:forceLogout','#','admin','2024-05-31 23:32:47','',NULL,''),(1049,'任务查询',110,1,'#','','',1,0,'F','0','0','monitor:job:query','#','admin','2024-05-31 23:32:47','',NULL,''),(1050,'任务新增',110,2,'#','','',1,0,'F','0','0','monitor:job:add','#','admin','2024-05-31 23:32:47','',NULL,''),(1051,'任务修改',110,3,'#','','',1,0,'F','0','0','monitor:job:edit','#','admin','2024-05-31 23:32:47','',NULL,''),(1052,'任务删除',110,4,'#','','',1,0,'F','0','0','monitor:job:remove','#','admin','2024-05-31 23:32:47','',NULL,''),(1053,'状态修改',110,5,'#','','',1,0,'F','0','0','monitor:job:changeStatus','#','admin','2024-05-31 23:32:47','',NULL,''),(1054,'任务导出',110,6,'#','','',1,0,'F','0','0','monitor:job:export','#','admin','2024-05-31 23:32:47','',NULL,''),(1055,'生成查询',116,1,'#','','',1,0,'F','0','0','tool:gen:query','#','admin','2024-05-31 23:32:47','',NULL,''),(1056,'生成修改',116,2,'#','','',1,0,'F','0','0','tool:gen:edit','#','admin','2024-05-31 23:32:47','',NULL,''),(1057,'生成删除',116,3,'#','','',1,0,'F','0','0','tool:gen:remove','#','admin','2024-05-31 23:32:47','',NULL,''),(1058,'导入代码',116,4,'#','','',1,0,'F','0','0','tool:gen:import','#','admin','2024-05-31 23:32:47','',NULL,''),(1059,'预览代码',116,5,'#','','',1,0,'F','0','0','tool:gen:preview','#','admin','2024-05-31 23:32:47','',NULL,''),(1060,'生成代码',116,6,'#','','',1,0,'F','0','0','tool:gen:code','#','admin','2024-05-31 23:32:47','',NULL,''),(2000,'成绩分析',0,1,'tm',NULL,NULL,1,0,'M','0','0','','chart','admin','2024-06-12 19:09:17','admin','2024-07-08 00:36:59',''),(2001,'成绩',2000,0,'score','tm/score/index',NULL,1,0,'C','0','0','tm:score:list','#','admin','2024-06-12 19:10:25','admin','2024-07-09 00:51:23',''),(2003,'学生信息',2000,1,'info','tm/info/index',NULL,1,0,'C','0','0','tm:info:list','#','admin','2024-06-18 13:48:44','admin','2024-07-05 18:56:38','Student菜单'),(2004,'Student查询',2003,1,'#','',NULL,1,0,'F','0','0','system:info:query','#','admin','2024-06-18 13:48:44','',NULL,''),(2005,'Student新增',2003,2,'#','',NULL,1,0,'F','0','0','system:info:add','#','admin','2024-06-18 13:48:44','',NULL,''),(2006,'Student修改',2003,3,'#','',NULL,1,0,'F','0','0','system:info:edit','#','admin','2024-06-18 13:48:44','',NULL,''),(2007,'Student删除',2003,4,'#','',NULL,1,0,'F','0','0','system:info:remove','#','admin','2024-06-18 13:48:44','',NULL,''),(2008,'Student导出',2003,5,'#','',NULL,1,0,'F','0','0','system:info:export','#','admin','2024-06-18 13:48:44','',NULL,''),(2009,'专业',2000,1,'major','tm/major/index',NULL,1,0,'C','0','0','tm:major:list','#','admin','2024-07-06 07:46:41','',NULL,'专业菜单'),(2010,'专业查询',2009,1,'#','',NULL,1,0,'F','0','0','tm:major:query','#','admin','2024-07-06 07:46:41','',NULL,''),(2011,'专业新增',2009,2,'#','',NULL,1,0,'F','0','0','tm:major:add','#','admin','2024-07-06 07:46:41','',NULL,''),(2012,'专业修改',2009,3,'#','',NULL,1,0,'F','0','0','tm:major:edit','#','admin','2024-07-06 07:46:41','',NULL,''),(2013,'专业删除',2009,4,'#','',NULL,1,0,'F','0','0','tm:major:remove','#','admin','2024-07-06 07:46:41','',NULL,''),(2014,'专业导出',2009,5,'#','',NULL,1,0,'F','0','0','tm:major:export','#','admin','2024-07-06 07:46:41','',NULL,''),(2015,'教师信息',2000,1,'teacher','tm/teacher/index',NULL,1,0,'C','0','0','tm:teacher:list','#','admin','2024-07-06 08:10:08','admin','2024-07-06 08:10:50','教师信息菜单'),(2016,'教师信息查询',2015,1,'#','',NULL,1,0,'F','0','0','tm:teacher:query','#','admin','2024-07-06 08:10:08','',NULL,''),(2017,'教师信息新增',2015,2,'#','',NULL,1,0,'F','0','0','tm:teacher:add','#','admin','2024-07-06 08:10:08','',NULL,''),(2018,'教师信息修改',2015,3,'#','',NULL,1,0,'F','0','0','tm:teacher:edit','#','admin','2024-07-06 08:10:08','',NULL,''),(2019,'教师信息删除',2015,4,'#','',NULL,1,0,'F','0','0','tm:teacher:remove','#','admin','2024-07-06 08:10:08','',NULL,''),(2020,'教师信息导出',2015,5,'#','',NULL,1,0,'F','0','0','tm:teacher:export','#','admin','2024-07-06 08:10:08','',NULL,''),(2021,'选课',2000,1,'choose','tm/choose/index',NULL,1,0,'C','0','0','tm:choose:list','#','admin','2024-07-06 08:14:21','admin','2024-07-06 08:15:54','选课菜单'),(2022,'选课查询',2021,1,'#','',NULL,1,0,'F','0','0','tm:choose:query','#','admin','2024-07-06 08:14:21','',NULL,''),(2023,'选课新增',2021,2,'#','',NULL,1,0,'F','0','0','tm:choose:add','#','admin','2024-07-06 08:14:21','',NULL,''),(2024,'选课修改',2021,3,'#','',NULL,1,0,'F','0','0','tm:choose:edit','#','admin','2024-07-06 08:14:21','',NULL,''),(2025,'选课删除',2021,4,'#','',NULL,1,0,'F','0','0','tm:choose:remove','#','admin','2024-07-06 08:14:21','',NULL,''),(2026,'选课导出',2021,5,'#','',NULL,1,0,'F','0','0','tm:choose:export','#','admin','2024-07-06 08:14:21','',NULL,''),(2027,'管理员首页',0,0,'indexTM','indexTM',NULL,1,0,'C','0','0','','people','admin','2024-07-06 20:11:09','admin','2024-07-08 14:12:08',''),(2028,'课程信息',2000,1,'Course','tm/Course/index',NULL,1,0,'C','0','0','tm:Course:list','#','admin','2024-07-07 14:36:32','admin','2024-07-08 10:23:30','课程信息菜单'),(2029,'课程信息查询',2028,1,'#','',NULL,1,0,'F','0','0','tm:Course:query','#','admin','2024-07-07 14:36:32','',NULL,''),(2030,'课程信息新增',2028,2,'#','',NULL,1,0,'F','0','0','tm:Course:add','#','admin','2024-07-07 14:36:32','',NULL,''),(2031,'课程信息修改',2028,3,'#','',NULL,1,0,'F','0','0','tm:Course:edit','#','admin','2024-07-07 14:36:32','',NULL,''),(2032,'课程信息删除',2028,4,'#','',NULL,1,0,'F','0','0','tm:Course:remove','#','admin','2024-07-07 14:36:32','',NULL,''),(2033,'课程信息导出',2028,5,'#','',NULL,1,0,'F','0','0','tm:Course:export','#','admin','2024-07-07 14:36:32','',NULL,''),(2034,'成绩查询',2001,1,'',NULL,NULL,1,0,'F','0','0','tm:score:query','#','admin','2024-07-08 00:42:04','',NULL,''),(2035,'成绩新增',2001,2,'',NULL,NULL,1,0,'F','0','0','tm:score:add','#','admin','2024-07-08 00:42:30','',NULL,''),(2036,'成绩修改',2001,3,'',NULL,NULL,1,0,'F','0','0','tm:score:edit','#','admin','2024-07-08 00:42:53','',NULL,''),(2037,'成绩删除',2001,4,'',NULL,NULL,1,0,'F','0','0','tm:score:remove','#','admin','2024-07-08 00:43:43','',NULL,''),(2038,'成绩导出',2001,5,'',NULL,NULL,1,0,'F','0','0','tm:score:export','#','admin','2024-07-08 00:44:15','',NULL,''),(2039,'成绩导入',2001,6,'',NULL,NULL,1,0,'F','0','0','tm:score:import','#','admin','2024-07-08 00:44:56','',NULL,''),(2040,'教师首页',0,0,'normal_teacher','normal_teacher',NULL,1,0,'C','0','0',NULL,'education','admin','2024-07-08 14:13:44','',NULL,''),(2041,'班主任首页',0,0,'teacher_welcome','teacher_welcome',NULL,1,0,'C','0','0',NULL,'education','admin','2024-07-08 14:14:14','',NULL,''),(2042,'学生首页',0,0,'index','index',NULL,1,0,'C','0','0',NULL,'people','admin','2024-07-08 14:14:44','',NULL,''),(2043,'班级信息',2000,1,'Class','tm/Class/index',NULL,1,0,'C','0','0','tm:Class:list','#','admin','2024-07-08 15:39:48','',NULL,'班级信息菜单'),(2044,'班级信息查询',2043,1,'#','',NULL,1,0,'F','0','0','tm:Class:query','#','admin','2024-07-08 15:39:48','',NULL,''),(2045,'班级信息新增',2043,2,'#','',NULL,1,0,'F','0','0','tm:Class:add','#','admin','2024-07-08 15:39:48','',NULL,''),(2046,'班级信息修改',2043,3,'#','',NULL,1,0,'F','0','0','tm:Class:edit','#','admin','2024-07-08 15:39:48','',NULL,''),(2047,'班级信息删除',2043,4,'#','',NULL,1,0,'F','0','0','tm:Class:remove','#','admin','2024-07-08 15:39:48','',NULL,''),(2048,'班级信息导出',2043,5,'#','',NULL,1,0,'F','0','0','tm:Class:export','#','admin','2024-07-08 15:39:48','',NULL,''),(2049,'Student导入',2003,6,'',NULL,NULL,1,0,'F','0','0','system:info:import','#','admin','2024-07-09 00:50:45','',NULL,''),(2050,'专业导入',2009,6,'',NULL,NULL,1,0,'F','0','0','tm:major:import','#','admin','2024-07-09 00:55:50','admin','2024-07-09 00:56:03',''),(2051,'教师信息导入',2015,6,'',NULL,NULL,1,0,'F','0','0','tm:teacher:import','#','admin','2024-07-09 00:56:38','',NULL,''),(2052,'选课导入',2021,6,'',NULL,NULL,1,0,'F','0','0','tm:choose:import','#','admin','2024-07-09 00:59:05','',NULL,''),(2053,'课程信息导入',2028,6,'',NULL,NULL,1,0,'F','0','0','tm:Course:import','#','admin','2024-07-09 01:00:31','',NULL,''),(2054,'班级信息导入',2043,6,'',NULL,NULL,1,0,'F','0','0','tm:Class:import','#','admin','2024-07-09 01:03:48','',NULL,''),(2056,'学生成绩',2000,0,'stuscore','tm/score/stuindex',NULL,1,0,'C','0','0','tm:score:list','#','admin','2024-07-09 01:43:02','',NULL,''),(2057,'学生成绩查询',2056,0,'',NULL,NULL,1,0,'F','0','0','tm:score:query','#','admin','2024-07-09 01:58:20','',NULL,''),(2058,'学生成绩详情',2056,1,'',NULL,NULL,1,0,'F','0','0','tm:score:detail','#','admin','2024-07-09 01:59:08','',NULL,'');
/*!40000 ALTER TABLE `sys_menu` ENABLE KEYS */;
UNLOCK TABLES;

--
-- Table structure for table `sys_notice`
--

DROP TABLE IF EXISTS `sys_notice`;
/*!40101 SET @saved_cs_client     = @@character_set_client */;
/*!50503 SET character_set_client = utf8mb4 */;
CREATE TABLE `sys_notice` (
  `notice_id` int NOT NULL AUTO_INCREMENT COMMENT '公告ID',
  `notice_title` varchar(50) CHARACTER SET utf8mb4 COLLATE utf8mb4_0900_ai_ci NOT NULL COMMENT '公告标题',
  `notice_type` char(1) CHARACTER SET utf8mb4 COLLATE utf8mb4_0900_ai_ci NOT NULL COMMENT '公告类型（1通知 2公告）',
  `notice_content` longblob COMMENT '公告内容',
  `status` char(1) CHARACTER SET utf8mb4 COLLATE utf8mb4_0900_ai_ci DEFAULT '0' COMMENT '公告状态（0正常 1关闭）',
  `create_by` varchar(64) CHARACTER SET utf8mb4 COLLATE utf8mb4_0900_ai_ci DEFAULT '' COMMENT '创建者',
  `create_time` datetime DEFAULT NULL COMMENT '创建时间',
  `update_by` varchar(64) CHARACTER SET utf8mb4 COLLATE utf8mb4_0900_ai_ci DEFAULT '' COMMENT '更新者',
  `update_time` datetime DEFAULT NULL COMMENT '更新时间',
  `remark` varchar(255) CHARACTER SET utf8mb4 COLLATE utf8mb4_0900_ai_ci DEFAULT NULL COMMENT '备注',
  PRIMARY KEY (`notice_id`) USING BTREE
) ENGINE=InnoDB AUTO_INCREMENT=10 DEFAULT CHARSET=utf8mb4 COLLATE=utf8mb4_0900_ai_ci ROW_FORMAT=DYNAMIC COMMENT='通知公告表';
/*!40101 SET character_set_client = @saved_cs_client */;

--
-- Dumping data for table `sys_notice`
--

LOCK TABLES `sys_notice` WRITE;
/*!40000 ALTER TABLE `sys_notice` DISABLE KEYS */;
INSERT INTO `sys_notice` VALUES (1,'温馨提醒：2018-07-01 若依新版本发布啦','2',_binary '新版本内容','0','admin','2024-05-31 23:32:48','',NULL,'管理员'),(2,'维护通知：2018-07-01 若依系统凌晨维护','1',_binary '维护内容','0','admin','2024-05-31 23:32:48','',NULL,'管理员');
/*!40000 ALTER TABLE `sys_notice` ENABLE KEYS */;
UNLOCK TABLES;

--
-- Table structure for table `sys_oper_log`
--

DROP TABLE IF EXISTS `sys_oper_log`;
/*!40101 SET @saved_cs_client     = @@character_set_client */;
/*!50503 SET character_set_client = utf8mb4 */;
CREATE TABLE `sys_oper_log` (
  `oper_id` bigint NOT NULL AUTO_INCREMENT COMMENT '日志主键',
  `title` varchar(50) CHARACTER SET utf8mb4 COLLATE utf8mb4_0900_ai_ci DEFAULT '' COMMENT '模块标题',
  `business_type` int DEFAULT '0' COMMENT '业务类型（0其它 1新增 2修改 3删除）',
  `method` varchar(100) CHARACTER SET utf8mb4 COLLATE utf8mb4_0900_ai_ci DEFAULT '' COMMENT '方法名称',
  `request_method` varchar(10) CHARACTER SET utf8mb4 COLLATE utf8mb4_0900_ai_ci DEFAULT '' COMMENT '请求方式',
  `operator_type` int DEFAULT '0' COMMENT '操作类别（0其它 1后台用户 2手机端用户）',
  `oper_name` varchar(50) CHARACTER SET utf8mb4 COLLATE utf8mb4_0900_ai_ci DEFAULT '' COMMENT '操作人员',
  `dept_name` varchar(50) CHARACTER SET utf8mb4 COLLATE utf8mb4_0900_ai_ci DEFAULT '' COMMENT '部门名称',
  `oper_url` varchar(255) CHARACTER SET utf8mb4 COLLATE utf8mb4_0900_ai_ci DEFAULT '' COMMENT '请求URL',
  `oper_ip` varchar(128) CHARACTER SET utf8mb4 COLLATE utf8mb4_0900_ai_ci DEFAULT '' COMMENT '主机地址',
  `oper_location` varchar(255) CHARACTER SET utf8mb4 COLLATE utf8mb4_0900_ai_ci DEFAULT '' COMMENT '操作地点',
  `oper_param` varchar(2000) CHARACTER SET utf8mb4 COLLATE utf8mb4_0900_ai_ci DEFAULT '' COMMENT '请求参数',
  `json_result` varchar(2000) CHARACTER SET utf8mb4 COLLATE utf8mb4_0900_ai_ci DEFAULT '' COMMENT '返回参数',
  `status` int DEFAULT '0' COMMENT '操作状态（0正常 1异常）',
  `error_msg` varchar(2000) CHARACTER SET utf8mb4 COLLATE utf8mb4_0900_ai_ci DEFAULT '' COMMENT '错误消息',
  `oper_time` datetime DEFAULT NULL COMMENT '操作时间',
  `cost_time` bigint DEFAULT '0' COMMENT '消耗时间',
  PRIMARY KEY (`oper_id`) USING BTREE,
  KEY `idx_sys_oper_log_bt` (`business_type`) USING BTREE,
  KEY `idx_sys_oper_log_s` (`status`) USING BTREE,
  KEY `idx_sys_oper_log_ot` (`oper_time`) USING BTREE
) ENGINE=InnoDB AUTO_INCREMENT=320 DEFAULT CHARSET=utf8mb4 COLLATE=utf8mb4_0900_ai_ci ROW_FORMAT=DYNAMIC COMMENT='操作日志记录';
/*!40101 SET character_set_client = @saved_cs_client */;

--
-- Dumping data for table `sys_oper_log`
--

LOCK TABLES `sys_oper_log` WRITE;
/*!40000 ALTER TABLE `sys_oper_log` DISABLE KEYS */;
INSERT INTO `sys_oper_log` VALUES (100,'用户管理',1,'com.ruoyi.web.controller.system.SysUserController.add()','POST',1,'admin','研发部门','/system/user','127.0.0.1','内网IP','{\"admin\":false,\"createBy\":\"admin\",\"deptId\":104,\"email\":\"15@qq.com\",\"nickName\":\"苏某\",\"params\":{},\"phonenumber\":\"15016248165\",\"postIds\":[4],\"roleIds\":[2],\"sex\":\"0\",\"status\":\"0\",\"userId\":100,\"userName\":\"苏某人\"}','{\"msg\":\"操作成功\",\"code\":200}',0,NULL,'2024-06-01 19:39:51',86),(101,'用户管理',1,'com.ruoyi.web.controller.system.SysUserController.add()','POST',1,'admin','研发部门','/system/user','127.0.0.1','内网IP','{\"admin\":false,\"createBy\":\"admin\",\"deptId\":104,\"email\":\"156@qq.com\",\"nickName\":\"吴某\",\"params\":{},\"phonenumber\":\"15094826584\",\"postIds\":[4],\"roleIds\":[2],\"sex\":\"0\",\"status\":\"0\",\"userId\":101,\"userName\":\"吴某人\"}','{\"msg\":\"操作成功\",\"code\":200}',0,NULL,'2024-06-01 19:40:49',74),(102,'代码生成',6,'com.ruoyi.generator.controller.GenController.importTableSave()','POST',1,'admin','研发部门','/tool/gen/importTable','127.0.0.1','内网IP','{\"tables\":\"stu_info\"}','{\"msg\":\"操作成功\",\"code\":200}',0,NULL,'2024-06-18 11:04:33',76),(103,'代码生成',2,'com.ruoyi.generator.controller.GenController.editSave()','PUT',1,'admin','研发部门','/tool/gen','127.0.0.1','内网IP','{\"businessName\":\"info\",\"className\":\"StuInfo\",\"columns\":[{\"capJavaField\":\"Id\",\"columnComment\":\"学生id\",\"columnId\":1,\"columnName\":\"id\",\"columnType\":\"int\",\"createBy\":\"admin\",\"createTime\":\"2024-06-18 11:04:33\",\"dictType\":\"\",\"edit\":false,\"htmlType\":\"input\",\"increment\":false,\"insert\":true,\"isIncrement\":\"0\",\"isInsert\":\"1\",\"isPk\":\"1\",\"isRequired\":\"0\",\"javaField\":\"id\",\"javaType\":\"Long\",\"list\":false,\"params\":{},\"pk\":true,\"query\":false,\"queryType\":\"EQ\",\"required\":false,\"sort\":1,\"superColumn\":false,\"tableId\":1,\"updateBy\":\"\",\"usableColumn\":false},{\"capJavaField\":\"Name\",\"columnComment\":\"学生姓名\",\"columnId\":2,\"columnName\":\"name\",\"columnType\":\"varchar(45)\",\"createBy\":\"admin\",\"createTime\":\"2024-06-18 11:04:33\",\"dictType\":\"\",\"edit\":true,\"htmlType\":\"input\",\"increment\":false,\"insert\":true,\"isEdit\":\"1\",\"isIncrement\":\"0\",\"isInsert\":\"1\",\"isList\":\"1\",\"isPk\":\"0\",\"isQuery\":\"1\",\"isRequired\":\"1\",\"javaField\":\"name\",\"javaType\":\"String\",\"list\":true,\"params\":{},\"pk\":false,\"query\":true,\"queryType\":\"LIKE\",\"required\":true,\"sort\":2,\"superColumn\":false,\"tableId\":1,\"updateBy\":\"\",\"usableColumn\":false},{\"capJavaField\":\"Sex\",\"columnComment\":\"学生性别\",\"columnId\":3,\"columnName\":\"sex\",\"columnType\":\"int\",\"createBy\":\"admin\",\"createTime\":\"2024-06-18 11:04:33\",\"dictType\":\"\",\"edit\":true,\"htmlType\":\"select\",\"increment\":false,\"insert\":true,\"isEdit\":\"1\",\"isIncrement\":\"0\",\"isInsert\":\"1\",\"isList\":\"1\",\"isPk\":\"0\",\"isQuery\":\"1\",\"isRequired\":\"1\",\"javaField\":\"sex\",\"javaType\":\"Long\",\"list\":true,\"params\":{},\"pk\":false,\"query\":true,\"queryType\":\"EQ\",\"required\":true,\"sort\":3,\"superColumn\":false,\"tableId\":1,\"updateBy\":\"\",\"usableColumn\":false},{\"capJavaField\":\"Type\",\"columnComment\":\"学生类型\",\"columnId\":4,\"columnName\":\"type\",\"columnType\":\"varchar(45)\",\"createBy\":\"admin\",\"createTime\":\"2024-06-18 11:04:33\",\"dictType\":\"\",\"edit\":true,\"htmlType\":\"select\",\"increment\":false,\"insert\":true,\"isEdit\":\"1\",\"isIncrement\":\"0\",\"isInsert\":\"1\",\"isList\":\"1\",\"isPk\":\"0\",\"isQuery\":\"1\",\"isRequired\":\"1\",\"javaField\":\"type\",\"javaType\":\"String\",\"list\":true,\"params\":{},','{\"msg\":\"操作成功\",\"code\":200}',0,NULL,'2024-06-18 11:06:10',74),(104,'代码生成',8,'com.ruoyi.generator.controller.GenController.batchGenCode()','GET',1,'admin','研发部门','/tool/gen/batchGenCode','127.0.0.1','内网IP','{\"tables\":\"stu_info\"}',NULL,0,NULL,'2024-06-18 11:06:15',353),(105,'代码生成',2,'com.ruoyi.generator.controller.GenController.editSave()','PUT',1,'admin','研发部门','/tool/gen','127.0.0.1','内网IP','{\"businessName\":\"info\",\"className\":\"StuInfo\",\"columns\":[{\"capJavaField\":\"Id\",\"columnComment\":\"学生id\",\"columnId\":1,\"columnName\":\"id\",\"columnType\":\"int\",\"createBy\":\"admin\",\"createTime\":\"2024-06-18 11:04:33\",\"dictType\":\"\",\"edit\":false,\"htmlType\":\"input\",\"increment\":false,\"insert\":true,\"isIncrement\":\"0\",\"isInsert\":\"1\",\"isPk\":\"1\",\"isRequired\":\"0\",\"javaField\":\"id\",\"javaType\":\"Long\",\"list\":false,\"params\":{},\"pk\":true,\"query\":false,\"queryType\":\"EQ\",\"required\":false,\"sort\":1,\"superColumn\":false,\"tableId\":1,\"updateBy\":\"\",\"updateTime\":\"2024-06-18 11:06:10\",\"usableColumn\":false},{\"capJavaField\":\"Name\",\"columnComment\":\"学生姓名\",\"columnId\":2,\"columnName\":\"name\",\"columnType\":\"varchar(45)\",\"createBy\":\"admin\",\"createTime\":\"2024-06-18 11:04:33\",\"dictType\":\"\",\"edit\":true,\"htmlType\":\"input\",\"increment\":false,\"insert\":true,\"isEdit\":\"1\",\"isIncrement\":\"0\",\"isInsert\":\"1\",\"isList\":\"1\",\"isPk\":\"0\",\"isQuery\":\"1\",\"isRequired\":\"1\",\"javaField\":\"name\",\"javaType\":\"String\",\"list\":true,\"params\":{},\"pk\":false,\"query\":true,\"queryType\":\"LIKE\",\"required\":true,\"sort\":2,\"superColumn\":false,\"tableId\":1,\"updateBy\":\"\",\"updateTime\":\"2024-06-18 11:06:10\",\"usableColumn\":false},{\"capJavaField\":\"Sex\",\"columnComment\":\"学生性别\",\"columnId\":3,\"columnName\":\"sex\",\"columnType\":\"int\",\"createBy\":\"admin\",\"createTime\":\"2024-06-18 11:04:33\",\"dictType\":\"\",\"edit\":true,\"htmlType\":\"select\",\"increment\":false,\"insert\":true,\"isEdit\":\"1\",\"isIncrement\":\"0\",\"isInsert\":\"1\",\"isList\":\"1\",\"isPk\":\"0\",\"isQuery\":\"1\",\"isRequired\":\"1\",\"javaField\":\"sex\",\"javaType\":\"Long\",\"list\":true,\"params\":{},\"pk\":false,\"query\":true,\"queryType\":\"EQ\",\"required\":true,\"sort\":3,\"superColumn\":false,\"tableId\":1,\"updateBy\":\"\",\"updateTime\":\"2024-06-18 11:06:10\",\"usableColumn\":false},{\"capJavaField\":\"Type\",\"columnComment\":\"学生类型\",\"columnId\":4,\"columnName\":\"type\",\"columnType\":\"varchar(45)\",\"createBy\":\"admin\",\"createTime\":\"2024-06-18 11:04:33\",\"dictType\":\"\",\"edit\":true,\"htmlType\":\"select\",\"increment\":false,\"insert\":true,\"isEdit\":\"1\",\"isIncrement\":\"0\",\"isInsert\":\"1\",\"isList\":\"1\",','{\"msg\":\"操作成功\",\"code\":200}',0,NULL,'2024-06-18 13:44:24',151),(106,'代码生成',8,'com.ruoyi.generator.controller.GenController.batchGenCode()','GET',1,'admin','研发部门','/tool/gen/batchGenCode','127.0.0.1','内网IP','{\"tables\":\"stu_info\"}',NULL,0,NULL,'2024-06-18 13:44:29',220),(107,'Student',1,'com.ruoyi.tm.controller.StuInfoController.add()','POST',1,'admin','研发部门','/system/info','127.0.0.1','内网IP','{\"admMethod\":\"1\",\"classId\":1,\"inSchool\":1,\"majorId\":1,\"name\":\"test\",\"params\":{}}',NULL,1,'\r\n### Error updating database.  Cause: java.sql.SQLException: Field \'id\' doesn\'t have a default value\r\n### The error may exist in file [F:\\grade_sys\\grade_inquiry_system\\ruoyi-tm\\target\\classes\\mapper\\tm\\StuInfoMapper.xml]\r\n### The error may involve com.ruoyi.tm.mapper.StuInfoMapper.insertStuInfo-Inline\r\n### The error occurred while setting parameters\r\n### SQL: insert into stu_info          ( name,                                       adm_method,             in_school,                          class_id,             major_id )           values ( ?,                                       ?,             ?,                          ?,             ? )\r\n### Cause: java.sql.SQLException: Field \'id\' doesn\'t have a default value\n; Field \'id\' doesn\'t have a default value; nested exception is java.sql.SQLException: Field \'id\' doesn\'t have a default value','2024-06-18 14:43:34',368),(108,'Student',1,'com.ruoyi.tm.controller.StuInfoController.add()','POST',1,'admin','研发部门','/system/info','127.0.0.1','内网IP','{\"admMethod\":\"1\",\"classId\":1,\"inSchool\":1,\"majorId\":1,\"name\":\"test\",\"params\":{}}',NULL,1,'\r\n### Error updating database.  Cause: java.sql.SQLException: Field \'id\' doesn\'t have a default value\r\n### The error may exist in file [F:\\grade_sys\\grade_inquiry_system\\ruoyi-tm\\target\\classes\\mapper\\tm\\StuInfoMapper.xml]\r\n### The error may involve com.ruoyi.tm.mapper.StuInfoMapper.insertStuInfo-Inline\r\n### The error occurred while setting parameters\r\n### SQL: insert into stu_info          ( name,                                       adm_method,             in_school,                          class_id,             major_id )           values ( ?,                                       ?,             ?,                          ?,             ? )\r\n### Cause: java.sql.SQLException: Field \'id\' doesn\'t have a default value\n; Field \'id\' doesn\'t have a default value; nested exception is java.sql.SQLException: Field \'id\' doesn\'t have a default value','2024-06-18 14:43:38',4),(109,'Student',1,'com.ruoyi.tm.controller.StuInfoController.add()','POST',1,'admin','研发部门','/system/info','127.0.0.1','内网IP','{\"admMethod\":\"2\",\"classId\":1,\"inSchool\":2,\"majorId\":1,\"name\":\"王灵\",\"params\":{}}',NULL,1,'\r\n### Error updating database.  Cause: java.sql.SQLException: Field \'id\' doesn\'t have a default value\r\n### The error may exist in file [F:\\grade_sys\\grade_inquiry_system\\ruoyi-tm\\target\\classes\\mapper\\tm\\StuInfoMapper.xml]\r\n### The error may involve com.ruoyi.tm.mapper.StuInfoMapper.insertStuInfo-Inline\r\n### The error occurred while setting parameters\r\n### SQL: insert into stu_info          ( name,                                       adm_method,             in_school,                          class_id,             major_id )           values ( ?,                                       ?,             ?,                          ?,             ? )\r\n### Cause: java.sql.SQLException: Field \'id\' doesn\'t have a default value\n; Field \'id\' doesn\'t have a default value; nested exception is java.sql.SQLException: Field \'id\' doesn\'t have a default value','2024-06-18 16:36:53',9),(110,'Student',1,'com.ruoyi.tm.controller.StuInfoController.add()','POST',1,'admin','研发部门','/system/info','127.0.0.1','内网IP','{\"admMethod\":\"2\",\"classId\":1,\"inSchool\":2,\"majorId\":1,\"name\":\"王灵\",\"params\":{}}',NULL,1,'\r\n### Error updating database.  Cause: java.sql.SQLSyntaxErrorException: You have an error in your SQL syntax; check the manual that corresponds to your MySQL server version for the right syntax to use near \'SET @last_id = LAST_INSERT_ID();\n\n        -- 使用获取的自增ID插入第二\' at line 6\r\n### The error may exist in file [F:\\grade_sys\\grade_inquiry_system\\ruoyi-tm\\target\\classes\\mapper\\tm\\StuInfoMapper.xml]\r\n### The error may involve com.ruoyi.tm.mapper.StuInfoMapper.insertStuInfo-Inline\r\n### The error occurred while setting parameters\r\n### SQL: -- 插入第一条记录         INSERT INTO sys_user(user_name, nick_name, password)         VALUES (?, ?, \"123456\");          -- 获取自增ID         SET @last_id = LAST_INSERT_ID();          -- 使用获取的自增ID插入第二条记录         INSERT INTO stu_info(id, name, sex, type, in_school, class_id, major_id)         VALUES (@last_id, ?, ?, ?, ?, ?, ?);\r\n### Cause: java.sql.SQLSyntaxErrorException: You have an error in your SQL syntax; check the manual that corresponds to your MySQL server version for the right syntax to use near \'SET @last_id = LAST_INSERT_ID();\n\n        -- 使用获取的自增ID插入第二\' at line 6\n; bad SQL grammar []; nested exception is java.sql.SQLSyntaxErrorException: You have an error in your SQL syntax; check the manual that corresponds to your MySQL server version for the right syntax to use near \'SET @last_id = LAST_INSERT_ID();\n\n        -- 使用获取的自增ID插入第二\' at line 6','2024-06-18 16:46:12',190),(111,'Student',1,'com.ruoyi.tm.controller.StuInfoController.add()','POST',1,'admin','研发部门','/system/info','127.0.0.1','内网IP','{\"admMethod\":\"2\",\"classId\":1,\"inSchool\":2,\"majorId\":1,\"name\":\"王灵\",\"params\":{}}',NULL,1,'\r\n### Error updating database.  Cause: java.sql.SQLSyntaxErrorException: You have an error in your SQL syntax; check the manual that corresponds to your MySQL server version for the right syntax to use near \'SET @last_id = LAST_INSERT_ID();\n\n        INSERT INTO stu_info(id, name, sex, ty\' at line 4\r\n### The error may exist in file [F:\\grade_sys\\grade_inquiry_system\\ruoyi-tm\\target\\classes\\mapper\\tm\\StuInfoMapper.xml]\r\n### The error may involve com.ruoyi.tm.mapper.StuInfoMapper.insertStuInfo-Inline\r\n### The error occurred while setting parameters\r\n### SQL: INSERT INTO sys_user(user_name, nick_name, password)         VALUES (?, ?, \"123456\");          SET @last_id = LAST_INSERT_ID();          INSERT INTO stu_info(id, name, sex, type, in_school, class_id, major_id)         VALUES (@last_id, ?, ?, ?, ?, ?, ?);\r\n### Cause: java.sql.SQLSyntaxErrorException: You have an error in your SQL syntax; check the manual that corresponds to your MySQL server version for the right syntax to use near \'SET @last_id = LAST_INSERT_ID();\n\n        INSERT INTO stu_info(id, name, sex, ty\' at line 4\n; bad SQL grammar []; nested exception is java.sql.SQLSyntaxErrorException: You have an error in your SQL syntax; check the manual that corresponds to your MySQL server version for the right syntax to use near \'SET @last_id = LAST_INSERT_ID();\n\n        INSERT INTO stu_info(id, name, sex, ty\' at line 4','2024-06-18 16:46:57',188),(112,'Student',1,'com.ruoyi.tm.controller.StuInfoController.add()','POST',1,'admin','研发部门','/system/info','127.0.0.1','内网IP','{\"admMethod\":\"2\",\"classId\":1,\"inSchool\":2,\"majorId\":1,\"name\":\"王灵\",\"params\":{}}',NULL,1,'\r\n### Error updating database.  Cause: java.sql.SQLSyntaxErrorException: You have an error in your SQL syntax; check the manual that corresponds to your MySQL server version for the right syntax to use near \'SET @last_id = LAST_INSERT_ID();\n\n        INSERT INTO stu_info(id, name, sex, ty\' at line 4\r\n### The error may exist in file [F:\\grade_sys\\grade_inquiry_system\\ruoyi-tm\\target\\classes\\mapper\\tm\\StuInfoMapper.xml]\r\n### The error may involve com.ruoyi.tm.mapper.StuInfoMapper.insertStuInfo-Inline\r\n### The error occurred while setting parameters\r\n### SQL: INSERT INTO sys_user(user_name, nick_name, password)         VALUES (?, ?, \"123456\");          SET @last_id = LAST_INSERT_ID();          INSERT INTO stu_info(id, name, sex, type, in_school, class_id, major_id)         VALUES (@last_id, ?, ?, ?, ?, ?, ?);\r\n### Cause: java.sql.SQLSyntaxErrorException: You have an error in your SQL syntax; check the manual that corresponds to your MySQL server version for the right syntax to use near \'SET @last_id = LAST_INSERT_ID();\n\n        INSERT INTO stu_info(id, name, sex, ty\' at line 4\n; bad SQL grammar []; nested exception is java.sql.SQLSyntaxErrorException: You have an error in your SQL syntax; check the manual that corresponds to your MySQL server version for the right syntax to use near \'SET @last_id = LAST_INSERT_ID();\n\n        INSERT INTO stu_info(id, name, sex, ty\' at line 4','2024-06-18 16:48:25',8),(113,'Student',1,'com.ruoyi.tm.controller.StuInfoController.add()','POST',1,'admin','研发部门','/system/info','127.0.0.1','内网IP','{\"admMethod\":\"2\",\"classId\":1,\"inSchool\":2,\"majorId\":1,\"name\":\"王灵\",\"params\":{}}',NULL,1,'\r\n### Error updating database.  Cause: java.sql.SQLSyntaxErrorException: You have an error in your SQL syntax; check the manual that corresponds to your MySQL server version for the right syntax to use near \'SET @last_id = LAST_INSERT_ID();\n        INSERT INTO stu_info(id, name, sex, typ\' at line 5\r\n### The error may exist in file [F:\\grade_sys\\grade_inquiry_system\\ruoyi-tm\\target\\classes\\mapper\\tm\\StuInfoMapper.xml]\r\n### The error may involve com.ruoyi.tm.mapper.StuInfoMapper.insertStuInfo-Inline\r\n### The error occurred while setting parameters\r\n### SQL: INSERT INTO sys_user(user_name, nick_name, password)         VALUES (?, ?, \"123456\");                         SET @last_id = LAST_INSERT_ID();         INSERT INTO stu_info(id, name, sex, type, in_school, class_id, major_id)         VALUES (@last_id, ?, ?, ?, ?, ?, ?);\r\n### Cause: java.sql.SQLSyntaxErrorException: You have an error in your SQL syntax; check the manual that corresponds to your MySQL server version for the right syntax to use near \'SET @last_id = LAST_INSERT_ID();\n        INSERT INTO stu_info(id, name, sex, typ\' at line 5\n; bad SQL grammar []; nested exception is java.sql.SQLSyntaxErrorException: You have an error in your SQL syntax; check the manual that corresponds to your MySQL server version for the right syntax to use near \'SET @last_id = LAST_INSERT_ID();\n        INSERT INTO stu_info(id, name, sex, typ\' at line 5','2024-06-18 16:58:13',591),(114,'Student',2,'com.ruoyi.tm.controller.StuInfoController.edit()','PUT',1,'admin','研发部门','/system/info','127.0.0.1','内网IP','{\"admMethod\":\"一般统考\",\"classId\":1,\"id\":1,\"inSchool\":0,\"majorId\":1,\"name\":\"admin\",\"params\":{},\"sex\":0,\"stuStatus\":1,\"type\":\"普通考生\"}','{\"msg\":\"操作成功\",\"code\":200}',0,NULL,'2024-06-20 22:42:27',16),(115,'角色管理',1,'com.ruoyi.web.controller.system.SysRoleController.add()','POST',1,'admin','研发部门','/system/role','127.0.0.1','内网IP','{\"admin\":false,\"createBy\":\"admin\",\"deptCheckStrictly\":true,\"deptIds\":[],\"flag\":false,\"menuCheckStrictly\":true,\"menuIds\":[2000,2001],\"params\":{},\"remark\":\"学生的权限\",\"roleId\":100,\"roleKey\":\"@PreAuthorize(`@ss.hasRole(\'teacher\')`)\",\"roleName\":\"学生\",\"roleSort\":3,\"status\":\"0\"}','{\"msg\":\"操作成功\",\"code\":200}',0,NULL,'2024-06-21 08:50:07',35),(116,'角色管理',1,'com.ruoyi.web.controller.system.SysRoleController.add()','POST',1,'admin','研发部门','/system/role','127.0.0.1','内网IP','{\"admin\":false,\"deptCheckStrictly\":true,\"deptIds\":[],\"flag\":false,\"menuCheckStrictly\":true,\"menuIds\":[2000,2001,2002,2003,2004,2005,2006,2007,2008],\"params\":{},\"roleKey\":\"@PreAuthorize(`@ss.hasRole(\'teacher\')`)\",\"roleName\":\"教师\",\"roleSort\":4,\"status\":\"0\"}','{\"msg\":\"新增角色\'教师\'失败，角色权限已存在\",\"code\":500}',0,NULL,'2024-06-21 08:50:28',11),(117,'角色管理',2,'com.ruoyi.web.controller.system.SysRoleController.edit()','PUT',1,'admin','研发部门','/system/role','127.0.0.1','内网IP','{\"admin\":false,\"createTime\":\"2024-06-21 08:50:06\",\"dataScope\":\"1\",\"delFlag\":\"0\",\"deptCheckStrictly\":true,\"flag\":false,\"menuCheckStrictly\":true,\"menuIds\":[2000,2001],\"params\":{},\"remark\":\"学生的权限\",\"roleId\":100,\"roleKey\":\"@PreAuthorize(`@ss.hasRole(\'student\')`)\",\"roleName\":\"学生\",\"roleSort\":3,\"status\":\"0\",\"updateBy\":\"admin\"}','{\"msg\":\"操作成功\",\"code\":200}',0,NULL,'2024-06-21 08:50:38',19),(118,'角色管理',1,'com.ruoyi.web.controller.system.SysRoleController.add()','POST',1,'admin','研发部门','/system/role','127.0.0.1','内网IP','{\"admin\":false,\"createBy\":\"admin\",\"deptCheckStrictly\":true,\"deptIds\":[],\"flag\":false,\"menuCheckStrictly\":true,\"menuIds\":[2000,2001,2002,2003,2004,2005,2006,2007,2008],\"params\":{},\"roleId\":101,\"roleKey\":\"@PreAuthorize(`@ss.hasRole(\'teacher\')`)\",\"roleName\":\"教师\",\"roleSort\":4,\"status\":\"0\"}','{\"msg\":\"操作成功\",\"code\":200}',0,NULL,'2024-06-21 08:50:55',14),(119,'角色管理',2,'com.ruoyi.web.controller.system.SysRoleController.edit()','PUT',1,'admin','研发部门','/system/role','127.0.0.1','内网IP','{\"admin\":false,\"createTime\":\"2024-06-21 08:50:06\",\"dataScope\":\"1\",\"delFlag\":\"0\",\"deptCheckStrictly\":true,\"flag\":false,\"menuCheckStrictly\":true,\"menuIds\":[2000,2001],\"params\":{},\"remark\":\"学生的权限\",\"roleId\":100,\"roleKey\":\"student\",\"roleName\":\"学生\",\"roleSort\":3,\"status\":\"0\",\"updateBy\":\"admin\"}','{\"msg\":\"操作成功\",\"code\":200}',0,NULL,'2024-06-21 08:51:07',15),(120,'角色管理',2,'com.ruoyi.web.controller.system.SysRoleController.edit()','PUT',1,'admin','研发部门','/system/role','127.0.0.1','内网IP','{\"admin\":false,\"createTime\":\"2024-06-21 08:50:55\",\"dataScope\":\"1\",\"delFlag\":\"0\",\"deptCheckStrictly\":true,\"flag\":false,\"menuCheckStrictly\":true,\"menuIds\":[2000,2001,2002,2003,2004,2005,2006,2007,2008],\"params\":{},\"roleId\":101,\"roleKey\":\"teacher\",\"roleName\":\"教师\",\"roleSort\":4,\"status\":\"0\",\"updateBy\":\"admin\"}','{\"msg\":\"操作成功\",\"code\":200}',0,NULL,'2024-06-21 08:51:12',15),(121,'角色管理',1,'com.ruoyi.web.controller.system.SysRoleController.add()','POST',1,'admin','研发部门','/system/role','127.0.0.1','内网IP','{\"admin\":false,\"createBy\":\"admin\",\"deptCheckStrictly\":true,\"deptIds\":[],\"flag\":false,\"menuCheckStrictly\":true,\"menuIds\":[2000,2001,2002,2003,2004,2005,2006,2007,2008],\"params\":{},\"roleId\":102,\"roleKey\":\"m_teacher\",\"roleName\":\"教务老师\",\"roleSort\":5,\"status\":\"0\"}','{\"msg\":\"操作成功\",\"code\":200}',0,NULL,'2024-06-21 08:51:36',16),(122,'部门管理',2,'com.ruoyi.web.controller.system.SysDeptController.edit()','PUT',1,'admin','研发部门','/system/dept','127.0.0.1','内网IP','{\"ancestors\":\"0\",\"children\":[],\"deptId\":100,\"deptName\":\"中山大学\",\"email\":\"test@qq.com\",\"leader\":\"钟明廷\",\"orderNum\":0,\"params\":{},\"parentId\":0,\"phone\":\"15888888888\",\"status\":\"0\",\"updateBy\":\"admin\"}','{\"msg\":\"操作成功\",\"code\":200}',0,NULL,'2024-06-21 09:31:50',11),(123,'代码生成',6,'com.ruoyi.generator.controller.GenController.importTableSave()','POST',1,'admin','研发部门','/tool/gen/importTable','127.0.0.1','内网IP','{\"tables\":\"score_info\"}','{\"msg\":\"操作成功\",\"code\":200}',0,NULL,'2024-06-21 13:29:43',96),(124,'代码生成',2,'com.ruoyi.generator.controller.GenController.editSave()','PUT',1,'admin','研发部门','/tool/gen','127.0.0.1','内网IP','{\"businessName\":\"score\",\"className\":\"ScoreInfo\",\"columns\":[{\"capJavaField\":\"Id\",\"columnComment\":\"成绩id\",\"columnId\":10,\"columnName\":\"id\",\"columnType\":\"int\",\"createBy\":\"admin\",\"createTime\":\"2024-06-21 13:29:43\",\"dictType\":\"\",\"edit\":false,\"htmlType\":\"input\",\"increment\":false,\"insert\":true,\"isIncrement\":\"0\",\"isInsert\":\"1\",\"isPk\":\"1\",\"isRequired\":\"0\",\"javaField\":\"id\",\"javaType\":\"Long\",\"list\":false,\"params\":{},\"pk\":true,\"query\":false,\"queryType\":\"EQ\",\"required\":false,\"sort\":1,\"superColumn\":false,\"tableId\":2,\"updateBy\":\"\",\"usableColumn\":false},{\"capJavaField\":\"UsualPor\",\"columnComment\":\"平时成绩占比\",\"columnId\":11,\"columnName\":\"usual_por\",\"columnType\":\"int\",\"createBy\":\"admin\",\"createTime\":\"2024-06-21 13:29:43\",\"dictType\":\"\",\"edit\":true,\"htmlType\":\"input\",\"increment\":false,\"insert\":true,\"isEdit\":\"1\",\"isIncrement\":\"0\",\"isInsert\":\"1\",\"isList\":\"1\",\"isPk\":\"0\",\"isQuery\":\"1\",\"isRequired\":\"1\",\"javaField\":\"usualPor\",\"javaType\":\"Long\",\"list\":true,\"params\":{},\"pk\":false,\"query\":true,\"queryType\":\"EQ\",\"required\":true,\"sort\":2,\"superColumn\":false,\"tableId\":2,\"updateBy\":\"\",\"usableColumn\":false},{\"capJavaField\":\"UsualSco\",\"columnComment\":\"平时成绩\",\"columnId\":12,\"columnName\":\"usual_sco\",\"columnType\":\"int\",\"createBy\":\"admin\",\"createTime\":\"2024-06-21 13:29:43\",\"dictType\":\"\",\"edit\":true,\"htmlType\":\"input\",\"increment\":false,\"insert\":true,\"isEdit\":\"1\",\"isIncrement\":\"0\",\"isInsert\":\"1\",\"isList\":\"1\",\"isPk\":\"0\",\"isQuery\":\"1\",\"isRequired\":\"1\",\"javaField\":\"usualSco\",\"javaType\":\"Long\",\"list\":true,\"params\":{},\"pk\":false,\"query\":true,\"queryType\":\"EQ\",\"required\":true,\"sort\":3,\"superColumn\":false,\"tableId\":2,\"updateBy\":\"\",\"usableColumn\":false},{\"capJavaField\":\"MidPor\",\"columnComment\":\"期中成绩占比\",\"columnId\":13,\"columnName\":\"mid_por\",\"columnType\":\"int\",\"createBy\":\"admin\",\"createTime\":\"2024-06-21 13:29:43\",\"dictType\":\"\",\"edit\":true,\"htmlType\":\"input\",\"increment\":false,\"insert\":true,\"isEdit\":\"1\",\"isIncrement\":\"0\",\"isInsert\":\"1\",\"isList\":\"1\",\"isPk\":\"0\",\"isQuery\":\"1\",\"isRequired\":\"1\",\"javaField\":\"midPor\",\"javaType\":\"Long\",\"','{\"msg\":\"操作成功\",\"code\":200}',0,NULL,'2024-06-21 13:31:50',26),(125,'代码生成',8,'com.ruoyi.generator.controller.GenController.batchGenCode()','GET',1,'admin','研发部门','/tool/gen/batchGenCode','127.0.0.1','内网IP','{\"tables\":\"score_info\"}',NULL,0,NULL,'2024-06-21 13:31:53',104),(126,'角色管理',2,'com.ruoyi.web.controller.system.SysRoleController.edit()','PUT',1,'admin','研发部门','/system/role','127.0.0.1','内网IP','{\"admin\":false,\"createTime\":\"2024-05-31 23:32:47\",\"dataScope\":\"2\",\"delFlag\":\"0\",\"deptCheckStrictly\":true,\"flag\":false,\"menuCheckStrictly\":true,\"menuIds\":[1,100,1000,1001,1002,1003,1004,1005,1006,101,1007,1008,1009,1010,1011,102,1012,1013,1014,1015,103,1016,1017,1018,1019,104,1020,1021,1022,1023,1024,105,1025,1026,1027,1028,1029,106,1030,1031,1032,1033,1034,107,1035,1036,1037,1038,108,500,1039,1040,1041,501,1042,1043,1044,1045,2,109,1046,1047,1048,110,1049,1050,1051,1052,1053,1054,111,112,113,114,3,115,116,1055,1056,1057,1058,1059,1060,117,4],\"params\":{},\"remark\":\"普通角色\",\"roleId\":2,\"roleKey\":\"common\",\"roleName\":\"普通角色\",\"roleSort\":2,\"status\":\"0\",\"updateBy\":\"admin\"}','{\"msg\":\"操作成功\",\"code\":200}',0,NULL,'2024-06-22 13:25:38',56),(127,'菜单管理',2,'com.ruoyi.web.controller.system.SysMenuController.edit()','PUT',1,'admin','研发部门','/system/menu','127.0.0.1','内网IP','{\"children\":[],\"component\":\"system/info/index\",\"createTime\":\"2024-06-18 13:48:44\",\"icon\":\"#\",\"isCache\":\"0\",\"isFrame\":\"1\",\"menuId\":2003,\"menuName\":\"学生信息\",\"menuType\":\"C\",\"orderNum\":1,\"params\":{},\"parentId\":2000,\"path\":\"info\",\"perms\":\"system:info:list\",\"status\":\"0\",\"updateBy\":\"admin\",\"visible\":\"0\"}','{\"msg\":\"操作成功\",\"code\":200}',0,NULL,'2024-06-22 13:29:39',13),(128,'Student',1,'com.ruoyi.tm.controller.StuInfoController.add()','POST',1,'admin','研发部门','/system/info','127.0.0.1','内网IP','{\"admMethod\":\"2\",\"classId\":1,\"id\":124,\"inSchool\":0,\"majorId\":1,\"name\":\"王灵\",\"params\":{}}',NULL,1,'\r\n### Error updating database.  Cause: java.sql.SQLIntegrityConstraintViolationException: Column \'type\' cannot be null\r\n### The error may exist in file [F:\\grade_sys\\grade_inquiry_system\\ruoyi-tm\\target\\classes\\mapper\\tm\\StuInfoMapper.xml]\r\n### The error may involve com.ruoyi.tm.mapper.StuInfoMapper.insertStuInfo-Inline\r\n### The error occurred while setting parameters\r\n### SQL: INSERT INTO stu_info(id, name, type, adm_method,in_school, stu_status, class_id, major_id)         VALUES (?, ?, ?,?, ?, ?, ?, ?);\r\n### Cause: java.sql.SQLIntegrityConstraintViolationException: Column \'type\' cannot be null\n; Column \'type\' cannot be null; nested exception is java.sql.SQLIntegrityConstraintViolationException: Column \'type\' cannot be null','2024-06-22 13:44:25',28),(129,'Student',2,'com.ruoyi.tm.controller.StuInfoController.edit()','PUT',1,'admin','研发部门','/system/info','127.0.0.1','内网IP','{\"admMethod\":\"一般统考\",\"classId\":1,\"id\":1,\"inSchool\":0,\"majorId\":1,\"name\":\"admin\",\"params\":{},\"sex\":\"1\",\"stuStatus\":1,\"type\":\"普通考生\"}','{\"msg\":\"操作成功\",\"code\":200}',0,NULL,'2024-06-22 13:45:15',5),(130,'代码生成',6,'com.ruoyi.generator.controller.GenController.importTableSave()','POST',1,'admin','研发部门','/tool/gen/importTable','127.0.0.1','内网IP','{\"tables\":\"tea_info\"}','{\"msg\":\"操作成功\",\"code\":200}',0,NULL,'2024-06-22 13:48:44',49),(131,'Student',1,'com.ruoyi.tm.controller.StuInfoController.add()','POST',1,'admin','研发部门','/system/info','127.0.0.1','内网IP','{\"admMethod\":\"2\",\"classId\":1,\"id\":125,\"inSchool\":2,\"majorId\":1,\"name\":\"王灵\",\"params\":{},\"stuStatus\":0,\"type\":\"双一流高校学子\"}','{\"msg\":\"操作成功\",\"code\":200}',0,NULL,'2024-06-22 15:18:31',163),(132,'Student',1,'com.ruoyi.tm.controller.StuInfoController.add()','POST',1,'admin','研发部门','/system/info','127.0.0.1','内网IP','{\"admMethod\":\"2\",\"classId\":1,\"id\":126,\"inSchool\":2,\"majorId\":1,\"name\":\"李佶\",\"params\":{},\"stuStatus\":0,\"type\":\"双一流高校学子\"}','{\"msg\":\"操作成功\",\"code\":200}',0,NULL,'2024-07-05 15:15:36',41),(133,'Student',3,'com.ruoyi.tm.controller.StuInfoController.remove()','DELETE',1,'admin','研发部门','/system/info/126','127.0.0.1','内网IP','{}','{\"msg\":\"操作成功\",\"code\":200}',0,NULL,'2024-07-05 15:21:44',8),(134,'成绩管理',2,'com.ruoyi.tm.controller.ScoreInfoController.edit()','PUT',1,'admin','研发部门','/tm/score','127.0.0.1','内网IP','{\"chooseId\":1,\"courseName\":\"计算机组成原理\",\"finalPor\":50,\"finalSco\":100,\"id\":1,\"midPor\":0,\"midSco\":0,\"others\":\"0\",\"params\":{},\"usualPor\":50,\"usualSco\":100}','{\"msg\":\"操作成功\",\"code\":200}',0,NULL,'2024-07-05 16:03:16',14),(135,'成绩管理',2,'com.ruoyi.tm.controller.ScoreInfoController.edit()','PUT',1,'admin','研发部门','/tm/score','127.0.0.1','内网IP','{\"chooseId\":1,\"courseName\":\"计算机组成原理\",\"finalPor\":50,\"finalSco\":100,\"id\":1,\"midPor\":0,\"midSco\":0,\"others\":\"0\",\"params\":{},\"usualPor\":50,\"usualSco\":100}','{\"msg\":\"操作成功\",\"code\":200}',0,NULL,'2024-07-05 16:03:23',3),(136,'菜单管理',2,'com.ruoyi.web.controller.system.SysMenuController.edit()','PUT',1,'admin','研发部门','/system/menu','127.0.0.1','内网IP','{\"children\":[],\"component\":\"tm/info/index\",\"createTime\":\"2024-06-18 13:48:44\",\"icon\":\"#\",\"isCache\":\"0\",\"isFrame\":\"1\",\"menuId\":2003,\"menuName\":\"学生信息\",\"menuType\":\"C\",\"orderNum\":1,\"params\":{},\"parentId\":2000,\"path\":\"info\",\"perms\":\"tm:info:list\",\"status\":\"0\",\"updateBy\":\"admin\",\"visible\":\"0\"}','{\"msg\":\"操作成功\",\"code\":200}',0,NULL,'2024-07-05 18:56:38',38),(137,'Student',3,'com.ruoyi.tm.controller.StuInfoController.remove()','DELETE',1,'admin','研发部门','/system/info/126','127.0.0.1','内网IP','{}','{\"msg\":\"操作成功\",\"code\":200}',0,NULL,'2024-07-05 18:56:55',3),(138,'Student',3,'com.ruoyi.tm.controller.StuInfoController.remove()','DELETE',1,'admin','研发部门','/system/info/126','127.0.0.1','内网IP','{}','{\"msg\":\"操作成功\",\"code\":200}',0,NULL,'2024-07-05 18:57:32',4),(139,'Student',1,'com.ruoyi.tm.controller.StuInfoController.add()','POST',1,'admin','研发部门','/system/info','127.0.0.1','内网IP','{\"admMethod\":\"2\",\"classId\":1,\"id\":127,\"inSchool\":2,\"majorId\":1,\"name\":\"李佶\",\"params\":{},\"stuStatus\":0,\"type\":\"双一流高校学子\"}','{\"msg\":\"操作成功\",\"code\":200}',0,NULL,'2024-07-05 18:59:37',17),(140,'Student',3,'com.ruoyi.tm.controller.StuInfoController.remove()','DELETE',1,'admin','研发部门','/system/info/127','127.0.0.1','内网IP','{}','{\"msg\":\"操作成功\",\"code\":200}',0,NULL,'2024-07-05 19:59:34',6),(141,'Student',1,'com.ruoyi.tm.controller.StuInfoController.add()','POST',1,'admin','研发部门','/system/info','127.0.0.1','内网IP','{\"admMethod\":\"2\",\"classId\":1,\"id\":128,\"inSchool\":2,\"majorId\":1,\"name\":\"李佶\",\"params\":{},\"stuStatus\":0,\"type\":\"双一流高校学子\"}','{\"msg\":\"操作成功\",\"code\":200}',0,NULL,'2024-07-05 19:59:40',71),(142,'角色管理',2,'com.ruoyi.web.controller.system.SysRoleController.edit()','PUT',1,'admin','研发部门','/system/role','127.0.0.1','内网IP','{\"admin\":false,\"createTime\":\"2024-05-31 23:32:47\",\"dataScope\":\"2\",\"delFlag\":\"0\",\"deptCheckStrictly\":true,\"flag\":false,\"menuCheckStrictly\":true,\"menuIds\":[2000,2001,1,100,1000,1001,1002,1003,1004,1005,1006,101,1007,1008,1009,1010,1011,102,1012,1013,1014,1015,103,1016,1017,1018,1019,104,1020,1021,1022,1023,1024,105,1025,1026,1027,1028,1029,106,1030,1031,1032,1033,1034,107,1035,1036,1037,1038,108,500,1039,1040,1041,501,1042,1043,1044,1045,2,109,1046,1047,1048,110,1049,1050,1051,1052,1053,1054,111,112,113,114,3,115,116,1055,1056,1057,1058,1059,1060,117,4],\"params\":{},\"remark\":\"普通角色\",\"roleId\":2,\"roleKey\":\"common\",\"roleName\":\"普通角色\",\"roleSort\":2,\"status\":\"0\",\"updateBy\":\"admin\"}','{\"msg\":\"操作成功\",\"code\":200}',0,NULL,'2024-07-05 20:33:11',42),(143,'角色管理',1,'com.ruoyi.web.controller.system.SysRoleController.add()','POST',1,'admin','研发部门','/system/role','127.0.0.1','内网IP','{\"admin\":false,\"createBy\":\"admin\",\"deptCheckStrictly\":true,\"deptIds\":[],\"flag\":false,\"menuCheckStrictly\":true,\"menuIds\":[2000,2001,2002,2003,2004,2005,2006,2007,2008,1,100,1000,1001,1002,1003,1004,1005,1006,101,1007,1008,1009,1010,1011,102,1012,1013,1014,1015,103,1016,1017,1018,1019,104,1020,1021,1022,1023,1024,105,1025,1026,1027,1028,1029,106,1030,1031,1032,1033,1034,107,1035,1036,1037,1038,108,500,1039,1040,1041,501,1042,1043,1044,1045,2,109,1046,1047,1048,110,1049,1050,1051,1052,1053,1054,111,112,113,114],\"params\":{},\"roleId\":103,\"roleKey\":\"ClassTeacher\",\"roleName\":\"班主任\",\"roleSort\":6,\"status\":\"0\"}','{\"msg\":\"操作成功\",\"code\":200}',0,NULL,'2024-07-05 21:10:36',17),(144,'Student',3,'com.ruoyi.tm.controller.StuInfoController.remove()','DELETE',1,'admin','研发部门','/system/info/143','127.0.0.1','内网IP','{}','{\"msg\":\"操作成功\",\"code\":200}',0,NULL,'2024-07-05 21:51:38',10),(145,'Student',3,'com.ruoyi.tm.controller.StuInfoController.remove()','DELETE',1,'admin','研发部门','/system/info/144','127.0.0.1','内网IP','{}','{\"msg\":\"操作成功\",\"code\":200}',0,NULL,'2024-07-05 21:51:40',6),(146,'Student',3,'com.ruoyi.tm.controller.StuInfoController.remove()','DELETE',1,'admin','研发部门','/system/info/137,138,139,140,141,142,145,146,135,136','127.0.0.1','内网IP','{}','{\"msg\":\"操作成功\",\"code\":200}',0,NULL,'2024-07-05 21:51:50',7),(147,'Student',3,'com.ruoyi.tm.controller.StuInfoController.remove()','DELETE',1,'admin','研发部门','/system/info/147,148','127.0.0.1','内网IP','{}','{\"msg\":\"操作成功\",\"code\":200}',0,NULL,'2024-07-05 21:51:56',6),(148,'Student',3,'com.ruoyi.tm.controller.StuInfoController.remove()','DELETE',1,'admin','研发部门','/system/info/128,129,131,132,133,130,134,125','127.0.0.1','内网IP','{}','{\"msg\":\"操作成功\",\"code\":200}',0,NULL,'2024-07-05 21:52:06',6),(149,'Student',2,'com.ruoyi.tm.controller.StuInfoController.edit()','PUT',1,'admin','研发部门','/system/info','127.0.0.1','内网IP','{\"admMethod\":\"一般统考\",\"classId\":1,\"id\":1,\"inSchool\":0,\"majorId\":1,\"name\":\"adm\",\"params\":{},\"sex\":\"1\",\"stuStatus\":1,\"type\":\"普通考生\",\"user_name\":\"admin\"}','{\"msg\":\"操作成功\",\"code\":200}',0,NULL,'2024-07-05 22:17:54',16),(150,'Student',2,'com.ruoyi.tm.controller.StuInfoController.edit()','PUT',1,'admin','研发部门','/system/info','127.0.0.1','内网IP','{\"admMethod\":\"普通考试\",\"classId\":1,\"id\":151,\"inSchool\":1,\"majorId\":1,\"name\":\"打翻\",\"params\":{},\"sex\":\"0\",\"stuStatus\":1,\"type\":\"本科生\",\"user_name\":\"151\"}',NULL,1,'\r\n### Error updating database.  Cause: java.sql.SQLSyntaxErrorException: Unknown column \'id\' in \'where clause\'\r\n### The error may exist in file [F:\\grade_sys\\grade_inquiry_system\\ruoyi-tm\\target\\classes\\mapper\\tm\\StuInfoMapper.xml]\r\n### The error may involve com.ruoyi.tm.mapper.StuInfoMapper.updateSysUser-Inline\r\n### The error occurred while setting parameters\r\n### SQL: update sys_user         set user_name = ?         where id = ?\r\n### Cause: java.sql.SQLSyntaxErrorException: Unknown column \'id\' in \'where clause\'\n; bad SQL grammar []; nested exception is java.sql.SQLSyntaxErrorException: Unknown column \'id\' in \'where clause\'','2024-07-05 22:31:56',71),(151,'Student',2,'com.ruoyi.tm.controller.StuInfoController.edit()','PUT',1,'admin','研发部门','/system/info','127.0.0.1','内网IP','{\"admMethod\":\"普通考试\",\"classId\":1,\"id\":151,\"inSchool\":1,\"majorId\":1,\"name\":\"番\",\"params\":{},\"sex\":\"0\",\"stuStatus\":1,\"type\":\"本科生\",\"user_name\":\"151\"}',NULL,1,'\r\n### Error updating database.  Cause: java.sql.SQLSyntaxErrorException: Unknown column \'sys_user.id\' in \'where clause\'\r\n### The error may exist in file [F:\\grade_sys\\grade_inquiry_system\\ruoyi-tm\\target\\classes\\mapper\\tm\\StuInfoMapper.xml]\r\n### The error may involve com.ruoyi.tm.mapper.StuInfoMapper.updateSysUser-Inline\r\n### The error occurred while setting parameters\r\n### SQL: update sys_user         set user_name = ?         where sys_user.id = ?\r\n### Cause: java.sql.SQLSyntaxErrorException: Unknown column \'sys_user.id\' in \'where clause\'\n; bad SQL grammar []; nested exception is java.sql.SQLSyntaxErrorException: Unknown column \'sys_user.id\' in \'where clause\'','2024-07-05 22:33:04',7),(152,'Student',2,'com.ruoyi.tm.controller.StuInfoController.edit()','PUT',1,'admin','研发部门','/system/info','127.0.0.1','内网IP','{\"admMethod\":\"普通考试\",\"classId\":1,\"id\":151,\"inSchool\":1,\"majorId\":1,\"name\":\"大番\",\"params\":{},\"sex\":\"0\",\"stuStatus\":1,\"type\":\"本科生\",\"user_name\":\"151\"}','{\"msg\":\"操作成功\",\"code\":200}',0,NULL,'2024-07-05 22:34:05',12),(153,'Student',1,'com.ruoyi.tm.controller.StuInfoController.add()','POST',1,'admin','研发部门','/system/info','127.0.0.1','内网IP','{\"admMethod\":\"1\",\"classId\":1,\"id\":157,\"inSchool\":1,\"majorId\":1,\"name\":\"test\",\"params\":{},\"stuStatus\":1,\"type\":\"1\",\"user_name\":\"test\"}','{\"msg\":\"操作成功\",\"code\":200}',0,NULL,'2024-07-05 22:35:48',113),(154,'Student',2,'com.ruoyi.tm.controller.StuInfoController.edit()','PUT',1,'admin','研发部门','/system/info','127.0.0.1','内网IP','{\"admMethod\":\"1\",\"classId\":1,\"id\":157,\"inSchool\":1,\"majorId\":1,\"name\":\"test\",\"params\":{},\"stuStatus\":1,\"type\":\"1\",\"user_name\":\"test2\"}','{\"msg\":\"操作成功\",\"code\":200}',0,NULL,'2024-07-05 22:36:23',7),(155,'代码生成',6,'com.ruoyi.generator.controller.GenController.importTableSave()','POST',1,'admin','研发部门','/tool/gen/importTable','127.0.0.1','内网IP','{\"tables\":\"major_info\"}','{\"msg\":\"操作成功\",\"code\":200}',0,NULL,'2024-07-06 07:39:20',53),(156,'代码生成',2,'com.ruoyi.generator.controller.GenController.editSave()','PUT',1,'admin','研发部门','/tool/gen','127.0.0.1','内网IP','{\"businessName\":\"major\",\"className\":\"MajorInfo\",\"columns\":[{\"capJavaField\":\"Id\",\"columnComment\":\"专业id\",\"columnId\":22,\"columnName\":\"id\",\"columnType\":\"int\",\"createBy\":\"admin\",\"createTime\":\"2024-07-06 07:39:20\",\"dictType\":\"\",\"edit\":false,\"htmlType\":\"input\",\"increment\":false,\"insert\":true,\"isIncrement\":\"0\",\"isInsert\":\"1\",\"isPk\":\"1\",\"isRequired\":\"0\",\"javaField\":\"id\",\"javaType\":\"Long\",\"list\":false,\"params\":{},\"pk\":true,\"query\":false,\"queryType\":\"EQ\",\"required\":false,\"sort\":1,\"superColumn\":false,\"tableId\":4,\"updateBy\":\"\",\"usableColumn\":false},{\"capJavaField\":\"Name\",\"columnComment\":\"专业姓名\",\"columnId\":23,\"columnName\":\"name\",\"columnType\":\"varchar(45)\",\"createBy\":\"admin\",\"createTime\":\"2024-07-06 07:39:20\",\"dictType\":\"\",\"edit\":true,\"htmlType\":\"input\",\"increment\":false,\"insert\":true,\"isEdit\":\"1\",\"isIncrement\":\"0\",\"isInsert\":\"1\",\"isList\":\"1\",\"isPk\":\"0\",\"isQuery\":\"1\",\"isRequired\":\"1\",\"javaField\":\"name\",\"javaType\":\"String\",\"list\":true,\"params\":{},\"pk\":false,\"query\":true,\"queryType\":\"LIKE\",\"required\":true,\"sort\":2,\"superColumn\":false,\"tableId\":4,\"updateBy\":\"\",\"usableColumn\":false},{\"capJavaField\":\"Dura\",\"columnComment\":\"专业开设时间\",\"columnId\":24,\"columnName\":\"dura\",\"columnType\":\"int\",\"createBy\":\"admin\",\"createTime\":\"2024-07-06 07:39:20\",\"dictType\":\"\",\"edit\":true,\"htmlType\":\"input\",\"increment\":false,\"insert\":true,\"isEdit\":\"1\",\"isIncrement\":\"0\",\"isInsert\":\"1\",\"isList\":\"1\",\"isPk\":\"0\",\"isQuery\":\"1\",\"isRequired\":\"1\",\"javaField\":\"dura\",\"javaType\":\"Long\",\"list\":true,\"params\":{},\"pk\":false,\"query\":true,\"queryType\":\"EQ\",\"required\":true,\"sort\":3,\"superColumn\":false,\"tableId\":4,\"updateBy\":\"\",\"usableColumn\":false},{\"capJavaField\":\"MajMust\",\"columnComment\":\"毕业所需专必学分\",\"columnId\":25,\"columnName\":\"maj_must\",\"columnType\":\"int\",\"createBy\":\"admin\",\"createTime\":\"2024-07-06 07:39:20\",\"dictType\":\"\",\"edit\":true,\"htmlType\":\"input\",\"increment\":false,\"insert\":true,\"isEdit\":\"1\",\"isIncrement\":\"0\",\"isInsert\":\"1\",\"isList\":\"1\",\"isPk\":\"0\",\"isQuery\":\"1\",\"isRequired\":\"1\",\"javaField\":\"majMust\",\"javaType\":\"Long\",\"list\":tru','{\"msg\":\"操作成功\",\"code\":200}',0,NULL,'2024-07-06 07:40:47',28),(157,'代码生成',8,'com.ruoyi.generator.controller.GenController.batchGenCode()','GET',1,'admin','研发部门','/tool/gen/batchGenCode','127.0.0.1','内网IP','{\"tables\":\"major_info\"}',NULL,0,NULL,'2024-07-06 07:40:51',105),(158,'专业',5,'com.ruoyi.tm.controller.MajorInfoController.export()','POST',1,'admin','研发部门','/tm/major/export','127.0.0.1','内网IP','{\"pageSize\":\"10\",\"pageNum\":\"1\"}',NULL,0,NULL,'2024-07-06 07:47:17',538),(159,'代码生成',2,'com.ruoyi.generator.controller.GenController.editSave()','PUT',1,'admin','研发部门','/tool/gen','127.0.0.1','内网IP','{\"businessName\":\"teacher\",\"className\":\"TeaInfo\",\"columns\":[{\"capJavaField\":\"Id\",\"columnComment\":\"教师id\",\"columnId\":19,\"columnName\":\"id\",\"columnType\":\"int\",\"createBy\":\"admin\",\"createTime\":\"2024-06-22 13:48:44\",\"dictType\":\"\",\"edit\":false,\"htmlType\":\"input\",\"increment\":false,\"insert\":true,\"isIncrement\":\"0\",\"isInsert\":\"1\",\"isPk\":\"1\",\"isRequired\":\"0\",\"javaField\":\"id\",\"javaType\":\"Long\",\"list\":false,\"params\":{},\"pk\":true,\"query\":false,\"queryType\":\"EQ\",\"required\":false,\"sort\":1,\"superColumn\":false,\"tableId\":3,\"updateBy\":\"\",\"usableColumn\":false},{\"capJavaField\":\"Name\",\"columnComment\":\"教师姓名\",\"columnId\":20,\"columnName\":\"name\",\"columnType\":\"varchar(45)\",\"createBy\":\"admin\",\"createTime\":\"2024-06-22 13:48:44\",\"dictType\":\"\",\"edit\":true,\"htmlType\":\"input\",\"increment\":false,\"insert\":true,\"isEdit\":\"1\",\"isIncrement\":\"0\",\"isInsert\":\"1\",\"isList\":\"1\",\"isPk\":\"0\",\"isQuery\":\"1\",\"isRequired\":\"1\",\"javaField\":\"name\",\"javaType\":\"String\",\"list\":true,\"params\":{},\"pk\":false,\"query\":true,\"queryType\":\"LIKE\",\"required\":true,\"sort\":2,\"superColumn\":false,\"tableId\":3,\"updateBy\":\"\",\"usableColumn\":false},{\"capJavaField\":\"Type\",\"columnComment\":\"教师类型\",\"columnId\":21,\"columnName\":\"type\",\"columnType\":\"varchar(45)\",\"createBy\":\"admin\",\"createTime\":\"2024-06-22 13:48:44\",\"dictType\":\"\",\"edit\":true,\"htmlType\":\"select\",\"increment\":false,\"insert\":true,\"isEdit\":\"1\",\"isIncrement\":\"0\",\"isInsert\":\"1\",\"isList\":\"1\",\"isPk\":\"0\",\"isQuery\":\"1\",\"isRequired\":\"1\",\"javaField\":\"type\",\"javaType\":\"String\",\"list\":true,\"params\":{},\"pk\":false,\"query\":true,\"queryType\":\"EQ\",\"required\":true,\"sort\":3,\"superColumn\":false,\"tableId\":3,\"updateBy\":\"\",\"usableColumn\":false}],\"crud\":true,\"functionAuthor\":\"clement\",\"functionName\":\"教师信息\",\"genPath\":\"/\",\"genType\":\"0\",\"moduleName\":\"tm\",\"options\":\"{}\",\"packageName\":\"com.ruoyi.tm\",\"params\":{},\"sub\":false,\"tableComment\":\"教师信息\",\"tableId\":3,\"tableName\":\"tea_info\",\"tplCategory\":\"crud\",\"tplWebType\":\"element-ui\",\"tree\":false}','{\"msg\":\"操作成功\",\"code\":200}',0,NULL,'2024-07-06 07:52:41',14),(160,'代码生成',8,'com.ruoyi.generator.controller.GenController.batchGenCode()','GET',1,'admin','研发部门','/tool/gen/batchGenCode','127.0.0.1','内网IP','{\"tables\":\"tea_info\"}',NULL,0,NULL,'2024-07-06 07:53:14',65),(161,'代码生成',6,'com.ruoyi.generator.controller.GenController.importTableSave()','POST',1,'admin','研发部门','/tool/gen/importTable','127.0.0.1','内网IP','{\"tables\":\"choose_course\"}','{\"msg\":\"操作成功\",\"code\":200}',0,NULL,'2024-07-06 08:05:59',24),(162,'代码生成',2,'com.ruoyi.generator.controller.GenController.editSave()','PUT',1,'admin','研发部门','/tool/gen','127.0.0.1','内网IP','{\"businessName\":\"choose\",\"className\":\"ChooseCourse\",\"columns\":[{\"capJavaField\":\"Id\",\"columnComment\":\"选课id\",\"columnId\":31,\"columnName\":\"id\",\"columnType\":\"int\",\"createBy\":\"admin\",\"createTime\":\"2024-07-06 08:05:59\",\"dictType\":\"\",\"edit\":false,\"htmlType\":\"input\",\"increment\":false,\"insert\":true,\"isIncrement\":\"0\",\"isInsert\":\"1\",\"isPk\":\"1\",\"isRequired\":\"0\",\"javaField\":\"id\",\"javaType\":\"Long\",\"list\":false,\"params\":{},\"pk\":true,\"query\":false,\"queryType\":\"EQ\",\"required\":false,\"sort\":1,\"superColumn\":false,\"tableId\":5,\"updateBy\":\"\",\"usableColumn\":false},{\"capJavaField\":\"NumRebuild\",\"columnComment\":\"重修次数\",\"columnId\":32,\"columnName\":\"num_rebuild\",\"columnType\":\"int\",\"createBy\":\"admin\",\"createTime\":\"2024-07-06 08:05:59\",\"dictType\":\"\",\"edit\":true,\"htmlType\":\"input\",\"increment\":false,\"insert\":true,\"isEdit\":\"1\",\"isIncrement\":\"0\",\"isInsert\":\"1\",\"isList\":\"1\",\"isPk\":\"0\",\"isQuery\":\"1\",\"isRequired\":\"1\",\"javaField\":\"numRebuild\",\"javaType\":\"Long\",\"list\":true,\"params\":{},\"pk\":false,\"query\":true,\"queryType\":\"EQ\",\"required\":true,\"sort\":2,\"superColumn\":false,\"tableId\":5,\"updateBy\":\"\",\"usableColumn\":false},{\"capJavaField\":\"NumMakeup\",\"columnComment\":\"补考次数\",\"columnId\":33,\"columnName\":\"num_makeup\",\"columnType\":\"int\",\"createBy\":\"admin\",\"createTime\":\"2024-07-06 08:05:59\",\"dictType\":\"\",\"edit\":true,\"htmlType\":\"input\",\"increment\":false,\"insert\":true,\"isEdit\":\"1\",\"isIncrement\":\"0\",\"isInsert\":\"1\",\"isList\":\"1\",\"isPk\":\"0\",\"isQuery\":\"1\",\"isRequired\":\"1\",\"javaField\":\"numMakeup\",\"javaType\":\"Long\",\"list\":true,\"params\":{},\"pk\":false,\"query\":true,\"queryType\":\"EQ\",\"required\":true,\"sort\":3,\"superColumn\":false,\"tableId\":5,\"updateBy\":\"\",\"usableColumn\":false},{\"capJavaField\":\"DeferSign\",\"columnComment\":\"缓考标志\",\"columnId\":34,\"columnName\":\"defer_sign\",\"columnType\":\"int\",\"createBy\":\"admin\",\"createTime\":\"2024-07-06 08:05:59\",\"dictType\":\"\",\"edit\":true,\"htmlType\":\"input\",\"increment\":false,\"insert\":true,\"isEdit\":\"1\",\"isIncrement\":\"0\",\"isInsert\":\"1\",\"isList\":\"1\",\"isPk\":\"0\",\"isQuery\":\"1\",\"isRequired\":\"1\",\"javaField\":\"deferSign\",\"','{\"msg\":\"操作成功\",\"code\":200}',0,NULL,'2024-07-06 08:06:37',18),(163,'代码生成',8,'com.ruoyi.generator.controller.GenController.batchGenCode()','GET',1,'admin','研发部门','/tool/gen/batchGenCode','127.0.0.1','内网IP','{\"tables\":\"choose_course\"}',NULL,0,NULL,'2024-07-06 08:06:40',35),(164,'菜单管理',2,'com.ruoyi.web.controller.system.SysMenuController.edit()','PUT',1,'admin','研发部门','/system/menu','127.0.0.1','内网IP','{\"children\":[],\"component\":\"tm/teacher/index\",\"createTime\":\"2024-07-06 08:10:08\",\"icon\":\"#\",\"isCache\":\"0\",\"isFrame\":\"1\",\"menuId\":2015,\"menuName\":\"教师信息\",\"menuType\":\"C\",\"orderNum\":1,\"params\":{},\"parentId\":2000,\"path\":\"teacher\",\"perms\":\"tm:teacher:list\",\"status\":\"0\",\"updateBy\":\"admin\",\"visible\":\"0\"}','{\"msg\":\"操作成功\",\"code\":200}',0,NULL,'2024-07-06 08:10:50',17),(165,'菜单管理',2,'com.ruoyi.web.controller.system.SysMenuController.edit()','PUT',1,'admin','研发部门','/system/menu','127.0.0.1','内网IP','{\"children\":[],\"component\":\"tm/choose/index\",\"createTime\":\"2024-07-06 08:14:21\",\"icon\":\"#\",\"isCache\":\"0\",\"isFrame\":\"1\",\"menuId\":2021,\"menuName\":\"选课\",\"menuType\":\"C\",\"orderNum\":1,\"params\":{},\"parentId\":2000,\"path\":\"choose\",\"perms\":\"tm:choose:list\",\"status\":\"0\",\"updateBy\":\"admin\",\"visible\":\"0\"}','{\"msg\":\"操作成功\",\"code\":200}',0,NULL,'2024-07-06 08:15:54',24),(166,'成绩管理',5,'com.ruoyi.tm.controller.ScoreInfoController.export()','POST',1,'admin','研发部门','/tm/score/export','127.0.0.1','内网IP','{\"pageSize\":\"10\",\"pageNum\":\"1\"}',NULL,0,NULL,'2024-07-06 19:53:56',835),(167,'菜单管理',1,'com.ruoyi.web.controller.system.SysMenuController.add()','POST',1,'admin','研发部门','/system/menu','127.0.0.1','内网IP','{\"children\":[],\"component\":\"indexMT\",\"createBy\":\"admin\",\"icon\":\"people\",\"isCache\":\"0\",\"isFrame\":\"1\",\"menuName\":\"首页\",\"menuType\":\"C\",\"orderNum\":0,\"params\":{},\"parentId\":0,\"path\":\"indexMT\",\"status\":\"0\",\"visible\":\"0\"}','{\"msg\":\"操作成功\",\"code\":200}',0,NULL,'2024-07-06 20:11:09',20),(168,'菜单管理',2,'com.ruoyi.web.controller.system.SysMenuController.edit()','PUT',1,'admin','研发部门','/system/menu','127.0.0.1','内网IP','{\"children\":[],\"component\":\"indexMT\",\"createTime\":\"2024-07-06 20:11:09\",\"icon\":\"people\",\"isCache\":\"0\",\"isFrame\":\"1\",\"menuId\":2027,\"menuName\":\"首页\",\"menuType\":\"C\",\"orderNum\":0,\"params\":{},\"parentId\":0,\"path\":\"indexMT\",\"perms\":\"\",\"status\":\"0\",\"updateBy\":\"admin\",\"visible\":\"0\"}','{\"msg\":\"操作成功\",\"code\":200}',0,NULL,'2024-07-06 20:11:43',9),(169,'成绩管理',3,'com.ruoyi.tm.controller.ScoreInfoController.remove()','DELETE',1,'admin','研发部门','/tm/score/5','127.0.0.1','内网IP','{}','{\"msg\":\"操作成功\",\"code\":200}',0,NULL,'2024-07-06 22:51:14',13),(170,'角色管理',2,'com.ruoyi.web.controller.system.SysRoleController.edit()','PUT',1,'admin','研发部门','/system/role','127.0.0.1','内网IP','{\"admin\":false,\"createTime\":\"2024-06-21 08:50:06\",\"dataScope\":\"1\",\"delFlag\":\"0\",\"deptCheckStrictly\":true,\"flag\":false,\"menuCheckStrictly\":true,\"menuIds\":[2000,2001],\"params\":{},\"remark\":\"学生的权限\",\"roleId\":100,\"roleKey\":\"student\",\"roleName\":\"学生\",\"roleSort\":3,\"status\":\"0\",\"updateBy\":\"admin\"}','{\"msg\":\"操作成功\",\"code\":200}',0,NULL,'2024-07-07 09:15:46',24),(171,'菜单管理',2,'com.ruoyi.web.controller.system.SysMenuController.edit()','PUT',1,'admin','研发部门','/system/menu','127.0.0.1','内网IP','{\"children\":[],\"component\":\"indexTM\",\"createTime\":\"2024-07-06 20:11:09\",\"icon\":\"people\",\"isCache\":\"0\",\"isFrame\":\"1\",\"menuId\":2027,\"menuName\":\"首页\",\"menuType\":\"C\",\"orderNum\":0,\"params\":{},\"parentId\":0,\"path\":\"indexTM\",\"perms\":\"\",\"status\":\"0\",\"updateBy\":\"admin\",\"visible\":\"0\"}','{\"msg\":\"操作成功\",\"code\":200}',0,NULL,'2024-07-07 09:16:02',16),(172,'Student',2,'com.ruoyi.tm.controller.StuInfoController.edit()','PUT',1,'admin','研发部门','/system/info','127.0.0.1','内网IP','{\"admMethod\":\"test\",\"classId\":1,\"id\":2,\"inSchool\":1,\"majorId\":1,\"name\":\"李四\",\"params\":{},\"sex\":\"1\",\"type\":\"普通本科\",\"user_name\":\"ry\"}','{\"msg\":\"操作成功\",\"code\":200}',0,NULL,'2024-07-07 12:34:24',17),(173,'代码生成',6,'com.ruoyi.generator.controller.GenController.importTableSave()','POST',1,'admin','研发部门','/tool/gen/importTable','127.0.0.1','内网IP','{\"tables\":\"course_info\"}','{\"msg\":\"操作成功\",\"code\":200}',0,NULL,'2024-07-07 14:33:09',102),(174,'代码生成',2,'com.ruoyi.generator.controller.GenController.editSave()','PUT',1,'admin','研发部门','/tool/gen','127.0.0.1','内网IP','{\"businessName\":\"info\",\"className\":\"CourseInfo\",\"columns\":[{\"capJavaField\":\"Id\",\"columnComment\":\"课程id\",\"columnId\":38,\"columnName\":\"id\",\"columnType\":\"int\",\"createBy\":\"admin\",\"createTime\":\"2024-07-07 14:33:09\",\"dictType\":\"\",\"edit\":false,\"htmlType\":\"input\",\"increment\":false,\"insert\":true,\"isIncrement\":\"0\",\"isInsert\":\"1\",\"isPk\":\"1\",\"isRequired\":\"0\",\"javaField\":\"id\",\"javaType\":\"Long\",\"list\":false,\"params\":{},\"pk\":true,\"query\":false,\"queryType\":\"EQ\",\"required\":false,\"sort\":1,\"superColumn\":false,\"tableId\":6,\"updateBy\":\"\",\"usableColumn\":false},{\"capJavaField\":\"Name\",\"columnComment\":\"课程名字\",\"columnId\":39,\"columnName\":\"name\",\"columnType\":\"varchar(45)\",\"createBy\":\"admin\",\"createTime\":\"2024-07-07 14:33:09\",\"dictType\":\"\",\"edit\":true,\"htmlType\":\"input\",\"increment\":false,\"insert\":true,\"isEdit\":\"1\",\"isIncrement\":\"0\",\"isInsert\":\"1\",\"isList\":\"1\",\"isPk\":\"0\",\"isQuery\":\"1\",\"isRequired\":\"1\",\"javaField\":\"name\",\"javaType\":\"String\",\"list\":true,\"params\":{},\"pk\":false,\"query\":true,\"queryType\":\"LIKE\",\"required\":true,\"sort\":2,\"superColumn\":false,\"tableId\":6,\"updateBy\":\"\",\"usableColumn\":false},{\"capJavaField\":\"Type\",\"columnComment\":\"课程类型\",\"columnId\":40,\"columnName\":\"type\",\"columnType\":\"varchar(45)\",\"createBy\":\"admin\",\"createTime\":\"2024-07-07 14:33:09\",\"dictType\":\"\",\"edit\":true,\"htmlType\":\"radio\",\"increment\":false,\"insert\":true,\"isEdit\":\"1\",\"isIncrement\":\"0\",\"isInsert\":\"1\",\"isList\":\"1\",\"isPk\":\"0\",\"isQuery\":\"1\",\"isRequired\":\"1\",\"javaField\":\"type\",\"javaType\":\"String\",\"list\":true,\"params\":{},\"pk\":false,\"query\":true,\"queryType\":\"EQ\",\"required\":true,\"sort\":3,\"superColumn\":false,\"tableId\":6,\"updateBy\":\"\",\"usableColumn\":false},{\"capJavaField\":\"PeoLimit\",\"columnComment\":\"人数限制\",\"columnId\":41,\"columnName\":\"peo_limit\",\"columnType\":\"int\",\"createBy\":\"admin\",\"createTime\":\"2024-07-07 14:33:09\",\"dictType\":\"\",\"edit\":true,\"htmlType\":\"input\",\"increment\":false,\"insert\":true,\"isEdit\":\"1\",\"isIncrement\":\"0\",\"isInsert\":\"1\",\"isList\":\"1\",\"isPk\":\"0\",\"isQuery\":\"1\",\"isRequired\":\"1\",\"javaField\":\"peoLimit\",\"javaType\":\"Long\",\"li','{\"msg\":\"操作成功\",\"code\":200}',0,NULL,'2024-07-07 14:34:11',26),(175,'代码生成',2,'com.ruoyi.generator.controller.GenController.editSave()','PUT',1,'admin','研发部门','/tool/gen','127.0.0.1','内网IP','{\"businessName\":\"Course\",\"className\":\"CourseInfo\",\"columns\":[{\"capJavaField\":\"Id\",\"columnComment\":\"课程id\",\"columnId\":38,\"columnName\":\"id\",\"columnType\":\"int\",\"createBy\":\"admin\",\"createTime\":\"2024-07-07 14:33:09\",\"dictType\":\"\",\"edit\":false,\"htmlType\":\"input\",\"increment\":false,\"insert\":true,\"isIncrement\":\"0\",\"isInsert\":\"1\",\"isPk\":\"1\",\"isRequired\":\"0\",\"javaField\":\"id\",\"javaType\":\"Long\",\"list\":false,\"params\":{},\"pk\":true,\"query\":false,\"queryType\":\"EQ\",\"required\":false,\"sort\":1,\"superColumn\":false,\"tableId\":6,\"updateBy\":\"\",\"updateTime\":\"2024-07-07 14:34:11\",\"usableColumn\":false},{\"capJavaField\":\"Name\",\"columnComment\":\"课程名字\",\"columnId\":39,\"columnName\":\"name\",\"columnType\":\"varchar(45)\",\"createBy\":\"admin\",\"createTime\":\"2024-07-07 14:33:09\",\"dictType\":\"\",\"edit\":true,\"htmlType\":\"input\",\"increment\":false,\"insert\":true,\"isEdit\":\"1\",\"isIncrement\":\"0\",\"isInsert\":\"1\",\"isList\":\"1\",\"isPk\":\"0\",\"isQuery\":\"1\",\"isRequired\":\"1\",\"javaField\":\"name\",\"javaType\":\"String\",\"list\":true,\"params\":{},\"pk\":false,\"query\":true,\"queryType\":\"LIKE\",\"required\":true,\"sort\":2,\"superColumn\":false,\"tableId\":6,\"updateBy\":\"\",\"updateTime\":\"2024-07-07 14:34:11\",\"usableColumn\":false},{\"capJavaField\":\"Type\",\"columnComment\":\"课程类型\",\"columnId\":40,\"columnName\":\"type\",\"columnType\":\"varchar(45)\",\"createBy\":\"admin\",\"createTime\":\"2024-07-07 14:33:09\",\"dictType\":\"\",\"edit\":true,\"htmlType\":\"radio\",\"increment\":false,\"insert\":true,\"isEdit\":\"1\",\"isIncrement\":\"0\",\"isInsert\":\"1\",\"isList\":\"1\",\"isPk\":\"0\",\"isQuery\":\"1\",\"isRequired\":\"1\",\"javaField\":\"type\",\"javaType\":\"String\",\"list\":true,\"params\":{},\"pk\":false,\"query\":true,\"queryType\":\"EQ\",\"required\":true,\"sort\":3,\"superColumn\":false,\"tableId\":6,\"updateBy\":\"\",\"updateTime\":\"2024-07-07 14:34:11\",\"usableColumn\":false},{\"capJavaField\":\"PeoLimit\",\"columnComment\":\"人数限制\",\"columnId\":41,\"columnName\":\"peo_limit\",\"columnType\":\"int\",\"createBy\":\"admin\",\"createTime\":\"2024-07-07 14:33:09\",\"dictType\":\"\",\"edit\":true,\"htmlType\":\"input\",\"increment\":false,\"insert\":true,\"isEdit\":\"1\",\"isIncrement\":\"0\",\"isInse','{\"msg\":\"操作成功\",\"code\":200}',0,NULL,'2024-07-07 14:34:47',21),(176,'代码生成',8,'com.ruoyi.generator.controller.GenController.batchGenCode()','GET',1,'admin','研发部门','/tool/gen/batchGenCode','127.0.0.1','内网IP','{\"tables\":\"course_info\"}',NULL,0,NULL,'2024-07-07 14:34:51',112),(177,'用户管理',2,'com.ruoyi.web.controller.system.SysUserController.edit()','PUT',1,'admin','研发部门','/system/user','127.0.0.1','内网IP','{\"admin\":false,\"avatar\":\"\",\"createBy\":\"\",\"delFlag\":\"0\",\"email\":\"\",\"loginIp\":\"\",\"nickName\":\"教师2\",\"params\":{},\"phonenumber\":\"\",\"postIds\":[],\"remark\":\"教师\",\"roleIds\":[101],\"roles\":[],\"sex\":\"0\",\"status\":\"0\",\"updateBy\":\"admin\",\"userId\":164,\"userName\":\"Tea2\"}','{\"msg\":\"操作成功\",\"code\":200}',0,NULL,'2024-07-07 23:57:01',29),(178,'用户管理',2,'com.ruoyi.web.controller.system.SysUserController.edit()','PUT',1,'admin','研发部门','/system/user','127.0.0.1','内网IP','{\"admin\":false,\"avatar\":\"\",\"createBy\":\"\",\"delFlag\":\"0\",\"email\":\"\",\"loginIp\":\"\",\"nickName\":\"教师1\",\"params\":{},\"phonenumber\":\"\",\"postIds\":[],\"remark\":\"教师\",\"roleIds\":[101],\"roles\":[],\"sex\":\"0\",\"status\":\"0\",\"updateBy\":\"admin\",\"userId\":163,\"userName\":\"Tea1\"}','{\"msg\":\"操作成功\",\"code\":200}',0,NULL,'2024-07-07 23:57:18',12),(179,'用户管理',2,'com.ruoyi.web.controller.system.SysUserController.edit()','PUT',1,'admin','研发部门','/system/user','127.0.0.1','内网IP','{\"admin\":false,\"avatar\":\"\",\"createBy\":\"\",\"delFlag\":\"0\",\"email\":\"\",\"loginIp\":\"\",\"nickName\":\"学生1\",\"params\":{},\"phonenumber\":\"\",\"postIds\":[],\"remark\":\"学生\",\"roleIds\":[100],\"roles\":[],\"sex\":\"0\",\"status\":\"0\",\"updateBy\":\"admin\",\"userId\":160,\"userName\":\"test1\"}','{\"msg\":\"操作成功\",\"code\":200}',0,NULL,'2024-07-07 23:57:24',11),(180,'用户管理',2,'com.ruoyi.web.controller.system.SysUserController.edit()','PUT',1,'admin','研发部门','/system/user','127.0.0.1','内网IP','{\"admin\":false,\"avatar\":\"\",\"createBy\":\"\",\"delFlag\":\"0\",\"email\":\"\",\"loginIp\":\"\",\"nickName\":\"学生0\",\"params\":{},\"phonenumber\":\"\",\"postIds\":[],\"remark\":\"学生\",\"roleIds\":[100],\"roles\":[],\"sex\":\"0\",\"status\":\"0\",\"updateBy\":\"admin\",\"userId\":161,\"userName\":\"test0\"}','{\"msg\":\"操作成功\",\"code\":200}',0,NULL,'2024-07-07 23:57:29',10),(181,'用户管理',2,'com.ruoyi.web.controller.system.SysUserController.edit()','PUT',1,'admin','研发部门','/system/user','127.0.0.1','内网IP','{\"admin\":false,\"avatar\":\"\",\"createBy\":\"admin\",\"createTime\":\"2024-06-01 19:39:51\",\"delFlag\":\"0\",\"dept\":{\"ancestors\":\"0,100,101\",\"children\":[],\"deptId\":104,\"deptName\":\"市场部门\",\"leader\":\"若依\",\"orderNum\":2,\"params\":{},\"parentId\":101,\"status\":\"0\"},\"deptId\":104,\"email\":\"15@qq.com\",\"loginIp\":\"\",\"nickName\":\"苏老师\",\"params\":{},\"phonenumber\":\"15016248165\",\"postIds\":[4],\"remark\":\"老师\",\"roleIds\":[102],\"roles\":[{\"admin\":false,\"dataScope\":\"2\",\"deptCheckStrictly\":false,\"flag\":false,\"menuCheckStrictly\":false,\"params\":{},\"roleId\":2,\"roleKey\":\"common\",\"roleName\":\"普通角色\",\"roleSort\":2,\"status\":\"0\"}],\"sex\":\"0\",\"status\":\"0\",\"updateBy\":\"admin\",\"userId\":100,\"userName\":\"苏老师\"}','{\"msg\":\"操作成功\",\"code\":200}',0,NULL,'2024-07-07 23:57:39',16),(182,'用户管理',2,'com.ruoyi.web.controller.system.SysUserController.resetPwd()','PUT',1,'admin','研发部门','/system/user/resetPwd','127.0.0.1','内网IP','{\"admin\":false,\"params\":{},\"updateBy\":\"admin\",\"userId\":2}','{\"msg\":\"操作成功\",\"code\":200}',0,NULL,'2024-07-08 00:17:53',78),(183,'用户管理',2,'com.ruoyi.web.controller.system.SysUserController.edit()','PUT',1,'admin','研发部门','/system/user','127.0.0.1','内网IP','{\"admin\":false,\"avatar\":\"\",\"createBy\":\"admin\",\"createTime\":\"2024-05-31 23:32:47\",\"delFlag\":\"0\",\"dept\":{\"ancestors\":\"0,100,101\",\"children\":[],\"deptId\":105,\"deptName\":\"测试部门\",\"leader\":\"若依\",\"orderNum\":3,\"params\":{},\"parentId\":101,\"status\":\"0\"},\"email\":\"ry@qq.com\",\"loginDate\":\"2024-05-31 23:32:47\",\"loginIp\":\"127.0.0.1\",\"nickName\":\"蓝老师\",\"params\":{},\"phonenumber\":\"15666666666\",\"postIds\":[2],\"remark\":\"测试员\",\"roleIds\":[102],\"roles\":[{\"admin\":false,\"dataScope\":\"2\",\"deptCheckStrictly\":false,\"flag\":false,\"menuCheckStrictly\":false,\"params\":{},\"roleId\":2,\"roleKey\":\"common\",\"roleName\":\"普通角色\",\"roleSort\":2,\"status\":\"0\"}],\"sex\":\"1\",\"status\":\"0\",\"updateBy\":\"admin\",\"userId\":2,\"userName\":\"ry\"}','{\"msg\":\"操作成功\",\"code\":200}',0,NULL,'2024-07-08 00:19:45',16),(184,'用户管理',2,'com.ruoyi.web.controller.system.SysUserController.edit()','PUT',1,'admin','研发部门','/system/user','127.0.0.1','内网IP','{\"admin\":false,\"avatar\":\"\",\"createBy\":\"admin\",\"createTime\":\"2024-05-31 23:32:47\",\"delFlag\":\"0\",\"dept\":{\"ancestors\":\"0,100,101\",\"children\":[],\"deptId\":105,\"deptName\":\"测试部门\",\"leader\":\"若依\",\"orderNum\":3,\"params\":{},\"parentId\":101,\"status\":\"0\"},\"email\":\"ry@qq.com\",\"loginDate\":\"2024-05-31 23:32:47\",\"loginIp\":\"127.0.0.1\",\"nickName\":\"蓝老师\",\"params\":{},\"phonenumber\":\"15666666666\",\"postIds\":[2],\"remark\":\"测试员\",\"roleIds\":[102],\"roles\":[{\"admin\":false,\"dataScope\":\"1\",\"deptCheckStrictly\":false,\"flag\":false,\"menuCheckStrictly\":false,\"params\":{},\"roleId\":102,\"roleKey\":\"m_teacher\",\"roleName\":\"教务老师\",\"roleSort\":5,\"status\":\"0\"}],\"sex\":\"1\",\"status\":\"0\",\"updateBy\":\"admin\",\"userId\":2,\"userName\":\"ry\"}','{\"msg\":\"操作成功\",\"code\":200}',0,NULL,'2024-07-08 00:19:52',14),(185,'用户管理',2,'com.ruoyi.web.controller.system.SysUserController.edit()','PUT',1,'admin','研发部门','/system/user','127.0.0.1','内网IP','{\"admin\":false,\"avatar\":\"\",\"createBy\":\"admin\",\"createTime\":\"2024-05-31 23:32:47\",\"delFlag\":\"0\",\"dept\":{\"ancestors\":\"0,100,101\",\"children\":[],\"deptId\":105,\"deptName\":\"测试部门\",\"leader\":\"若依\",\"orderNum\":3,\"params\":{},\"parentId\":101,\"status\":\"0\"},\"deptId\":100,\"email\":\"ry@qq.com\",\"loginDate\":\"2024-05-31 23:32:47\",\"loginIp\":\"127.0.0.1\",\"nickName\":\"蓝老师\",\"params\":{},\"phonenumber\":\"15666666666\",\"postIds\":[2],\"remark\":\"测试员\",\"roleIds\":[102],\"roles\":[{\"admin\":false,\"dataScope\":\"1\",\"deptCheckStrictly\":false,\"flag\":false,\"menuCheckStrictly\":false,\"params\":{},\"roleId\":102,\"roleKey\":\"m_teacher\",\"roleName\":\"教务老师\",\"roleSort\":5,\"status\":\"0\"}],\"sex\":\"1\",\"status\":\"0\",\"updateBy\":\"admin\",\"userId\":2,\"userName\":\"ry\"}','{\"msg\":\"操作成功\",\"code\":200}',0,NULL,'2024-07-08 00:19:59',14),(186,'用户管理',2,'com.ruoyi.web.controller.system.SysUserController.edit()','PUT',1,'admin','研发部门','/system/user','127.0.0.1','内网IP','{\"admin\":false,\"avatar\":\"\",\"createBy\":\"admin\",\"createTime\":\"2024-06-01 19:39:51\",\"delFlag\":\"0\",\"dept\":{\"ancestors\":\"0,100,101\",\"children\":[],\"deptId\":104,\"deptName\":\"市场部门\",\"leader\":\"若依\",\"orderNum\":2,\"params\":{},\"parentId\":101,\"status\":\"0\"},\"deptId\":104,\"email\":\"15@qq.com\",\"loginIp\":\"\",\"nickName\":\"苏老师\",\"params\":{},\"phonenumber\":\"15016248165\",\"postIds\":[4],\"remark\":\"老师\",\"roleIds\":[103],\"roles\":[{\"admin\":false,\"dataScope\":\"1\",\"deptCheckStrictly\":false,\"flag\":false,\"menuCheckStrictly\":false,\"params\":{},\"roleId\":102,\"roleKey\":\"m_teacher\",\"roleName\":\"教务老师\",\"roleSort\":5,\"status\":\"0\"}],\"sex\":\"0\",\"status\":\"0\",\"updateBy\":\"admin\",\"userId\":100,\"userName\":\"苏老师\"}','{\"msg\":\"操作成功\",\"code\":200}',0,NULL,'2024-07-08 00:20:47',14),(187,'用户管理',2,'com.ruoyi.web.controller.system.SysUserController.edit()','PUT',1,'admin','研发部门','/system/user','127.0.0.1','内网IP','{\"admin\":false,\"avatar\":\"\",\"createBy\":\"admin\",\"createTime\":\"2024-06-01 19:40:49\",\"delFlag\":\"0\",\"dept\":{\"ancestors\":\"0,100,101\",\"children\":[],\"deptId\":104,\"deptName\":\"市场部门\",\"leader\":\"若依\",\"orderNum\":2,\"params\":{},\"parentId\":101,\"status\":\"0\"},\"deptId\":104,\"email\":\"156@qq.com\",\"loginIp\":\"\",\"nickName\":\"吴某\",\"params\":{},\"phonenumber\":\"15094826584\",\"postIds\":[4],\"remark\":\"老师\",\"roleIds\":[101],\"roles\":[{\"admin\":false,\"dataScope\":\"2\",\"deptCheckStrictly\":false,\"flag\":false,\"menuCheckStrictly\":false,\"params\":{},\"roleId\":2,\"roleKey\":\"common\",\"roleName\":\"普通角色\",\"roleSort\":2,\"status\":\"0\"}],\"sex\":\"0\",\"status\":\"0\",\"updateBy\":\"admin\",\"userId\":101,\"userName\":\"吴老师\"}','{\"msg\":\"操作成功\",\"code\":200}',0,NULL,'2024-07-08 00:20:58',15),(188,'用户管理',2,'com.ruoyi.web.controller.system.SysUserController.edit()','PUT',1,'admin','研发部门','/system/user','127.0.0.1','内网IP','{\"admin\":false,\"avatar\":\"\",\"createBy\":\"\",\"delFlag\":\"0\",\"email\":\"\",\"loginIp\":\"\",\"nickName\":\"学生1\",\"params\":{},\"phonenumber\":\"\",\"postIds\":[],\"remark\":\"学生\",\"roleIds\":[100],\"roles\":[{\"admin\":false,\"dataScope\":\"1\",\"deptCheckStrictly\":false,\"flag\":false,\"menuCheckStrictly\":false,\"params\":{},\"roleId\":100,\"roleKey\":\"student\",\"roleName\":\"学生\",\"roleSort\":3,\"status\":\"0\"}],\"sex\":\"0\",\"status\":\"0\",\"updateBy\":\"admin\",\"userId\":160,\"userName\":\"test1\"}','{\"msg\":\"操作成功\",\"code\":200}',0,NULL,'2024-07-08 00:21:07',11),(189,'用户管理',2,'com.ruoyi.web.controller.system.SysUserController.resetPwd()','PUT',1,'admin','研发部门','/system/user/resetPwd','127.0.0.1','内网IP','{\"admin\":false,\"params\":{},\"updateBy\":\"admin\",\"userId\":160}','{\"msg\":\"操作成功\",\"code\":200}',0,NULL,'2024-07-08 00:21:15',79),(190,'用户管理',2,'com.ruoyi.web.controller.system.SysUserController.resetPwd()','PUT',1,'admin','研发部门','/system/user/resetPwd','127.0.0.1','内网IP','{\"admin\":false,\"params\":{},\"updateBy\":\"admin\",\"userId\":101}','{\"msg\":\"操作成功\",\"code\":200}',0,NULL,'2024-07-08 00:21:24',80),(191,'用户管理',2,'com.ruoyi.web.controller.system.SysUserController.resetPwd()','PUT',1,'admin','研发部门','/system/user/resetPwd','127.0.0.1','内网IP','{\"admin\":false,\"params\":{},\"updateBy\":\"admin\",\"userId\":100}','{\"msg\":\"操作成功\",\"code\":200}',0,NULL,'2024-07-08 00:21:33',77),(192,'用户管理',2,'com.ruoyi.web.controller.system.SysUserController.resetPwd()','PUT',1,'admin','研发部门','/system/user/resetPwd','127.0.0.1','内网IP','{\"admin\":false,\"params\":{},\"updateBy\":\"admin\",\"userId\":157}','{\"msg\":\"操作成功\",\"code\":200}',0,NULL,'2024-07-08 00:22:54',79),(193,'参数管理',2,'com.ruoyi.web.controller.system.SysConfigController.edit()','PUT',1,'admin','研发部门','/system/config','127.0.0.1','内网IP','{\"configId\":4,\"configKey\":\"sys.account.captchaEnabled\",\"configName\":\"账号自助-验证码开关\",\"configType\":\"N\",\"configValue\":\"true\",\"createBy\":\"admin\",\"createTime\":\"2024-05-31 23:32:48\",\"params\":{},\"remark\":\"是否开启验证码功能（true开启，false关闭）\",\"updateBy\":\"admin\"}','{\"msg\":\"操作成功\",\"code\":200}',0,NULL,'2024-07-08 00:24:39',15),(194,'角色管理',2,'com.ruoyi.web.controller.system.SysRoleController.edit()','PUT',1,'admin','研发部门','/system/role','127.0.0.1','内网IP','{\"admin\":false,\"createTime\":\"2024-05-31 23:32:47\",\"dataScope\":\"2\",\"delFlag\":\"0\",\"deptCheckStrictly\":true,\"flag\":false,\"menuCheckStrictly\":true,\"menuIds\":[2000,3,2001,2027,1,100,1000,1001,1002,1003,1004,1005,1006,101,1007,1008,1009,1010,1011,102,1012,1013,1014,1015,103,1016,1017,1018,1019,104,1020,1021,1022,1023,1024,105,1025,1026,1027,1028,1029,106,1030,1031,1032,1033,1034,107,1035,1036,1037,1038,108,500,1039,1040,1041,501,1042,1043,1044,1045,2,109,1046,1047,1048,110,1049,1050,1051,1052,1053,1054,111,112,113,114,115,116,1055,1056,1057,1058,1059,1060,117,4],\"params\":{},\"remark\":\"普通角色\",\"roleId\":2,\"roleKey\":\"common\",\"roleName\":\"普通角色\",\"roleSort\":2,\"status\":\"0\",\"updateBy\":\"admin\"}','{\"msg\":\"操作成功\",\"code\":200}',0,NULL,'2024-07-08 00:25:02',21),(195,'角色管理',2,'com.ruoyi.web.controller.system.SysRoleController.edit()','PUT',1,'admin','研发部门','/system/role','127.0.0.1','内网IP','{\"admin\":false,\"createTime\":\"2024-06-21 08:51:36\",\"dataScope\":\"1\",\"delFlag\":\"0\",\"deptCheckStrictly\":true,\"flag\":false,\"menuCheckStrictly\":true,\"menuIds\":[2000,2001,2002,2003,2004,2005,2006,2007,2008,2009,2010,2011,2012,2013,2014,2015,2016,2017,2018,2019,2020,2021,2022,2023,2024,2025,2026,2027,1,100,1000,1001,1002,1003,1004,1005,1006,101,1007,1008,1009,1010,1011,102,1012,1013,1014,1015,103,1016,1017,1018,1019,104,1020,1021,1022,1023,1024,105,1025,1026,1027,1028,1029,106,1030,1031,1032,1033,1034,107,1035,1036,1037,1038,108,500,1039,1040,1041,501,1042,1043,1044,1045,2,109,1046,1047,1048,110,1049,1050,1051,1052,1053,1054,111,112,113,114,3,115,2028,2029,2030,2031,2032,2033,116,1055,1056,1057,1058,1059,1060,117,4],\"params\":{},\"remark\":\"教务老师权限\",\"roleId\":102,\"roleKey\":\"m_teacher\",\"roleName\":\"教务老师\",\"roleSort\":5,\"status\":\"0\",\"updateBy\":\"admin\"}','{\"msg\":\"操作成功\",\"code\":200}',0,NULL,'2024-07-08 00:25:17',15),(196,'角色管理',2,'com.ruoyi.web.controller.system.SysRoleController.edit()','PUT',1,'admin','研发部门','/system/role','127.0.0.1','内网IP','{\"admin\":false,\"createTime\":\"2024-07-05 21:10:36\",\"dataScope\":\"1\",\"delFlag\":\"0\",\"deptCheckStrictly\":true,\"flag\":false,\"menuCheckStrictly\":true,\"menuIds\":[2000,2001,2002,2003,2004,2005,2006,2007,2008,2009,2010,2011,2012,2013,2014,2015,2016,2017,2018,2019,2020,2021,2022,2023,2024,2025,2026],\"params\":{},\"remark\":\"班主任权限\",\"roleId\":103,\"roleKey\":\"ClassTeacher\",\"roleName\":\"班主任\",\"roleSort\":6,\"status\":\"0\",\"updateBy\":\"admin\"}','{\"msg\":\"操作成功\",\"code\":200}',0,NULL,'2024-07-08 00:25:48',13),(197,'角色管理',2,'com.ruoyi.web.controller.system.SysRoleController.edit()','PUT',1,'admin','研发部门','/system/role','127.0.0.1','内网IP','{\"admin\":false,\"createTime\":\"2024-06-21 08:50:55\",\"dataScope\":\"1\",\"delFlag\":\"0\",\"deptCheckStrictly\":true,\"flag\":false,\"menuCheckStrictly\":true,\"menuIds\":[2000,2001,2002,2003,2004,2005,2006,2007,2008,2009,2010,2011,2012,2013,2014,2015,2016,2017,2018,2019,2020,2021,2022,2023,2024,2025,2026],\"params\":{},\"remark\":\"教师权限\",\"roleId\":101,\"roleKey\":\"teacher\",\"roleName\":\"教师\",\"roleSort\":4,\"status\":\"0\",\"updateBy\":\"admin\"}','{\"msg\":\"操作成功\",\"code\":200}',0,NULL,'2024-07-08 00:26:03',10),(198,'角色管理',2,'com.ruoyi.web.controller.system.SysRoleController.edit()','PUT',1,'admin','研发部门','/system/role','127.0.0.1','内网IP','{\"admin\":false,\"createTime\":\"2024-06-21 08:50:55\",\"dataScope\":\"1\",\"delFlag\":\"0\",\"deptCheckStrictly\":true,\"flag\":false,\"menuCheckStrictly\":true,\"menuIds\":[2000,2001,2002,2003,2004,2005,2006,2007,2008,2009,2010,2011,2012,2013,2014,2015,2016,2017,2018,2019,2020,2021,2022,2023,2024,2025,2026],\"params\":{},\"remark\":\"教师权限\",\"roleId\":101,\"roleKey\":\"teacher\",\"roleName\":\"教师\",\"roleSort\":4,\"status\":\"0\",\"updateBy\":\"admin\"}','{\"msg\":\"操作成功\",\"code\":200}',0,NULL,'2024-07-08 00:31:20',13),(199,'部门管理',2,'com.ruoyi.web.controller.system.SysDeptController.edit()','PUT',1,'admin','研发部门','/system/dept','127.0.0.1','内网IP','{\"ancestors\":\"0,100\",\"children\":[],\"deptId\":101,\"deptName\":\"珠海校区\",\"email\":\"ry@qq.com\",\"leader\":\"若依\",\"orderNum\":1,\"params\":{},\"parentId\":100,\"parentName\":\"中山大学\",\"phone\":\"15888888888\",\"status\":\"0\",\"updateBy\":\"admin\"}','{\"msg\":\"操作成功\",\"code\":200}',0,NULL,'2024-07-08 00:33:27',17),(200,'部门管理',2,'com.ruoyi.web.controller.system.SysDeptController.edit()','PUT',1,'admin','研发部门','/system/dept','127.0.0.1','内网IP','{\"ancestors\":\"0,100\",\"children\":[],\"deptId\":102,\"deptName\":\"南校区\",\"email\":\"ry@qq.com\",\"leader\":\"若依\",\"orderNum\":2,\"params\":{},\"parentId\":100,\"parentName\":\"中山大学\",\"phone\":\"15888888888\",\"status\":\"0\",\"updateBy\":\"admin\"}','{\"msg\":\"操作成功\",\"code\":200}',0,NULL,'2024-07-08 00:33:37',10),(201,'部门管理',2,'com.ruoyi.web.controller.system.SysDeptController.edit()','PUT',1,'admin','研发部门','/system/dept','127.0.0.1','内网IP','{\"ancestors\":\"0,100,102\",\"children\":[],\"deptId\":108,\"deptName\":\"管理学院\",\"email\":\"ry@qq.com\",\"leader\":\"若依\",\"orderNum\":1,\"params\":{},\"parentId\":102,\"parentName\":\"南校区\",\"phone\":\"15888888888\",\"status\":\"0\",\"updateBy\":\"admin\"}','{\"msg\":\"操作成功\",\"code\":200}',0,NULL,'2024-07-08 00:34:00',9),(202,'部门管理',2,'com.ruoyi.web.controller.system.SysDeptController.edit()','PUT',1,'admin','研发部门','/system/dept','127.0.0.1','内网IP','{\"ancestors\":\"0,100,101\",\"children\":[],\"deptId\":103,\"deptName\":\"软件工程学院\",\"email\":\"ry@qq.com\",\"leader\":\"若依\",\"orderNum\":1,\"params\":{},\"parentId\":101,\"parentName\":\"珠海校区\",\"phone\":\"15888888888\",\"status\":\"0\",\"updateBy\":\"admin\"}','{\"msg\":\"操作成功\",\"code\":200}',0,NULL,'2024-07-08 00:34:10',10),(203,'部门管理',2,'com.ruoyi.web.controller.system.SysDeptController.edit()','PUT',1,'admin','研发部门','/system/dept','127.0.0.1','内网IP','{\"ancestors\":\"0,100,101\",\"children\":[],\"deptId\":104,\"deptName\":\"人工智能学院\",\"email\":\"ry@qq.com\",\"leader\":\"若依\",\"orderNum\":2,\"params\":{},\"parentId\":101,\"parentName\":\"珠海校区\",\"phone\":\"15888888888\",\"status\":\"0\",\"updateBy\":\"admin\"}','{\"msg\":\"操作成功\",\"code\":200}',0,NULL,'2024-07-08 00:34:30',14),(204,'部门管理',2,'com.ruoyi.web.controller.system.SysDeptController.edit()','PUT',1,'admin','研发部门','/system/dept','127.0.0.1','内网IP','{\"ancestors\":\"0,100,101\",\"children\":[],\"deptId\":105,\"deptName\":\"微电子学院\",\"email\":\"ry@qq.com\",\"leader\":\"若依\",\"orderNum\":3,\"params\":{},\"parentId\":101,\"parentName\":\"珠海校区\",\"phone\":\"15888888888\",\"status\":\"0\",\"updateBy\":\"admin\"}','{\"msg\":\"操作成功\",\"code\":200}',0,NULL,'2024-07-08 00:34:46',9),(205,'部门管理',2,'com.ruoyi.web.controller.system.SysDeptController.edit()','PUT',1,'admin','研发部门','/system/dept','127.0.0.1','内网IP','{\"ancestors\":\"0,100,101\",\"children\":[],\"deptId\":106,\"deptName\":\"土木工程学院\",\"email\":\"ry@qq.com\",\"leader\":\"若依\",\"orderNum\":4,\"params\":{},\"parentId\":101,\"parentName\":\"珠海校区\",\"phone\":\"15888888888\",\"status\":\"0\",\"updateBy\":\"admin\"}','{\"msg\":\"操作成功\",\"code\":200}',0,NULL,'2024-07-08 00:35:03',9),(206,'部门管理',3,'com.ruoyi.web.controller.system.SysDeptController.remove()','DELETE',1,'admin','研发部门','/system/dept/107','127.0.0.1','内网IP','{}','{\"msg\":\"操作成功\",\"code\":200}',0,NULL,'2024-07-08 00:35:13',6),(207,'部门管理',2,'com.ruoyi.web.controller.system.SysDeptController.edit()','PUT',1,'admin','研发部门','/system/dept','127.0.0.1','内网IP','{\"ancestors\":\"0,100,102\",\"children\":[],\"deptId\":109,\"deptName\":\"管理学院\",\"email\":\"ry@qq.com\",\"leader\":\"若依\",\"orderNum\":2,\"params\":{},\"parentId\":102,\"parentName\":\"南校区\",\"phone\":\"15888888888\",\"status\":\"0\"}','{\"msg\":\"修改部门\'管理学院\'失败，部门名称已存在\",\"code\":500}',0,NULL,'2024-07-08 00:35:27',2),(208,'部门管理',2,'com.ruoyi.web.controller.system.SysDeptController.edit()','PUT',1,'admin','研发部门','/system/dept','127.0.0.1','内网IP','{\"ancestors\":\"0,100,102\",\"children\":[],\"deptId\":109,\"deptName\":\"数学学院\",\"email\":\"ry@qq.com\",\"leader\":\"若依\",\"orderNum\":2,\"params\":{},\"parentId\":102,\"parentName\":\"南校区\",\"phone\":\"15888888888\",\"status\":\"0\",\"updateBy\":\"admin\"}','{\"msg\":\"操作成功\",\"code\":200}',0,NULL,'2024-07-08 00:35:34',8),(209,'菜单管理',3,'com.ruoyi.web.controller.system.SysMenuController.remove()','DELETE',1,'admin','研发部门','/system/menu/4','127.0.0.1','内网IP','{}','{\"msg\":\"菜单已分配,不允许删除\",\"code\":601}',0,NULL,'2024-07-08 00:36:03',2),(210,'角色管理',2,'com.ruoyi.web.controller.system.SysRoleController.edit()','PUT',1,'admin','研发部门','/system/role','127.0.0.1','内网IP','{\"admin\":false,\"createTime\":\"2024-05-31 23:32:47\",\"dataScope\":\"2\",\"delFlag\":\"0\",\"deptCheckStrictly\":true,\"flag\":false,\"menuCheckStrictly\":true,\"menuIds\":[2000,3,2001,2027,1,100,1000,1001,1002,1003,1004,1005,1006,101,1007,1008,1009,1010,1011,102,1012,1013,1014,1015,103,1016,1017,1018,1019,104,1020,1021,1022,1023,1024,105,1025,1026,1027,1028,1029,106,1030,1031,1032,1033,1034,107,1035,1036,1037,1038,108,500,1039,1040,1041,501,1042,1043,1044,1045,2,109,1046,1047,1048,110,1049,1050,1051,1052,1053,1054,111,112,113,114,115,116,1055,1056,1057,1058,1059,1060,117],\"params\":{},\"remark\":\"普通角色\",\"roleId\":2,\"roleKey\":\"common\",\"roleName\":\"普通角色\",\"roleSort\":2,\"status\":\"0\",\"updateBy\":\"admin\"}','{\"msg\":\"操作成功\",\"code\":200}',0,NULL,'2024-07-08 00:36:12',15),(211,'菜单管理',3,'com.ruoyi.web.controller.system.SysMenuController.remove()','DELETE',1,'admin','研发部门','/system/menu/4','127.0.0.1','内网IP','{}','{\"msg\":\"菜单已分配,不允许删除\",\"code\":601}',0,NULL,'2024-07-08 00:36:20',3),(212,'角色管理',2,'com.ruoyi.web.controller.system.SysRoleController.edit()','PUT',1,'admin','研发部门','/system/role','127.0.0.1','内网IP','{\"admin\":false,\"createTime\":\"2024-06-21 08:51:36\",\"dataScope\":\"1\",\"delFlag\":\"0\",\"deptCheckStrictly\":true,\"flag\":false,\"menuCheckStrictly\":true,\"menuIds\":[2000,2001,2002,2003,2004,2005,2006,2007,2008,2009,2010,2011,2012,2013,2014,2015,2016,2017,2018,2019,2020,2021,2022,2023,2024,2025,2026,2027,1,100,1000,1001,1002,1003,1004,1005,1006,101,1007,1008,1009,1010,1011,102,1012,1013,1014,1015,103,1016,1017,1018,1019,104,1020,1021,1022,1023,1024,105,1025,1026,1027,1028,1029,106,1030,1031,1032,1033,1034,107,1035,1036,1037,1038,108,500,1039,1040,1041,501,1042,1043,1044,1045,2,109,1046,1047,1048,110,1049,1050,1051,1052,1053,1054,111,112,113,114,3,115,2028,2029,2030,2031,2032,2033,116,1055,1056,1057,1058,1059,1060,117],\"params\":{},\"remark\":\"教务老师权限\",\"roleId\":102,\"roleKey\":\"m_teacher\",\"roleName\":\"教务老师\",\"roleSort\":5,\"status\":\"0\",\"updateBy\":\"admin\"}','{\"msg\":\"操作成功\",\"code\":200}',0,NULL,'2024-07-08 00:36:35',13),(213,'菜单管理',3,'com.ruoyi.web.controller.system.SysMenuController.remove()','DELETE',1,'admin','研发部门','/system/menu/4','127.0.0.1','内网IP','{}','{\"msg\":\"操作成功\",\"code\":200}',0,NULL,'2024-07-08 00:36:44',5),(214,'菜单管理',2,'com.ruoyi.web.controller.system.SysMenuController.edit()','PUT',1,'admin','研发部门','/system/menu','127.0.0.1','内网IP','{\"children\":[],\"createTime\":\"2024-06-12 19:09:17\",\"icon\":\"chart\",\"isCache\":\"0\",\"isFrame\":\"1\",\"menuId\":2000,\"menuName\":\"成绩分析\",\"menuType\":\"M\",\"orderNum\":1,\"params\":{},\"parentId\":0,\"path\":\"tm\",\"perms\":\"\",\"status\":\"0\",\"updateBy\":\"admin\",\"visible\":\"0\"}','{\"msg\":\"操作成功\",\"code\":200}',0,NULL,'2024-07-08 00:36:59',10),(215,'菜单管理',2,'com.ruoyi.web.controller.system.SysMenuController.edit()','PUT',1,'admin','研发部门','/system/menu','127.0.0.1','内网IP','{\"children\":[],\"createTime\":\"2024-05-31 23:32:47\",\"icon\":\"system\",\"isCache\":\"0\",\"isFrame\":\"1\",\"menuId\":1,\"menuName\":\"系统管理\",\"menuType\":\"M\",\"orderNum\":2,\"params\":{},\"parentId\":0,\"path\":\"system\",\"perms\":\"\",\"query\":\"\",\"status\":\"0\",\"updateBy\":\"admin\",\"visible\":\"0\"}','{\"msg\":\"操作成功\",\"code\":200}',0,NULL,'2024-07-08 00:37:06',6),(216,'菜单管理',2,'com.ruoyi.web.controller.system.SysMenuController.edit()','PUT',1,'admin','研发部门','/system/menu','127.0.0.1','内网IP','{\"children\":[],\"createTime\":\"2024-05-31 23:32:47\",\"icon\":\"monitor\",\"isCache\":\"0\",\"isFrame\":\"1\",\"menuId\":2,\"menuName\":\"系统监控\",\"menuType\":\"M\",\"orderNum\":3,\"params\":{},\"parentId\":0,\"path\":\"monitor\",\"perms\":\"\",\"query\":\"\",\"status\":\"0\",\"updateBy\":\"admin\",\"visible\":\"0\"}','{\"msg\":\"操作成功\",\"code\":200}',0,NULL,'2024-07-08 00:37:13',6),(217,'菜单管理',2,'com.ruoyi.web.controller.system.SysMenuController.edit()','PUT',1,'admin','研发部门','/system/menu','127.0.0.1','内网IP','{\"children\":[],\"createTime\":\"2024-05-31 23:32:47\",\"icon\":\"tool\",\"isCache\":\"0\",\"isFrame\":\"1\",\"menuId\":3,\"menuName\":\"系统工具\",\"menuType\":\"M\",\"orderNum\":4,\"params\":{},\"parentId\":0,\"path\":\"tool\",\"perms\":\"\",\"query\":\"\",\"status\":\"0\",\"updateBy\":\"admin\",\"visible\":\"0\"}','{\"msg\":\"操作成功\",\"code\":200}',0,NULL,'2024-07-08 00:37:24',6),(218,'菜单管理',1,'com.ruoyi.web.controller.system.SysMenuController.add()','POST',1,'admin','研发部门','/system/menu','127.0.0.1','内网IP','{\"children\":[],\"createBy\":\"admin\",\"isCache\":\"0\",\"isFrame\":\"1\",\"menuName\":\"成绩查询\",\"menuType\":\"F\",\"orderNum\":1,\"params\":{},\"parentId\":2001,\"perms\":\"tm:score:query\",\"status\":\"0\",\"visible\":\"0\"}','{\"msg\":\"操作成功\",\"code\":200}',0,NULL,'2024-07-08 00:42:04',6),(219,'菜单管理',1,'com.ruoyi.web.controller.system.SysMenuController.add()','POST',1,'admin','研发部门','/system/menu','127.0.0.1','内网IP','{\"children\":[],\"createBy\":\"admin\",\"isCache\":\"0\",\"isFrame\":\"1\",\"menuName\":\"成绩新增\",\"menuType\":\"F\",\"orderNum\":2,\"params\":{},\"parentId\":2001,\"perms\":\"tm:score:add\",\"status\":\"0\",\"visible\":\"0\"}','{\"msg\":\"操作成功\",\"code\":200}',0,NULL,'2024-07-08 00:42:30',6),(220,'菜单管理',1,'com.ruoyi.web.controller.system.SysMenuController.add()','POST',1,'admin','研发部门','/system/menu','127.0.0.1','内网IP','{\"children\":[],\"createBy\":\"admin\",\"isCache\":\"0\",\"isFrame\":\"1\",\"menuName\":\"成绩修改\",\"menuType\":\"F\",\"orderNum\":3,\"params\":{},\"parentId\":2001,\"perms\":\"tm:score:edit\",\"status\":\"0\",\"visible\":\"0\"}','{\"msg\":\"操作成功\",\"code\":200}',0,NULL,'2024-07-08 00:42:53',5),(221,'菜单管理',1,'com.ruoyi.web.controller.system.SysMenuController.add()','POST',1,'admin','研发部门','/system/menu','127.0.0.1','内网IP','{\"children\":[],\"createBy\":\"admin\",\"isCache\":\"0\",\"isFrame\":\"1\",\"menuName\":\"成绩删除\",\"menuType\":\"F\",\"orderNum\":4,\"params\":{},\"parentId\":2001,\"perms\":\"tm:score:remove\",\"status\":\"0\",\"visible\":\"0\"}','{\"msg\":\"操作成功\",\"code\":200}',0,NULL,'2024-07-08 00:43:43',5),(222,'菜单管理',1,'com.ruoyi.web.controller.system.SysMenuController.add()','POST',1,'admin','研发部门','/system/menu','127.0.0.1','内网IP','{\"children\":[],\"createBy\":\"admin\",\"isCache\":\"0\",\"isFrame\":\"1\",\"menuName\":\"成绩导出\",\"menuType\":\"F\",\"orderNum\":5,\"params\":{},\"parentId\":2001,\"perms\":\"tm:score:export\",\"status\":\"0\",\"visible\":\"0\"}','{\"msg\":\"操作成功\",\"code\":200}',0,NULL,'2024-07-08 00:44:15',6),(223,'菜单管理',1,'com.ruoyi.web.controller.system.SysMenuController.add()','POST',1,'admin','研发部门','/system/menu','127.0.0.1','内网IP','{\"children\":[],\"createBy\":\"admin\",\"isCache\":\"0\",\"isFrame\":\"1\",\"menuName\":\"成绩导入\",\"menuType\":\"F\",\"orderNum\":6,\"params\":{},\"parentId\":2001,\"perms\":\"tm:score:import\",\"status\":\"0\",\"visible\":\"0\"}','{\"msg\":\"操作成功\",\"code\":200}',0,NULL,'2024-07-08 00:44:56',6),(224,'课程信息',1,'com.ruoyi.tm.controller.CourseInfoController.add()','POST',1,'admin','软件工程学院','/tm/Course','127.0.0.1','内网IP','{\"credit\":5,\"facId\":1,\"name\":\"概率统计\",\"params\":{},\"peoLimit\":120,\"startSem\":1,\"startYear\":22,\"teachId\":100,\"totTime\":20}',NULL,1,'\r\n### Error updating database.  Cause: java.sql.SQLException: Field \'id\' doesn\'t have a default value\r\n### The error may exist in file [F:\\grade_sys\\grade_inquiry_system\\ruoyi-tm\\target\\classes\\mapper\\tm\\CourseInfoMapper.xml]\r\n### The error may involve com.ruoyi.tm.mapper.CourseInfoMapper.insertCourseInfo-Inline\r\n### The error occurred while setting parameters\r\n### SQL: insert into course_info          ( name,                          peo_limit,             credit,             tot_time,                          start_year,             start_sem,             fac_id,             teach_id )           values ( ?,                          ?,             ?,             ?,                          ?,             ?,             ?,             ? )\r\n### Cause: java.sql.SQLException: Field \'id\' doesn\'t have a default value\n; Field \'id\' doesn\'t have a default value; nested exception is java.sql.SQLException: Field \'id\' doesn\'t have a default value','2024-07-08 09:01:46',75),(225,'课程信息',1,'com.ruoyi.tm.controller.CourseInfoController.add()','POST',1,'admin','软件工程学院','/tm/Course','127.0.0.1','内网IP','{\"credit\":5,\"facId\":1,\"name\":\"概率统计\",\"params\":{},\"peoLimit\":120,\"startSem\":1,\"startYear\":22,\"teachId\":100,\"totTime\":20}',NULL,1,'\r\n### Error updating database.  Cause: java.sql.SQLException: Field \'type\' doesn\'t have a default value\r\n### The error may exist in file [F:\\grade_sys\\grade_inquiry_system\\ruoyi-tm\\target\\classes\\mapper\\tm\\CourseInfoMapper.xml]\r\n### The error may involve com.ruoyi.tm.mapper.CourseInfoMapper.insertCourseInfo-Inline\r\n### The error occurred while setting parameters\r\n### SQL: insert into course_info          ( name,                          peo_limit,             credit,             tot_time,                          start_year,             start_sem,             fac_id,             teach_id )           values ( ?,                          ?,             ?,             ?,                          ?,             ?,             ?,             ? )\r\n### Cause: java.sql.SQLException: Field \'type\' doesn\'t have a default value\n; Field \'type\' doesn\'t have a default value; nested exception is java.sql.SQLException: Field \'type\' doesn\'t have a default value','2024-07-08 09:03:32',5),(226,'课程信息',1,'com.ruoyi.tm.controller.CourseInfoController.add()','POST',1,'admin','软件工程学院','/tm/Course','127.0.0.1','内网IP','{\"credit\":5,\"facId\":1,\"name\":\"概率统计\",\"params\":{},\"peoLimit\":120,\"startSem\":1,\"startYear\":22,\"teachId\":100,\"totTime\":20}',NULL,1,'\r\n### Error updating database.  Cause: java.sql.SQLException: Field \'type\' doesn\'t have a default value\r\n### The error may exist in file [F:\\grade_sys\\grade_inquiry_system\\ruoyi-tm\\target\\classes\\mapper\\tm\\CourseInfoMapper.xml]\r\n### The error may involve com.ruoyi.tm.mapper.CourseInfoMapper.insertCourseInfo-Inline\r\n### The error occurred while setting parameters\r\n### SQL: insert into course_info          ( name,                          peo_limit,             credit,             tot_time,                          start_year,             start_sem,             fac_id,             teach_id )           values ( ?,                          ?,             ?,             ?,                          ?,             ?,             ?,             ? )\r\n### Cause: java.sql.SQLException: Field \'type\' doesn\'t have a default value\n; Field \'type\' doesn\'t have a default value; nested exception is java.sql.SQLException: Field \'type\' doesn\'t have a default value','2024-07-08 09:05:46',191),(227,'课程信息',1,'com.ruoyi.tm.controller.CourseInfoController.add()','POST',1,'admin','软件工程学院','/tm/Course','127.0.0.1','内网IP','{\"credit\":5,\"facId\":1,\"name\":\"概率统计\",\"params\":{},\"peoLimit\":120,\"startSem\":1,\"startYear\":22,\"teachId\":100,\"totTime\":20}',NULL,1,'\r\n### Error updating database.  Cause: java.sql.SQLException: Field \'type\' doesn\'t have a default value\r\n### The error may exist in file [F:\\grade_sys\\grade_inquiry_system\\ruoyi-tm\\target\\classes\\mapper\\tm\\CourseInfoMapper.xml]\r\n### The error may involve com.ruoyi.tm.mapper.CourseInfoMapper.insertCourseInfo-Inline\r\n### The error occurred while setting parameters\r\n### SQL: insert into course_info          ( name,                          peo_limit,             credit,             tot_time,                          start_year,             start_sem,             fac_id,             teach_id )           values ( ?,                          ?,             ?,             ?,                          ?,             ?,             ?,             ? )\r\n### Cause: java.sql.SQLException: Field \'type\' doesn\'t have a default value\n; Field \'type\' doesn\'t have a default value; nested exception is java.sql.SQLException: Field \'type\' doesn\'t have a default value','2024-07-08 09:12:56',8),(228,'课程信息',2,'com.ruoyi.tm.controller.CourseInfoController.edit()','PUT',1,'admin','软件工程学院','/tm/Course','127.0.0.1','内网IP','{\"credit\":4,\"facId\":1,\"finalMethod\":\"考试\",\"id\":1,\"name\":\"计算机组成原理\",\"params\":{},\"peoLimit\":50,\"startSem\":1,\"startYear\":21,\"teachId\":100,\"totTime\":201,\"type\":\"专必\"}','{\"msg\":\"操作成功\",\"code\":200}',0,NULL,'2024-07-08 09:18:52',9),(229,'Student',2,'com.ruoyi.tm.controller.StuInfoController.edit()','PUT',1,'admin','软件工程学院','/system/info','127.0.0.1','内网IP','{\"admMethod\":\"一般统考\",\"classId\":1,\"id\":1,\"inSchool\":0,\"majorId\":2,\"name\":\"adm\",\"params\":{},\"sex\":\"1\",\"stuStatus\":1,\"type\":\"普通考生\",\"user_name\":\"admin\"}',NULL,1,'\r\n### Error updating database.  Cause: java.sql.SQLIntegrityConstraintViolationException: Cannot add or update a child row: a foreign key constraint fails (`tm_db`.`stu_info`, CONSTRAINT `fk_majorid` FOREIGN KEY (`major_id`) REFERENCES `major_info` (`id`) ON DELETE RESTRICT ON UPDATE RESTRICT)\r\n### The error may exist in file [F:\\grade_sys\\grade_inquiry_system\\ruoyi-tm\\target\\classes\\mapper\\tm\\StuInfoMapper.xml]\r\n### The error may involve com.ruoyi.tm.mapper.StuInfoMapper.updateStuInfo-Inline\r\n### The error occurred while setting parameters\r\n### SQL: update stu_info          SET name = ?,             type = ?,             adm_method = ?,             in_school = ?,             stu_status = ?,             class_id = ?,             major_id = ?          where id = ?\r\n### Cause: java.sql.SQLIntegrityConstraintViolationException: Cannot add or update a child row: a foreign key constraint fails (`tm_db`.`stu_info`, CONSTRAINT `fk_majorid` FOREIGN KEY (`major_id`) REFERENCES `major_info` (`id`) ON DELETE RESTRICT ON UPDATE RESTRICT)\n; Cannot add or update a child row: a foreign key constraint fails (`tm_db`.`stu_info`, CONSTRAINT `fk_majorid` FOREIGN KEY (`major_id`) REFERENCES `major_info` (`id`) ON DELETE RESTRICT ON UPDATE RESTRICT); nested exception is java.sql.SQLIntegrityConstraintViolationException: Cannot add or update a child row: a foreign key constraint fails (`tm_db`.`stu_info`, CONSTRAINT `fk_majorid` FOREIGN KEY (`major_id`) REFERENCES `major_info` (`id`) ON DELETE RESTRICT ON UPDATE RESTRICT)','2024-07-08 09:21:17',13),(230,'Student',2,'com.ruoyi.tm.controller.StuInfoController.edit()','PUT',1,'admin','软件工程学院','/system/info','127.0.0.1','内网IP','{\"admMethod\":\"一般统考\",\"classId\":1,\"id\":1,\"inSchool\":0,\"majorId\":1,\"name\":\"adm\",\"params\":{},\"sex\":\"1\",\"stuStatus\":1,\"type\":\"普通考生\",\"user_name\":\"admin\"}','{\"msg\":\"操作成功\",\"code\":200}',0,NULL,'2024-07-08 09:21:22',6),(231,'专业',1,'com.ruoyi.tm.controller.MajorInfoController.add()','POST',1,'admin','软件工程学院','/tm/major','127.0.0.1','内网IP','{\"dura\":18,\"facId\":1,\"graScore\":90,\"id\":2,\"majChoose\":30,\"majMust\":20,\"name\":\"人工智能\",\"params\":{},\"pubChoose\":10,\"pubMust\":30}','{\"msg\":\"操作成功\",\"code\":200}',0,NULL,'2024-07-08 09:36:30',16),(232,'专业',3,'com.ruoyi.tm.controller.MajorInfoController.remove()','DELETE',1,'admin','软件工程学院','/tm/major/1','127.0.0.1','内网IP','{}',NULL,1,'\r\n### Error updating database.  Cause: java.sql.SQLIntegrityConstraintViolationException: Cannot delete or update a parent row: a foreign key constraint fails (`tm_db`.`stu_info`, CONSTRAINT `fk_majorid` FOREIGN KEY (`major_id`) REFERENCES `major_info` (`id`))\r\n### The error may exist in file [F:\\grade_sys\\grade_inquiry_system\\ruoyi-tm\\target\\classes\\mapper\\tm\\MajorInfoMapper.xml]\r\n### The error may involve com.ruoyi.tm.mapper.MajorInfoMapper.deleteMajorInfoByIds-Inline\r\n### The error occurred while setting parameters\r\n### SQL: delete from major_info where id in           (               ?          )\r\n### Cause: java.sql.SQLIntegrityConstraintViolationException: Cannot delete or update a parent row: a foreign key constraint fails (`tm_db`.`stu_info`, CONSTRAINT `fk_majorid` FOREIGN KEY (`major_id`) REFERENCES `major_info` (`id`))\n; Cannot delete or update a parent row: a foreign key constraint fails (`tm_db`.`stu_info`, CONSTRAINT `fk_majorid` FOREIGN KEY (`major_id`) REFERENCES `major_info` (`id`)); nested exception is java.sql.SQLIntegrityConstraintViolationException: Cannot delete or update a parent row: a foreign key constraint fails (`tm_db`.`stu_info`, CONSTRAINT `fk_majorid` FOREIGN KEY (`major_id`) REFERENCES `major_info` (`id`))','2024-07-08 09:50:06',9),(233,'专业',3,'com.ruoyi.tm.controller.MajorInfoController.remove()','DELETE',1,'admin','软件工程学院','/tm/major/4','127.0.0.1','内网IP','{}','{\"msg\":\"操作成功\",\"code\":200}',0,NULL,'2024-07-08 09:50:08',4),(234,'教师信息',2,'com.ruoyi.tm.controller.TeaInfoController.edit()','PUT',1,'admin','软件工程学院','/tm/teacher','127.0.0.1','内网IP','{\"id\":100,\"name\":\"吴老师\",\"params\":{},\"type\":\"教师\"}',NULL,1,'\r\n### Error updating database.  Cause: java.sql.SQLIntegrityConstraintViolationException: Duplicate entry \'吴老师\' for key \'tea_info.fk_Name\'\r\n### The error may exist in file [F:\\grade_sys\\grade_inquiry_system\\ruoyi-tm\\target\\classes\\mapper\\tm\\TeaInfoMapper.xml]\r\n### The error may involve com.ruoyi.tm.mapper.TeaInfoMapper.updateTeaInfo-Inline\r\n### The error occurred while setting parameters\r\n### SQL: update tea_info          SET name = ?,             type = ?          where id = ?\r\n### Cause: java.sql.SQLIntegrityConstraintViolationException: Duplicate entry \'吴老师\' for key \'tea_info.fk_Name\'\n; Duplicate entry \'吴老师\' for key \'tea_info.fk_Name\'; nested exception is java.sql.SQLIntegrityConstraintViolationException: Duplicate entry \'吴老师\' for key \'tea_info.fk_Name\'','2024-07-08 10:12:35',10),(235,'选课',1,'com.ruoyi.tm.controller.ChooseCourseController.add()','POST',1,'admin','软件工程学院','/tm/choose','127.0.0.1','内网IP','{\"courseId\":3,\"deferSign\":0,\"numMakeup\":0,\"numRebuild\":0,\"params\":{},\"pass\":0,\"stuId\":160}','{\"msg\":\"操作成功\",\"code\":200}',0,NULL,'2024-07-08 10:18:29',10),(236,'菜单管理',2,'com.ruoyi.web.controller.system.SysMenuController.edit()','PUT',1,'admin','软件工程学院','/system/menu','127.0.0.1','内网IP','{\"children\":[],\"component\":\"tm/Course/index\",\"createTime\":\"2024-07-07 14:36:32\",\"icon\":\"#\",\"isCache\":\"0\",\"isFrame\":\"1\",\"menuId\":2028,\"menuName\":\"课程信息\",\"menuType\":\"C\",\"orderNum\":1,\"params\":{},\"parentId\":2000,\"path\":\"Course\",\"perms\":\"tm:Course:list\",\"status\":\"0\",\"updateBy\":\"admin\",\"visible\":\"0\"}','{\"msg\":\"操作成功\",\"code\":200}',0,NULL,'2024-07-08 10:23:30',13),(237,'教师信息',2,'com.ruoyi.tm.controller.TeaInfoController.edit()','PUT',1,'admin','软件工程学院','/tm/teacher','127.0.0.1','内网IP','{\"id\":162,\"name\":\"Tea3\",\"params\":{},\"type\":\"教师\"}','{\"msg\":\"操作成功\",\"code\":200}',0,NULL,'2024-07-08 10:33:24',5),(238,'课程信息',1,'com.ruoyi.tm.controller.CourseInfoController.add()','POST',1,'admin','软件工程学院','/tm/Course','127.0.0.1','内网IP','{\"credit\":5,\"facId\":1,\"finalMethod\":\"考试\",\"id\":9,\"name\":\"数据结构\",\"params\":{},\"peoLimit\":100,\"startSem\":2,\"startYear\":20,\"teachId\":100,\"totTime\":30,\"type\":\"专必\"}','{\"msg\":\"操作成功\",\"code\":200}',0,NULL,'2024-07-08 13:02:09',16),(239,'教师信息',1,'com.ruoyi.tm.controller.TeaInfoController.add()','POST',1,'admin','软件工程学院','/tm/teacher','127.0.0.1','内网IP','{\"name\":\"洋溢辉\",\"params\":{}}',NULL,1,'Cannot invoke \"String.equals(Object)\" because the return value of \"com.ruoyi.tm.domain.TeaInfo.getType()\" is null','2024-07-08 13:20:53',75),(240,'教师信息',1,'com.ruoyi.tm.controller.TeaInfoController.add()','POST',1,'admin','软件工程学院','/tm/teacher','127.0.0.1','内网IP','{\"id\":166,\"name\":\"洋溢辉\",\"params\":{},\"type\":\"教师\"}','{\"msg\":\"操作成功\",\"code\":200}',0,NULL,'2024-07-08 13:27:34',94),(241,'教师信息',1,'com.ruoyi.tm.controller.TeaInfoController.add()','POST',1,'admin','软件工程学院','/tm/teacher','127.0.0.1','内网IP','{\"id\":167,\"name\":\"钢铁侠\",\"params\":{},\"type\":\"教务老师\"}','{\"msg\":\"操作成功\",\"code\":200}',0,NULL,'2024-07-08 13:28:38',88),(242,'教师信息',1,'com.ruoyi.tm.controller.TeaInfoController.add()','POST',1,'admin','软件工程学院','/tm/teacher','127.0.0.1','内网IP','{\"id\":168,\"name\":\"超人强\",\"params\":{},\"type\":\"班主任\"}','{\"msg\":\"操作成功\",\"code\":200}',0,NULL,'2024-07-08 13:28:48',89),(243,'菜单管理',2,'com.ruoyi.web.controller.system.SysMenuController.edit()','PUT',1,'admin','研发部门','/system/menu','127.0.0.1','内网IP','{\"children\":[],\"component\":\"indexTM\",\"createTime\":\"2024-07-06 20:11:09\",\"icon\":\"people\",\"isCache\":\"0\",\"isFrame\":\"1\",\"menuId\":2027,\"menuName\":\"管理员首页\",\"menuType\":\"C\",\"orderNum\":0,\"params\":{},\"parentId\":0,\"path\":\"indexTM\",\"perms\":\"\",\"status\":\"0\",\"updateBy\":\"admin\",\"visible\":\"0\"}','{\"msg\":\"操作成功\",\"code\":200}',0,NULL,'2024-07-08 14:12:08',6),(244,'菜单管理',1,'com.ruoyi.web.controller.system.SysMenuController.add()','POST',1,'admin','研发部门','/system/menu','127.0.0.1','内网IP','{\"children\":[],\"component\":\"normal_teacher\",\"createBy\":\"admin\",\"icon\":\"education\",\"isCache\":\"0\",\"isFrame\":\"1\",\"menuName\":\"教师首页\",\"menuType\":\"C\",\"orderNum\":0,\"params\":{},\"parentId\":0,\"path\":\"normal_teacher\",\"status\":\"0\",\"visible\":\"0\"}','{\"msg\":\"操作成功\",\"code\":200}',0,NULL,'2024-07-08 14:13:44',10),(245,'菜单管理',1,'com.ruoyi.web.controller.system.SysMenuController.add()','POST',1,'admin','研发部门','/system/menu','127.0.0.1','内网IP','{\"children\":[],\"component\":\"teacher_welcome\",\"createBy\":\"admin\",\"icon\":\"education\",\"isCache\":\"0\",\"isFrame\":\"1\",\"menuName\":\"班主任首页\",\"menuType\":\"C\",\"orderNum\":0,\"params\":{},\"parentId\":0,\"path\":\"teacher_welcome\",\"status\":\"0\",\"visible\":\"0\"}','{\"msg\":\"操作成功\",\"code\":200}',0,NULL,'2024-07-08 14:14:14',5),(246,'菜单管理',1,'com.ruoyi.web.controller.system.SysMenuController.add()','POST',1,'admin','研发部门','/system/menu','127.0.0.1','内网IP','{\"children\":[],\"component\":\"index\",\"createBy\":\"admin\",\"icon\":\"people\",\"isCache\":\"0\",\"isFrame\":\"1\",\"menuName\":\"学生首页\",\"menuType\":\"C\",\"orderNum\":0,\"params\":{},\"parentId\":0,\"path\":\"index\",\"status\":\"0\",\"visible\":\"0\"}','{\"msg\":\"操作成功\",\"code\":200}',0,NULL,'2024-07-08 14:14:44',7),(247,'角色管理',2,'com.ruoyi.web.controller.system.SysRoleController.edit()','PUT',1,'admin','研发部门','/system/role','127.0.0.1','内网IP','{\"admin\":false,\"createTime\":\"2024-06-21 08:51:36\",\"dataScope\":\"1\",\"delFlag\":\"0\",\"deptCheckStrictly\":true,\"flag\":false,\"menuCheckStrictly\":true,\"menuIds\":[2027,2000,2001,2034,2035,2036,2037,2038,2039,2002,2003,2004,2005,2006,2007,2008,2009,2010,2011,2012,2013,2014,2015,2016,2017,2018,2019,2020,2021,2022,2023,2024,2025,2026,2028,2029,2030,2031,2032,2033],\"params\":{},\"remark\":\"教务老师权限\",\"roleId\":102,\"roleKey\":\"m_teacher\",\"roleName\":\"教务老师\",\"roleSort\":5,\"status\":\"0\",\"updateBy\":\"admin\"}','{\"msg\":\"操作成功\",\"code\":200}',0,NULL,'2024-07-08 14:16:31',22),(248,'角色管理',2,'com.ruoyi.web.controller.system.SysRoleController.edit()','PUT',1,'admin','研发部门','/system/role','127.0.0.1','内网IP','{\"admin\":false,\"createTime\":\"2024-06-21 08:50:06\",\"dataScope\":\"1\",\"delFlag\":\"0\",\"deptCheckStrictly\":true,\"flag\":false,\"menuCheckStrictly\":true,\"menuIds\":[2000,2001,2042,2034],\"params\":{},\"remark\":\"学生的权限\",\"roleId\":100,\"roleKey\":\"student\",\"roleName\":\"学生\",\"roleSort\":3,\"status\":\"0\",\"updateBy\":\"admin\"}','{\"msg\":\"操作成功\",\"code\":200}',0,NULL,'2024-07-08 14:16:54',15),(249,'角色管理',2,'com.ruoyi.web.controller.system.SysRoleController.edit()','PUT',1,'admin','研发部门','/system/role','127.0.0.1','内网IP','{\"admin\":false,\"createTime\":\"2024-06-21 08:50:55\",\"dataScope\":\"1\",\"delFlag\":\"0\",\"deptCheckStrictly\":true,\"flag\":false,\"menuCheckStrictly\":true,\"menuIds\":[2040,2000,2001,2002,2003,2004,2005,2006,2007,2008,2009,2010,2011,2012,2013,2014,2015,2016,2017,2018,2019,2020,2021,2022,2023,2024,2025,2026,2028,2029,2030,2031,2032,2033],\"params\":{},\"remark\":\"教师权限\",\"roleId\":101,\"roleKey\":\"teacher\",\"roleName\":\"教师\",\"roleSort\":4,\"status\":\"0\",\"updateBy\":\"admin\"}','{\"msg\":\"操作成功\",\"code\":200}',0,NULL,'2024-07-08 14:17:10',11),(250,'角色管理',2,'com.ruoyi.web.controller.system.SysRoleController.edit()','PUT',1,'admin','研发部门','/system/role','127.0.0.1','内网IP','{\"admin\":false,\"createTime\":\"2024-07-05 21:10:36\",\"dataScope\":\"1\",\"delFlag\":\"0\",\"deptCheckStrictly\":true,\"flag\":false,\"menuCheckStrictly\":true,\"menuIds\":[2041,2000,2001,2034,2035,2036,2037,2038,2039,2002,2003,2004,2005,2006,2007,2008,2009,2010,2011,2012,2013,2014,2015,2016,2017,2018,2019,2020,2021,2022,2023,2024,2025,2026,2028,2029,2030,2031,2032,2033],\"params\":{},\"remark\":\"班主任权限\",\"roleId\":103,\"roleKey\":\"ClassTeacher\",\"roleName\":\"班主任\",\"roleSort\":6,\"status\":\"0\",\"updateBy\":\"admin\"}','{\"msg\":\"操作成功\",\"code\":200}',0,NULL,'2024-07-08 14:17:20',10),(251,'用户管理',2,'com.ruoyi.web.controller.system.SysUserController.edit()','PUT',1,'admin','研发部门','/system/user','127.0.0.1','内网IP','{\"admin\":false,\"avatar\":\"\",\"createBy\":\"admin\",\"createTime\":\"2024-05-31 23:32:47\",\"delFlag\":\"0\",\"dept\":{\"ancestors\":\"0,100,101\",\"children\":[],\"deptId\":105,\"deptName\":\"微电子学院\",\"leader\":\"若依\",\"orderNum\":3,\"params\":{},\"parentId\":101,\"status\":\"0\"},\"deptId\":103,\"email\":\"ry@qq.com\",\"loginDate\":\"2024-05-31 23:32:47\",\"loginIp\":\"127.0.0.1\",\"nickName\":\"若依\",\"params\":{},\"phonenumber\":\"15666666666\",\"postIds\":[2],\"remark\":\"测试员\",\"roleIds\":[102],\"roles\":[{\"admin\":false,\"dataScope\":\"1\",\"deptCheckStrictly\":false,\"flag\":false,\"menuCheckStrictly\":false,\"params\":{},\"roleId\":102,\"roleKey\":\"m_teacher\",\"roleName\":\"教务老师\",\"roleSort\":5,\"status\":\"0\"}],\"sex\":\"1\",\"status\":\"0\",\"updateBy\":\"admin\",\"userId\":2,\"userName\":\"lan\"}','{\"msg\":\"操作成功\",\"code\":200}',0,NULL,'2024-07-08 14:19:00',20),(252,'用户管理',2,'com.ruoyi.web.controller.system.SysUserController.edit()','PUT',1,'admin','研发部门','/system/user','127.0.0.1','内网IP','{\"admin\":false,\"avatar\":\"\",\"createBy\":\"admin\",\"createTime\":\"2024-06-01 19:39:51\",\"delFlag\":\"0\",\"dept\":{\"ancestors\":\"0,100,101\",\"children\":[],\"deptId\":104,\"deptName\":\"人工智能学院\",\"leader\":\"若依\",\"orderNum\":2,\"params\":{},\"parentId\":101,\"status\":\"0\"},\"deptId\":100,\"email\":\"15@qq.com\",\"loginIp\":\"\",\"nickName\":\"苏老师\",\"params\":{},\"phonenumber\":\"15016248165\",\"postIds\":[4],\"remark\":\"老师\",\"roleIds\":[103],\"roles\":[{\"admin\":false,\"dataScope\":\"1\",\"deptCheckStrictly\":false,\"flag\":false,\"menuCheckStrictly\":false,\"params\":{},\"roleId\":103,\"roleKey\":\"ClassTeacher\",\"roleName\":\"班主任\",\"roleSort\":6,\"status\":\"0\"}],\"sex\":\"0\",\"status\":\"0\",\"updateBy\":\"admin\",\"userId\":100,\"userName\":\"苏老师\"}','{\"msg\":\"操作成功\",\"code\":200}',0,NULL,'2024-07-08 14:19:38',11),(253,'用户管理',2,'com.ruoyi.web.controller.system.SysUserController.edit()','PUT',1,'admin','研发部门','/system/user','127.0.0.1','内网IP','{\"admin\":false,\"avatar\":\"\",\"createBy\":\"admin\",\"createTime\":\"2024-06-01 19:40:49\",\"delFlag\":\"0\",\"dept\":{\"ancestors\":\"0,100,101\",\"children\":[],\"deptId\":104,\"deptName\":\"人工智能学院\",\"leader\":\"若依\",\"orderNum\":2,\"params\":{},\"parentId\":101,\"status\":\"0\"},\"deptId\":100,\"email\":\"156@qq.com\",\"loginIp\":\"\",\"nickName\":\"吴某\",\"params\":{},\"phonenumber\":\"15094826584\",\"postIds\":[4],\"remark\":\"老师\",\"roleIds\":[101],\"roles\":[{\"admin\":false,\"dataScope\":\"1\",\"deptCheckStrictly\":false,\"flag\":false,\"menuCheckStrictly\":false,\"params\":{},\"roleId\":101,\"roleKey\":\"teacher\",\"roleName\":\"教师\",\"roleSort\":4,\"status\":\"0\"}],\"sex\":\"0\",\"status\":\"0\",\"updateBy\":\"admin\",\"userId\":101,\"userName\":\"吴老师\"}','{\"msg\":\"操作成功\",\"code\":200}',0,NULL,'2024-07-08 14:19:43',9),(254,'用户管理',2,'com.ruoyi.web.controller.system.SysUserController.resetPwd()','PUT',1,'admin','软件工程学院','/system/user/resetPwd','127.0.0.1','内网IP','{\"admin\":false,\"params\":{},\"updateBy\":\"admin\",\"userId\":100}','{\"msg\":\"操作成功\",\"code\":200}',0,NULL,'2024-07-08 14:31:17',81),(255,'用户管理',2,'com.ruoyi.web.controller.system.SysUserController.resetPwd()','PUT',1,'admin','软件工程学院','/system/user/resetPwd','127.0.0.1','内网IP','{\"admin\":false,\"params\":{},\"updateBy\":\"admin\",\"userId\":101}','{\"msg\":\"操作成功\",\"code\":200}',0,NULL,'2024-07-08 14:31:24',78),(256,'用户管理',2,'com.ruoyi.web.controller.system.SysUserController.resetPwd()','PUT',1,'admin','软件工程学院','/system/user/resetPwd','127.0.0.1','内网IP','{\"admin\":false,\"params\":{},\"updateBy\":\"admin\",\"userId\":157}','{\"msg\":\"操作成功\",\"code\":200}',0,NULL,'2024-07-08 14:31:31',79),(257,'代码生成',6,'com.ruoyi.generator.controller.GenController.importTableSave()','POST',1,'admin','软件工程学院','/tool/gen/importTable','127.0.0.1','内网IP','{\"tables\":\"class_info\"}','{\"msg\":\"操作成功\",\"code\":200}',0,NULL,'2024-07-08 15:34:20',71),(258,'代码生成',2,'com.ruoyi.generator.controller.GenController.editSave()','PUT',1,'admin','软件工程学院','/tool/gen','127.0.0.1','内网IP','{\"businessName\":\"info\",\"className\":\"ClassInfo\",\"columns\":[{\"capJavaField\":\"Id\",\"columnComment\":\"班级id\",\"columnId\":49,\"columnName\":\"id\",\"columnType\":\"bigint\",\"createBy\":\"admin\",\"createTime\":\"2024-07-08 15:34:20\",\"dictType\":\"\",\"edit\":false,\"htmlType\":\"input\",\"increment\":true,\"insert\":true,\"isIncrement\":\"1\",\"isInsert\":\"1\",\"isPk\":\"1\",\"isRequired\":\"0\",\"javaField\":\"id\",\"javaType\":\"Long\",\"list\":false,\"params\":{},\"pk\":true,\"query\":false,\"queryType\":\"EQ\",\"required\":false,\"sort\":1,\"superColumn\":false,\"tableId\":7,\"updateBy\":\"\",\"usableColumn\":false},{\"capJavaField\":\"Grade\",\"columnComment\":\"所在年级\",\"columnId\":50,\"columnName\":\"grade\",\"columnType\":\"int\",\"createBy\":\"admin\",\"createTime\":\"2024-07-08 15:34:20\",\"dictType\":\"\",\"edit\":true,\"htmlType\":\"input\",\"increment\":false,\"insert\":true,\"isEdit\":\"1\",\"isIncrement\":\"0\",\"isInsert\":\"1\",\"isList\":\"1\",\"isPk\":\"0\",\"isQuery\":\"1\",\"isRequired\":\"1\",\"javaField\":\"grade\",\"javaType\":\"Long\",\"list\":true,\"params\":{},\"pk\":false,\"query\":true,\"queryType\":\"EQ\",\"required\":true,\"sort\":2,\"superColumn\":false,\"tableId\":7,\"updateBy\":\"\",\"usableColumn\":false},{\"capJavaField\":\"TeachId\",\"columnComment\":\"班主任id\",\"columnId\":51,\"columnName\":\"teach_id\",\"columnType\":\"bigint\",\"createBy\":\"admin\",\"createTime\":\"2024-07-08 15:34:20\",\"dictType\":\"\",\"edit\":true,\"htmlType\":\"input\",\"increment\":false,\"insert\":true,\"isEdit\":\"1\",\"isIncrement\":\"0\",\"isInsert\":\"1\",\"isList\":\"1\",\"isPk\":\"0\",\"isQuery\":\"1\",\"isRequired\":\"1\",\"javaField\":\"teachId\",\"javaType\":\"Long\",\"list\":true,\"params\":{},\"pk\":false,\"query\":true,\"queryType\":\"EQ\",\"required\":true,\"sort\":3,\"superColumn\":false,\"tableId\":7,\"updateBy\":\"\",\"usableColumn\":false},{\"capJavaField\":\"ClassNum\",\"columnComment\":\"班号\",\"columnId\":52,\"columnName\":\"class_num\",\"columnType\":\"int\",\"createBy\":\"admin\",\"createTime\":\"2024-07-08 15:34:20\",\"dictType\":\"\",\"edit\":true,\"htmlType\":\"input\",\"increment\":false,\"insert\":true,\"isEdit\":\"1\",\"isIncrement\":\"0\",\"isInsert\":\"1\",\"isList\":\"1\",\"isPk\":\"0\",\"isQuery\":\"1\",\"isRequired\":\"1\",\"javaField\":\"classNum\",\"javaType\":\"Long\",\"list\":tr','{\"msg\":\"操作成功\",\"code\":200}',0,NULL,'2024-07-08 15:35:00',24),(259,'代码生成',2,'com.ruoyi.generator.controller.GenController.editSave()','PUT',1,'admin','软件工程学院','/tool/gen','127.0.0.1','内网IP','{\"businessName\":\"Class\",\"className\":\"ClassInfo\",\"columns\":[{\"capJavaField\":\"Id\",\"columnComment\":\"班级id\",\"columnId\":49,\"columnName\":\"id\",\"columnType\":\"bigint\",\"createBy\":\"admin\",\"createTime\":\"2024-07-08 15:34:20\",\"dictType\":\"\",\"edit\":false,\"htmlType\":\"input\",\"increment\":true,\"insert\":true,\"isIncrement\":\"1\",\"isInsert\":\"1\",\"isPk\":\"1\",\"isRequired\":\"0\",\"javaField\":\"id\",\"javaType\":\"Long\",\"list\":false,\"params\":{},\"pk\":true,\"query\":false,\"queryType\":\"EQ\",\"required\":false,\"sort\":1,\"superColumn\":false,\"tableId\":7,\"updateBy\":\"\",\"updateTime\":\"2024-07-08 15:35:00\",\"usableColumn\":false},{\"capJavaField\":\"Grade\",\"columnComment\":\"所在年级\",\"columnId\":50,\"columnName\":\"grade\",\"columnType\":\"int\",\"createBy\":\"admin\",\"createTime\":\"2024-07-08 15:34:20\",\"dictType\":\"\",\"edit\":true,\"htmlType\":\"input\",\"increment\":false,\"insert\":true,\"isEdit\":\"1\",\"isIncrement\":\"0\",\"isInsert\":\"1\",\"isList\":\"1\",\"isPk\":\"0\",\"isQuery\":\"1\",\"isRequired\":\"1\",\"javaField\":\"grade\",\"javaType\":\"Long\",\"list\":true,\"params\":{},\"pk\":false,\"query\":true,\"queryType\":\"EQ\",\"required\":true,\"sort\":2,\"superColumn\":false,\"tableId\":7,\"updateBy\":\"\",\"updateTime\":\"2024-07-08 15:35:00\",\"usableColumn\":false},{\"capJavaField\":\"TeachId\",\"columnComment\":\"班主任id\",\"columnId\":51,\"columnName\":\"teach_id\",\"columnType\":\"bigint\",\"createBy\":\"admin\",\"createTime\":\"2024-07-08 15:34:20\",\"dictType\":\"\",\"edit\":true,\"htmlType\":\"input\",\"increment\":false,\"insert\":true,\"isEdit\":\"1\",\"isIncrement\":\"0\",\"isInsert\":\"1\",\"isList\":\"1\",\"isPk\":\"0\",\"isQuery\":\"1\",\"isRequired\":\"1\",\"javaField\":\"teachId\",\"javaType\":\"Long\",\"list\":true,\"params\":{},\"pk\":false,\"query\":true,\"queryType\":\"EQ\",\"required\":true,\"sort\":3,\"superColumn\":false,\"tableId\":7,\"updateBy\":\"\",\"updateTime\":\"2024-07-08 15:35:00\",\"usableColumn\":false},{\"capJavaField\":\"ClassNum\",\"columnComment\":\"班号\",\"columnId\":52,\"columnName\":\"class_num\",\"columnType\":\"int\",\"createBy\":\"admin\",\"createTime\":\"2024-07-08 15:34:20\",\"dictType\":\"\",\"edit\":true,\"htmlType\":\"input\",\"increment\":false,\"insert\":true,\"isEdit\":\"1\",\"isIncrement\":\"0\",\"isInsert\":\"1\"','{\"msg\":\"操作成功\",\"code\":200}',0,NULL,'2024-07-08 15:36:00',11),(260,'代码生成',8,'com.ruoyi.generator.controller.GenController.batchGenCode()','GET',1,'admin','软件工程学院','/tool/gen/batchGenCode','127.0.0.1','内网IP','{\"tables\":\"class_info\"}',NULL,0,NULL,'2024-07-08 15:36:03',291),(261,'选课',1,'com.ruoyi.tm.controller.ChooseCourseController.add()','POST',1,'admin','软件工程学院','/tm/choose','127.0.0.1','内网IP','{\"courseId\":1,\"deferSign\":0,\"numMakeup\":0,\"numRebuild\":0,\"params\":{},\"pass\":1,\"stuId\":157}','{\"msg\":\"操作成功\",\"code\":200}',0,NULL,'2024-07-08 19:21:49',14),(262,'教师信息',2,'com.ruoyi.tm.controller.TeaInfoController.edit()','PUT',1,'admin','软件工程学院','/tm/teacher','127.0.0.1','内网IP','{\"id\":168,\"name\":\"超人强\",\"params\":{},\"type\":\"教师\"}','{\"msg\":\"操作成功\",\"code\":200}',0,NULL,'2024-07-08 21:39:19',12),(263,'菜单管理',1,'com.ruoyi.web.controller.system.SysMenuController.add()','POST',1,'admin','软件工程学院','/system/menu','127.0.0.1','内网IP','{\"children\":[],\"createBy\":\"admin\",\"isCache\":\"0\",\"isFrame\":\"1\",\"menuName\":\"Student导入\",\"menuType\":\"F\",\"orderNum\":6,\"params\":{},\"parentId\":2003,\"perms\":\"system:info:import\",\"status\":\"0\",\"visible\":\"0\"}','{\"msg\":\"操作成功\",\"code\":200}',0,NULL,'2024-07-09 00:50:45',100),(264,'菜单管理',2,'com.ruoyi.web.controller.system.SysMenuController.edit()','PUT',1,'admin','软件工程学院','/system/menu','127.0.0.1','内网IP','{\"children\":[],\"component\":\"tm/score/index\",\"createTime\":\"2024-06-12 19:10:25\",\"icon\":\"#\",\"isCache\":\"0\",\"isFrame\":\"1\",\"menuId\":2001,\"menuName\":\"成绩\",\"menuType\":\"C\",\"orderNum\":0,\"params\":{},\"parentId\":2000,\"path\":\"score\",\"perms\":\"tm:score:list\",\"status\":\"0\",\"updateBy\":\"admin\",\"visible\":\"0\"}','{\"msg\":\"操作成功\",\"code\":200}',0,NULL,'2024-07-09 00:51:23',10),(265,'菜单管理',3,'com.ruoyi.web.controller.system.SysMenuController.remove()','DELETE',1,'admin','软件工程学院','/system/menu/2002','127.0.0.1','内网IP','{}','{\"msg\":\"菜单已分配,不允许删除\",\"code\":601}',0,NULL,'2024-07-09 00:51:30',7),(266,'角色管理',2,'com.ruoyi.web.controller.system.SysRoleController.edit()','PUT',1,'admin','软件工程学院','/system/role','127.0.0.1','内网IP','{\"admin\":false,\"createTime\":\"2024-06-21 08:50:55\",\"dataScope\":\"1\",\"delFlag\":\"0\",\"deptCheckStrictly\":true,\"flag\":false,\"menuCheckStrictly\":true,\"menuIds\":[2000,2003,2040,2001,2004,2005,2006,2007,2008,2009,2010,2011,2012,2013,2014,2015,2016,2017,2018,2019,2020,2021,2022,2023,2024,2025,2026,2028,2029,2030,2031,2032,2033],\"params\":{},\"remark\":\"教师权限\",\"roleId\":101,\"roleKey\":\"teacher\",\"roleName\":\"教师\",\"roleSort\":4,\"status\":\"0\",\"updateBy\":\"admin\"}','{\"msg\":\"操作成功\",\"code\":200}',0,NULL,'2024-07-09 00:51:50',31),(267,'角色管理',2,'com.ruoyi.web.controller.system.SysRoleController.edit()','PUT',1,'admin','软件工程学院','/system/role','127.0.0.1','内网IP','{\"admin\":false,\"createTime\":\"2024-06-21 08:51:36\",\"dataScope\":\"1\",\"delFlag\":\"0\",\"deptCheckStrictly\":true,\"flag\":false,\"menuCheckStrictly\":true,\"menuIds\":[2000,2003,2027,2001,2034,2035,2036,2037,2038,2039,2004,2005,2006,2007,2008,2009,2010,2011,2012,2013,2014,2015,2016,2017,2018,2019,2020,2021,2022,2023,2024,2025,2026,2028,2029,2030,2031,2032,2033],\"params\":{},\"remark\":\"教务老师权限\",\"roleId\":102,\"roleKey\":\"m_teacher\",\"roleName\":\"教务老师\",\"roleSort\":5,\"status\":\"0\",\"updateBy\":\"admin\"}','{\"msg\":\"操作成功\",\"code\":200}',0,NULL,'2024-07-09 00:52:03',22),(268,'角色管理',2,'com.ruoyi.web.controller.system.SysRoleController.edit()','PUT',1,'admin','软件工程学院','/system/role','127.0.0.1','内网IP','{\"admin\":false,\"createTime\":\"2024-07-05 21:10:36\",\"dataScope\":\"1\",\"delFlag\":\"0\",\"deptCheckStrictly\":true,\"flag\":false,\"menuCheckStrictly\":true,\"menuIds\":[2000,2003,2041,2001,2034,2035,2036,2037,2038,2039,2004,2005,2006,2007,2008,2009,2010,2011,2012,2013,2014,2015,2016,2017,2018,2019,2020,2021,2022,2023,2024,2025,2026,2028,2029,2030,2031,2032,2033],\"params\":{},\"remark\":\"班主任权限\",\"roleId\":103,\"roleKey\":\"ClassTeacher\",\"roleName\":\"班主任\",\"roleSort\":6,\"status\":\"0\",\"updateBy\":\"admin\"}','{\"msg\":\"操作成功\",\"code\":200}',0,NULL,'2024-07-09 00:52:10',14),(269,'菜单管理',3,'com.ruoyi.web.controller.system.SysMenuController.remove()','DELETE',1,'admin','软件工程学院','/system/menu/2002','127.0.0.1','内网IP','{}','{\"msg\":\"操作成功\",\"code\":200}',0,NULL,'2024-07-09 00:52:19',8),(270,'菜单管理',1,'com.ruoyi.web.controller.system.SysMenuController.add()','POST',1,'admin','软件工程学院','/system/menu','127.0.0.1','内网IP','{\"children\":[],\"createBy\":\"admin\",\"isCache\":\"0\",\"isFrame\":\"1\",\"menuName\":\"专业导入\",\"menuType\":\"F\",\"orderNum\":6,\"params\":{},\"parentId\":2009,\"status\":\"0\",\"visible\":\"0\"}','{\"msg\":\"操作成功\",\"code\":200}',0,NULL,'2024-07-09 00:55:50',14),(271,'菜单管理',2,'com.ruoyi.web.controller.system.SysMenuController.edit()','PUT',1,'admin','软件工程学院','/system/menu','127.0.0.1','内网IP','{\"children\":[],\"createTime\":\"2024-07-09 00:55:50\",\"icon\":\"#\",\"isCache\":\"0\",\"isFrame\":\"1\",\"menuId\":2050,\"menuName\":\"专业导入\",\"menuType\":\"F\",\"orderNum\":6,\"params\":{},\"parentId\":2009,\"path\":\"\",\"perms\":\"tm:major:import\",\"status\":\"0\",\"updateBy\":\"admin\",\"visible\":\"0\"}','{\"msg\":\"操作成功\",\"code\":200}',0,NULL,'2024-07-09 00:56:03',10),(272,'菜单管理',1,'com.ruoyi.web.controller.system.SysMenuController.add()','POST',1,'admin','软件工程学院','/system/menu','127.0.0.1','内网IP','{\"children\":[],\"createBy\":\"admin\",\"isCache\":\"0\",\"isFrame\":\"1\",\"menuName\":\"教师信息导入\",\"menuType\":\"F\",\"orderNum\":6,\"params\":{},\"parentId\":2015,\"perms\":\"tm:teacher:import\",\"status\":\"0\",\"visible\":\"0\"}','{\"msg\":\"操作成功\",\"code\":200}',0,NULL,'2024-07-09 00:56:38',15),(273,'菜单管理',1,'com.ruoyi.web.controller.system.SysMenuController.add()','POST',1,'admin','软件工程学院','/system/menu','127.0.0.1','内网IP','{\"children\":[],\"createBy\":\"admin\",\"isCache\":\"0\",\"isFrame\":\"1\",\"menuName\":\"选课导入\",\"menuType\":\"F\",\"orderNum\":6,\"params\":{},\"parentId\":2021,\"perms\":\"tm:choose:import\",\"status\":\"0\",\"visible\":\"0\"}','{\"msg\":\"操作成功\",\"code\":200}',0,NULL,'2024-07-09 00:59:05',15),(274,'菜单管理',1,'com.ruoyi.web.controller.system.SysMenuController.add()','POST',1,'admin','软件工程学院','/system/menu','127.0.0.1','内网IP','{\"children\":[],\"createBy\":\"admin\",\"isCache\":\"0\",\"isFrame\":\"1\",\"menuName\":\"课程信息导入\",\"menuType\":\"F\",\"orderNum\":6,\"params\":{},\"parentId\":2028,\"perms\":\"tm:Course:import\",\"status\":\"0\",\"visible\":\"0\"}','{\"msg\":\"操作成功\",\"code\":200}',0,NULL,'2024-07-09 01:00:31',15),(275,'菜单管理',1,'com.ruoyi.web.controller.system.SysMenuController.add()','POST',1,'admin','软件工程学院','/system/menu','127.0.0.1','内网IP','{\"children\":[],\"createBy\":\"admin\",\"isCache\":\"0\",\"isFrame\":\"1\",\"menuName\":\"班级信息导入\",\"menuType\":\"F\",\"orderNum\":6,\"params\":{},\"parentId\":2043,\"perms\":\"tm:Class:import\",\"status\":\"0\",\"visible\":\"0\"}','{\"msg\":\"操作成功\",\"code\":200}',0,NULL,'2024-07-09 01:03:48',13),(276,'角色管理',2,'com.ruoyi.web.controller.system.SysRoleController.edit()','PUT',1,'admin','软件工程学院','/system/role','127.0.0.1','内网IP','{\"admin\":false,\"createTime\":\"2024-06-21 08:50:06\",\"dataScope\":\"1\",\"delFlag\":\"0\",\"deptCheckStrictly\":true,\"flag\":false,\"menuCheckStrictly\":true,\"menuIds\":[2000,2001,2009,2015,2028,2043,2042,2034,2038,2010,2014,2016,2020,2029,2033,2044,2048],\"params\":{},\"remark\":\"学生的权限\",\"roleId\":100,\"roleKey\":\"student\",\"roleName\":\"学生\",\"roleSort\":3,\"status\":\"0\",\"updateBy\":\"admin\"}','{\"msg\":\"操作成功\",\"code\":200}',0,NULL,'2024-07-09 01:06:48',22),(277,'角色管理',2,'com.ruoyi.web.controller.system.SysRoleController.edit()','PUT',1,'admin','软件工程学院','/system/role','127.0.0.1','内网IP','{\"admin\":false,\"createTime\":\"2024-06-21 08:50:55\",\"dataScope\":\"1\",\"delFlag\":\"0\",\"deptCheckStrictly\":true,\"flag\":false,\"menuCheckStrictly\":true,\"menuIds\":[2000,2003,2009,2015,2021,2028,2043,2040,2001,2034,2035,2036,2037,2038,2039,2004,2008,2010,2014,2016,2020,2022,2026,2029,2033,2044,2048],\"params\":{},\"remark\":\"教师权限\",\"roleId\":101,\"roleKey\":\"teacher\",\"roleName\":\"教师\",\"roleSort\":4,\"status\":\"0\",\"updateBy\":\"admin\"}','{\"msg\":\"操作成功\",\"code\":200}',0,NULL,'2024-07-09 01:13:37',18),(278,'角色管理',2,'com.ruoyi.web.controller.system.SysRoleController.edit()','PUT',1,'admin','软件工程学院','/system/role','127.0.0.1','内网IP','{\"admin\":false,\"createTime\":\"2024-06-21 08:51:36\",\"dataScope\":\"1\",\"delFlag\":\"0\",\"deptCheckStrictly\":true,\"flag\":false,\"menuCheckStrictly\":true,\"menuIds\":[2027,2000,2001,2034,2035,2036,2037,2038,2039,2003,2004,2005,2006,2007,2008,2049,2009,2010,2011,2012,2013,2014,2050,2015,2016,2017,2018,2019,2020,2051,2021,2022,2023,2024,2025,2026,2052,2028,2029,2030,2031,2032,2033,2053,2043,2044,2045,2046,2047,2048,2054],\"params\":{},\"remark\":\"教务老师权限\",\"roleId\":102,\"roleKey\":\"m_teacher\",\"roleName\":\"教务老师\",\"roleSort\":5,\"status\":\"0\",\"updateBy\":\"admin\"}','{\"msg\":\"操作成功\",\"code\":200}',0,NULL,'2024-07-09 01:20:27',13),(279,'角色管理',2,'com.ruoyi.web.controller.system.SysRoleController.edit()','PUT',1,'admin','软件工程学院','/system/role','127.0.0.1','内网IP','{\"admin\":false,\"createTime\":\"2024-07-05 21:10:36\",\"dataScope\":\"1\",\"delFlag\":\"0\",\"deptCheckStrictly\":true,\"flag\":false,\"menuCheckStrictly\":true,\"menuIds\":[2000,2003,2009,2015,2021,2028,2043,2041,2001,2034,2035,2036,2037,2038,2039,2004,2008,2010,2014,2016,2020,2022,2026,2029,2033,2044,2048],\"params\":{},\"remark\":\"班主任权限\",\"roleId\":103,\"roleKey\":\"ClassTeacher\",\"roleName\":\"班主任\",\"roleSort\":6,\"status\":\"0\",\"updateBy\":\"admin\"}','{\"msg\":\"操作成功\",\"code\":200}',0,NULL,'2024-07-09 01:21:24',12),(280,'角色管理',2,'com.ruoyi.web.controller.system.SysRoleController.edit()','PUT',1,'admin','软件工程学院','/system/role','127.0.0.1','内网IP','{\"admin\":false,\"createTime\":\"2024-06-21 08:50:55\",\"dataScope\":\"1\",\"delFlag\":\"0\",\"deptCheckStrictly\":true,\"flag\":false,\"menuCheckStrictly\":true,\"menuIds\":[2000,2003,2009,2015,2021,2028,2043,2040,2001,2034,2035,2036,2037,2038,2039,2004,2008,2010,2014,2016,2020,2022,2026,2029,2033,2044,2048],\"params\":{},\"remark\":\"教师权限\",\"roleId\":101,\"roleKey\":\"teacher\",\"roleName\":\"教师\",\"roleSort\":4,\"status\":\"0\",\"updateBy\":\"admin\"}','{\"msg\":\"操作成功\",\"code\":200}',0,NULL,'2024-07-09 01:21:36',18),(281,'菜单管理',1,'com.ruoyi.web.controller.system.SysMenuController.add()','POST',1,'admin','软件工程学院','/system/menu','127.0.0.1','内网IP','{\"children\":[],\"component\":\"tm/score/stuindex\",\"createBy\":\"admin\",\"icon\":\"form\",\"isCache\":\"0\",\"isFrame\":\"1\",\"menuName\":\"学生成绩\",\"menuType\":\"C\",\"orderNum\":0,\"params\":{},\"parentId\":2000,\"path\":\"stuscore\",\"perms\":\"tm:score:list\",\"status\":\"0\",\"visible\":\"0\"}','{\"msg\":\"操作成功\",\"code\":200}',0,NULL,'2024-07-09 01:40:27',22),(282,'菜单管理',3,'com.ruoyi.web.controller.system.SysMenuController.remove()','DELETE',1,'admin','软件工程学院','/system/menu/2055','127.0.0.1','内网IP','{}','{\"msg\":\"操作成功\",\"code\":200}',0,NULL,'2024-07-09 01:42:11',18),(283,'菜单管理',1,'com.ruoyi.web.controller.system.SysMenuController.add()','POST',1,'admin','软件工程学院','/system/menu','127.0.0.1','内网IP','{\"children\":[],\"component\":\"tm/score/stuindex\",\"createBy\":\"admin\",\"isCache\":\"0\",\"isFrame\":\"1\",\"menuName\":\"学生成绩\",\"menuType\":\"C\",\"orderNum\":0,\"params\":{},\"parentId\":2000,\"path\":\"stuscore\",\"perms\":\"tm:score:list\",\"status\":\"0\",\"visible\":\"0\"}','{\"msg\":\"操作成功\",\"code\":200}',0,NULL,'2024-07-09 01:43:02',16),(284,'角色管理',2,'com.ruoyi.web.controller.system.SysRoleController.edit()','PUT',1,'admin','软件工程学院','/system/role','127.0.0.1','内网IP','{\"admin\":false,\"createTime\":\"2024-06-21 08:50:06\",\"dataScope\":\"1\",\"delFlag\":\"0\",\"deptCheckStrictly\":true,\"flag\":false,\"menuCheckStrictly\":true,\"menuIds\":[2000,2001,2009,2015,2028,2043,2042,2034,2038,2056,2010,2014,2016,2020,2029,2033,2044,2048],\"params\":{},\"remark\":\"学生的权限\",\"roleId\":100,\"roleKey\":\"student\",\"roleName\":\"学生\",\"roleSort\":3,\"status\":\"0\",\"updateBy\":\"admin\"}','{\"msg\":\"操作成功\",\"code\":200}',0,NULL,'2024-07-09 01:45:39',27),(285,'角色管理',2,'com.ruoyi.web.controller.system.SysRoleController.edit()','PUT',1,'admin','软件工程学院','/system/role','127.0.0.1','内网IP','{\"admin\":false,\"createTime\":\"2024-06-21 08:50:55\",\"dataScope\":\"1\",\"delFlag\":\"0\",\"deptCheckStrictly\":true,\"flag\":false,\"menuCheckStrictly\":true,\"menuIds\":[2000,2003,2009,2015,2021,2028,2043,2040,2001,2034,2035,2036,2037,2038,2039,2056,2004,2008,2010,2014,2016,2020,2022,2026,2029,2033,2044,2048],\"params\":{},\"remark\":\"教师权限\",\"roleId\":101,\"roleKey\":\"teacher\",\"roleName\":\"教师\",\"roleSort\":4,\"status\":\"0\",\"updateBy\":\"admin\"}','{\"msg\":\"操作成功\",\"code\":200}',0,NULL,'2024-07-09 01:45:48',22),(286,'角色管理',2,'com.ruoyi.web.controller.system.SysRoleController.edit()','PUT',1,'admin','软件工程学院','/system/role','127.0.0.1','内网IP','{\"admin\":false,\"createTime\":\"2024-06-21 08:51:36\",\"dataScope\":\"1\",\"delFlag\":\"0\",\"deptCheckStrictly\":true,\"flag\":false,\"menuCheckStrictly\":true,\"menuIds\":[2027,2000,2001,2034,2035,2036,2037,2038,2039,2056,2003,2004,2005,2006,2007,2008,2049,2009,2010,2011,2012,2013,2014,2050,2015,2016,2017,2018,2019,2020,2051,2021,2022,2023,2024,2025,2026,2052,2028,2029,2030,2031,2032,2033,2053,2043,2044,2045,2046,2047,2048,2054],\"params\":{},\"remark\":\"教务老师权限\",\"roleId\":102,\"roleKey\":\"m_teacher\",\"roleName\":\"教务老师\",\"roleSort\":5,\"status\":\"0\",\"updateBy\":\"admin\"}','{\"msg\":\"操作成功\",\"code\":200}',0,NULL,'2024-07-09 01:46:05',15),(287,'角色管理',2,'com.ruoyi.web.controller.system.SysRoleController.edit()','PUT',1,'admin','软件工程学院','/system/role','127.0.0.1','内网IP','{\"admin\":false,\"createTime\":\"2024-07-05 21:10:36\",\"dataScope\":\"1\",\"delFlag\":\"0\",\"deptCheckStrictly\":true,\"flag\":false,\"menuCheckStrictly\":true,\"menuIds\":[2000,2003,2009,2015,2021,2028,2043,2041,2001,2034,2035,2036,2037,2038,2039,2056,2004,2008,2010,2014,2016,2020,2022,2026,2029,2033,2044,2048],\"params\":{},\"remark\":\"班主任权限\",\"roleId\":103,\"roleKey\":\"ClassTeacher\",\"roleName\":\"班主任\",\"roleSort\":6,\"status\":\"0\",\"updateBy\":\"admin\"}','{\"msg\":\"操作成功\",\"code\":200}',0,NULL,'2024-07-09 01:46:17',11),(288,'角色管理',2,'com.ruoyi.web.controller.system.SysRoleController.edit()','PUT',1,'admin','软件工程学院','/system/role','127.0.0.1','内网IP','{\"admin\":false,\"createTime\":\"2024-06-21 08:50:55\",\"dataScope\":\"1\",\"delFlag\":\"0\",\"deptCheckStrictly\":true,\"flag\":false,\"menuCheckStrictly\":true,\"menuIds\":[2000,2003,2009,2015,2021,2028,2043,2040,2001,2034,2035,2036,2037,2038,2039,2004,2008,2010,2014,2016,2020,2022,2026,2029,2033,2044,2048],\"params\":{},\"remark\":\"教师权限\",\"roleId\":101,\"roleKey\":\"teacher\",\"roleName\":\"教师\",\"roleSort\":4,\"status\":\"0\",\"updateBy\":\"admin\"}','{\"msg\":\"操作成功\",\"code\":200}',0,NULL,'2024-07-09 01:50:04',12),(289,'角色管理',2,'com.ruoyi.web.controller.system.SysRoleController.edit()','PUT',1,'admin','软件工程学院','/system/role','127.0.0.1','内网IP','{\"admin\":false,\"createTime\":\"2024-06-21 08:51:36\",\"dataScope\":\"1\",\"delFlag\":\"0\",\"deptCheckStrictly\":true,\"flag\":false,\"menuCheckStrictly\":true,\"menuIds\":[2000,2027,2001,2034,2035,2036,2037,2038,2039,2003,2004,2005,2006,2007,2008,2049,2009,2010,2011,2012,2013,2014,2050,2015,2016,2017,2018,2019,2020,2051,2021,2022,2023,2024,2025,2026,2052,2028,2029,2030,2031,2032,2033,2053,2043,2044,2045,2046,2047,2048,2054],\"params\":{},\"remark\":\"教务老师权限\",\"roleId\":102,\"roleKey\":\"m_teacher\",\"roleName\":\"教务老师\",\"roleSort\":5,\"status\":\"0\",\"updateBy\":\"admin\"}','{\"msg\":\"操作成功\",\"code\":200}',0,NULL,'2024-07-09 01:50:12',15),(290,'角色管理',2,'com.ruoyi.web.controller.system.SysRoleController.edit()','PUT',1,'admin','软件工程学院','/system/role','127.0.0.1','内网IP','{\"admin\":false,\"createTime\":\"2024-07-05 21:10:36\",\"dataScope\":\"1\",\"delFlag\":\"0\",\"deptCheckStrictly\":true,\"flag\":false,\"menuCheckStrictly\":true,\"menuIds\":[2000,2003,2009,2015,2021,2028,2043,2041,2001,2034,2035,2036,2037,2038,2039,2004,2008,2010,2014,2016,2020,2022,2026,2029,2033,2044,2048],\"params\":{},\"remark\":\"班主任权限\",\"roleId\":103,\"roleKey\":\"ClassTeacher\",\"roleName\":\"班主任\",\"roleSort\":6,\"status\":\"0\",\"updateBy\":\"admin\"}','{\"msg\":\"操作成功\",\"code\":200}',0,NULL,'2024-07-09 01:50:20',18),(291,'菜单管理',1,'com.ruoyi.web.controller.system.SysMenuController.add()','POST',1,'admin','软件工程学院','/system/menu','127.0.0.1','内网IP','{\"children\":[],\"createBy\":\"admin\",\"isCache\":\"0\",\"isFrame\":\"1\",\"menuName\":\"学生成绩查询\",\"menuType\":\"F\",\"orderNum\":0,\"params\":{},\"parentId\":2056,\"perms\":\"tm:score:query\",\"status\":\"0\",\"visible\":\"0\"}','{\"msg\":\"操作成功\",\"code\":200}',0,NULL,'2024-07-09 01:58:20',5),(292,'菜单管理',1,'com.ruoyi.web.controller.system.SysMenuController.add()','POST',1,'admin','软件工程学院','/system/menu','127.0.0.1','内网IP','{\"children\":[],\"createBy\":\"admin\",\"isCache\":\"0\",\"isFrame\":\"1\",\"menuName\":\"学生成绩详情\",\"menuType\":\"F\",\"orderNum\":1,\"params\":{},\"parentId\":2056,\"perms\":\"tm:score:detail\",\"status\":\"0\",\"visible\":\"0\"}','{\"msg\":\"操作成功\",\"code\":200}',0,NULL,'2024-07-09 01:59:08',6),(293,'角色管理',2,'com.ruoyi.web.controller.system.SysRoleController.edit()','PUT',1,'admin','软件工程学院','/system/role','127.0.0.1','内网IP','{\"admin\":false,\"createTime\":\"2024-06-21 08:50:06\",\"dataScope\":\"1\",\"delFlag\":\"0\",\"deptCheckStrictly\":true,\"flag\":false,\"menuCheckStrictly\":true,\"menuIds\":[2000,2001,2009,2015,2028,2043,2042,2034,2038,2056,2057,2058,2010,2014,2016,2020,2029,2033,2044,2048],\"params\":{},\"remark\":\"学生的权限\",\"roleId\":100,\"roleKey\":\"student\",\"roleName\":\"学生\",\"roleSort\":3,\"status\":\"0\",\"updateBy\":\"admin\"}','{\"msg\":\"操作成功\",\"code\":200}',0,NULL,'2024-07-09 02:01:57',19),(294,'Student',1,'com.ruoyi.tm.controller.StuInfoController.add()','POST',1,'admin','软件工程学院','/system/info','127.0.0.1','内网IP','{\"admMethod\":\"普通统考\",\"classId\":2,\"id\":172,\"inSchool\":0,\"majorId\":2,\"name\":\"test\",\"params\":{},\"stuStatus\":1,\"type\":\"普通考生\",\"user_name\":\"test\"}','{\"msg\":\"操作成功\",\"code\":200}',0,NULL,'2024-07-09 02:08:25',80),(295,'角色管理',2,'com.ruoyi.web.controller.system.SysRoleController.edit()','PUT',1,'admin','软件工程学院','/system/role','127.0.0.1','内网IP','{\"admin\":false,\"createTime\":\"2024-06-21 08:50:06\",\"dataScope\":\"1\",\"delFlag\":\"0\",\"deptCheckStrictly\":true,\"flag\":false,\"menuCheckStrictly\":true,\"menuIds\":[2000,2009,2015,2028,2043,2042,2056,2057,2058,2010,2014,2016,2020,2029,2033,2044,2048],\"params\":{},\"remark\":\"学生的权限\",\"roleId\":100,\"roleKey\":\"student\",\"roleName\":\"学生\",\"roleSort\":3,\"status\":\"0\",\"updateBy\":\"admin\"}','{\"msg\":\"操作成功\",\"code\":200}',0,NULL,'2024-07-09 02:10:17',10),(296,'Student',3,'com.ruoyi.tm.controller.StuInfoController.remove()','DELETE',1,'admin','软件工程学院','/system/info/172','127.0.0.1','内网IP','{}','{\"msg\":\"操作成功\",\"code\":200}',0,NULL,'2024-07-09 02:28:55',7),(297,'班级信息',3,'com.ruoyi.tm.controller.ClassInfoController.remove()','DELETE',1,'admin','软件工程学院','/tm/Class/1','127.0.0.1','内网IP','{}','{\"msg\":\"操作成功\",\"code\":200}',0,NULL,'2024-07-09 02:40:42',11),(298,'班级信息',3,'com.ruoyi.tm.controller.ClassInfoController.remove()','DELETE',1,'admin','软件工程学院','/tm/Class/2','127.0.0.1','内网IP','{}','{\"msg\":\"操作成功\",\"code\":200}',0,NULL,'2024-07-09 02:40:44',6),(299,'班级信息',3,'com.ruoyi.tm.controller.ClassInfoController.remove()','DELETE',1,'admin','软件工程学院','/tm/Class/3','127.0.0.1','内网IP','{}','{\"msg\":\"操作成功\",\"code\":200}',0,NULL,'2024-07-09 02:40:45',5),(300,'班级信息',3,'com.ruoyi.tm.controller.ClassInfoController.remove()','DELETE',1,'admin','软件工程学院','/tm/Class/4','127.0.0.1','内网IP','{}','{\"msg\":\"操作成功\",\"code\":200}',0,NULL,'2024-07-09 02:40:47',5),(301,'班级信息',3,'com.ruoyi.tm.controller.ClassInfoController.remove()','DELETE',1,'admin','软件工程学院','/tm/Class/100','127.0.0.1','内网IP','{}','{\"msg\":\"操作成功\",\"code\":200}',0,NULL,'2024-07-09 02:40:48',5),(302,'专业',3,'com.ruoyi.tm.controller.MajorInfoController.remove()','DELETE',1,'admin','软件工程学院','/tm/major/1,2,3,4,5,6,7,8,9,10','127.0.0.1','内网IP','{}','{\"msg\":\"操作成功\",\"code\":200}',0,NULL,'2024-07-09 03:44:01',12),(303,'专业',3,'com.ruoyi.tm.controller.MajorInfoController.remove()','DELETE',1,'admin','软件工程学院','/tm/major/11,12,13,14,15,16,17,18,19,20','127.0.0.1','内网IP','{}','{\"msg\":\"操作成功\",\"code\":200}',0,NULL,'2024-07-09 03:44:03',6),(304,'专业',3,'com.ruoyi.tm.controller.MajorInfoController.remove()','DELETE',1,'admin','软件工程学院','/tm/major/21','127.0.0.1','内网IP','{}','{\"msg\":\"操作成功\",\"code\":200}',0,NULL,'2024-07-09 03:44:06',7),(305,'课程信息',1,'com.ruoyi.tm.controller.CourseInfoController.add()','POST',1,'admin','软件工程学院','/tm/Course','127.0.0.1','内网IP','{\"credit\":1,\"facId\":1,\"finalMethod\":\"考试\",\"name\":\"1\",\"params\":{},\"peoLimit\":1,\"startSem\":1,\"startYear\":1,\"teachId\":1,\"totTime\":1,\"type\":\"专必\"}',NULL,1,'\r\n### Error updating database.  Cause: java.sql.SQLIntegrityConstraintViolationException: Cannot add or update a child row: a foreign key constraint fails (`tm_db`.`course_info`, CONSTRAINT `fk_tea` FOREIGN KEY (`teach_id`) REFERENCES `tea_info` (`id`) ON DELETE CASCADE ON UPDATE RESTRICT)\r\n### The error may exist in file [F:\\grade_sys\\grade_inquiry_system\\ruoyi-tm\\target\\classes\\mapper\\tm\\CourseInfoMapper.xml]\r\n### The error may involve com.ruoyi.tm.mapper.CourseInfoMapper.insertCourseInfo-Inline\r\n### The error occurred while setting parameters\r\n### SQL: insert into course_info          ( name,             type,             peo_limit,             credit,             tot_time,             final_method,             start_year,             start_sem,             fac_id,             teach_id )           values ( ?,             ?,             ?,             ?,             ?,             ?,             ?,             ?,             ?,             ? )\r\n### Cause: java.sql.SQLIntegrityConstraintViolationException: Cannot add or update a child row: a foreign key constraint fails (`tm_db`.`course_info`, CONSTRAINT `fk_tea` FOREIGN KEY (`teach_id`) REFERENCES `tea_info` (`id`) ON DELETE CASCADE ON UPDATE RESTRICT)\n; Cannot add or update a child row: a foreign key constraint fails (`tm_db`.`course_info`, CONSTRAINT `fk_tea` FOREIGN KEY (`teach_id`) REFERENCES `tea_info` (`id`) ON DELETE CASCADE ON UPDATE RESTRICT); nested exception is java.sql.SQLIntegrityConstraintViolationException: Cannot add or update a child row: a foreign key constraint fails (`tm_db`.`course_info`, CONSTRAINT `fk_tea` FOREIGN KEY (`teach_id`) REFERENCES `tea_info` (`id`) ON DELETE CASCADE ON UPDATE RESTRICT)','2024-07-09 04:02:50',44),(306,'课程信息',1,'com.ruoyi.tm.controller.CourseInfoController.add()','POST',1,'admin','软件工程学院','/tm/Course','127.0.0.1','内网IP','{\"credit\":1,\"facId\":1,\"finalMethod\":\"考试\",\"id\":13,\"name\":\"1\",\"params\":{},\"peoLimit\":1,\"startSem\":1,\"startYear\":1,\"teachId\":2,\"totTime\":1,\"type\":\"专必\"}','{\"msg\":\"操作成功\",\"code\":200}',0,NULL,'2024-07-09 04:02:53',6),(307,'课程信息',3,'com.ruoyi.tm.controller.CourseInfoController.remove()','DELETE',1,'admin','软件工程学院','/tm/Course/13','127.0.0.1','内网IP','{}','{\"msg\":\"操作成功\",\"code\":200}',0,NULL,'2024-07-09 04:02:58',6),(308,'课程信息',1,'com.ruoyi.tm.controller.CourseInfoController.add()','POST',1,'admin','软件工程学院','/tm/Course','127.0.0.1','内网IP','{\"credit\":1,\"facId\":1,\"finalMethod\":\"考试\",\"id\":14,\"name\":\"1\",\"params\":{},\"peoLimit\":1,\"startSem\":1,\"startYear\":1,\"teachId\":2,\"totTime\":1,\"type\":\"专必\"}','{\"msg\":\"操作成功\",\"code\":200}',0,NULL,'2024-07-09 04:03:20',4),(309,'课程信息',3,'com.ruoyi.tm.controller.CourseInfoController.remove()','DELETE',1,'admin','软件工程学院','/tm/Course/14','127.0.0.1','内网IP','{}','{\"msg\":\"操作成功\",\"code\":200}',0,NULL,'2024-07-09 04:10:46',3),(310,'课程信息',5,'com.ruoyi.tm.controller.CourseInfoController.export()','POST',1,'admin','软件工程学院','/tm/Course/export','127.0.0.1','内网IP','{\"pageSize\":\"10\",\"pageNum\":\"1\"}',NULL,0,NULL,'2024-07-09 04:14:59',609),(311,'课程信息',3,'com.ruoyi.tm.controller.CourseInfoController.remove()','DELETE',1,'admin','软件工程学院','/tm/Course/1','127.0.0.1','内网IP','{}','{\"msg\":\"操作成功\",\"code\":200}',0,NULL,'2024-07-09 04:15:10',6),(312,'课程信息',3,'com.ruoyi.tm.controller.CourseInfoController.remove()','DELETE',1,'admin','软件工程学院','/tm/Course/2','127.0.0.1','内网IP','{}','{\"msg\":\"操作成功\",\"code\":200}',0,NULL,'2024-07-09 04:15:13',5),(313,'课程信息',3,'com.ruoyi.tm.controller.CourseInfoController.remove()','DELETE',1,'admin','软件工程学院','/tm/Course/15','127.0.0.1','内网IP','{}','{\"msg\":\"操作成功\",\"code\":200}',0,NULL,'2024-07-09 04:15:15',4),(314,'课程信息',3,'com.ruoyi.tm.controller.CourseInfoController.remove()','DELETE',1,'admin','软件工程学院','/tm/Course/16','127.0.0.1','内网IP','{}','{\"msg\":\"操作成功\",\"code\":200}',0,NULL,'2024-07-09 04:15:17',4),(315,'课程信息',3,'com.ruoyi.tm.controller.CourseInfoController.remove()','DELETE',1,'admin','软件工程学院','/tm/Course/1','127.0.0.1','内网IP','{}','{\"msg\":\"操作成功\",\"code\":200}',0,NULL,'2024-07-09 04:16:58',4),(316,'课程信息',3,'com.ruoyi.tm.controller.CourseInfoController.remove()','DELETE',1,'admin','软件工程学院','/tm/Course/2','127.0.0.1','内网IP','{}','{\"msg\":\"操作成功\",\"code\":200}',0,NULL,'2024-07-09 04:17:00',4),(317,'课程信息',3,'com.ruoyi.tm.controller.CourseInfoController.remove()','DELETE',1,'admin','软件工程学院','/tm/Course/1','127.0.0.1','内网IP','{}','{\"msg\":\"操作成功\",\"code\":200}',0,NULL,'2024-07-09 04:17:29',5),(318,'课程信息',3,'com.ruoyi.tm.controller.CourseInfoController.remove()','DELETE',1,'admin','软件工程学院','/tm/Course/2','127.0.0.1','内网IP','{}','{\"msg\":\"操作成功\",\"code\":200}',0,NULL,'2024-07-09 04:17:30',4),(319,'角色管理',2,'com.ruoyi.web.controller.system.SysRoleController.edit()','PUT',1,'admin','软件工程学院','/system/role','127.0.0.1','内网IP','{\"admin\":false,\"createTime\":\"2024-07-05 21:10:36\",\"dataScope\":\"1\",\"delFlag\":\"0\",\"deptCheckStrictly\":true,\"flag\":false,\"menuCheckStrictly\":true,\"menuIds\":[2000,2003,2009,2015,2021,2028,2043,2041,2001,2034,2035,2036,2037,2038,2039,2004,2008,2010,2014,2016,2020,2022,2026,2029,2033,2044,2048],\"params\":{},\"remark\":\"班主任权限\",\"roleId\":103,\"roleKey\":\"ClassTeacher\",\"roleName\":\"班主任\",\"roleSort\":6,\"status\":\"0\",\"updateBy\":\"admin\"}','{\"msg\":\"操作成功\",\"code\":200}',0,NULL,'2024-07-09 05:38:57',34);
/*!40000 ALTER TABLE `sys_oper_log` ENABLE KEYS */;
UNLOCK TABLES;

--
-- Table structure for table `sys_post`
--

DROP TABLE IF EXISTS `sys_post`;
/*!40101 SET @saved_cs_client     = @@character_set_client */;
/*!50503 SET character_set_client = utf8mb4 */;
CREATE TABLE `sys_post` (
  `post_id` bigint NOT NULL AUTO_INCREMENT COMMENT '岗位ID',
  `post_code` varchar(64) CHARACTER SET utf8mb4 COLLATE utf8mb4_0900_ai_ci NOT NULL COMMENT '岗位编码',
  `post_name` varchar(50) CHARACTER SET utf8mb4 COLLATE utf8mb4_0900_ai_ci NOT NULL COMMENT '岗位名称',
  `post_sort` int NOT NULL COMMENT '显示顺序',
  `status` char(1) CHARACTER SET utf8mb4 COLLATE utf8mb4_0900_ai_ci NOT NULL COMMENT '状态（0正常 1停用）',
  `create_by` varchar(64) CHARACTER SET utf8mb4 COLLATE utf8mb4_0900_ai_ci DEFAULT '' COMMENT '创建者',
  `create_time` datetime DEFAULT NULL COMMENT '创建时间',
  `update_by` varchar(64) CHARACTER SET utf8mb4 COLLATE utf8mb4_0900_ai_ci DEFAULT '' COMMENT '更新者',
  `update_time` datetime DEFAULT NULL COMMENT '更新时间',
  `remark` varchar(500) CHARACTER SET utf8mb4 COLLATE utf8mb4_0900_ai_ci DEFAULT NULL COMMENT '备注',
  PRIMARY KEY (`post_id`) USING BTREE
) ENGINE=InnoDB AUTO_INCREMENT=5 DEFAULT CHARSET=utf8mb4 COLLATE=utf8mb4_0900_ai_ci ROW_FORMAT=DYNAMIC COMMENT='岗位信息表';
/*!40101 SET character_set_client = @saved_cs_client */;

--
-- Dumping data for table `sys_post`
--

LOCK TABLES `sys_post` WRITE;
/*!40000 ALTER TABLE `sys_post` DISABLE KEYS */;
INSERT INTO `sys_post` VALUES (1,'ceo','董事长',1,'0','admin','2024-05-31 23:32:47','',NULL,''),(2,'se','项目经理',2,'0','admin','2024-05-31 23:32:47','',NULL,''),(3,'hr','人力资源',3,'0','admin','2024-05-31 23:32:47','',NULL,''),(4,'user','普通员工',4,'0','admin','2024-05-31 23:32:47','',NULL,'');
/*!40000 ALTER TABLE `sys_post` ENABLE KEYS */;
UNLOCK TABLES;

--
-- Table structure for table `sys_role`
--

DROP TABLE IF EXISTS `sys_role`;
/*!40101 SET @saved_cs_client     = @@character_set_client */;
/*!50503 SET character_set_client = utf8mb4 */;
CREATE TABLE `sys_role` (
  `role_id` bigint NOT NULL AUTO_INCREMENT COMMENT '角色ID',
  `role_name` varchar(30) CHARACTER SET utf8mb4 COLLATE utf8mb4_0900_ai_ci NOT NULL COMMENT '角色名称',
  `role_key` varchar(100) CHARACTER SET utf8mb4 COLLATE utf8mb4_0900_ai_ci NOT NULL COMMENT '角色权限字符串',
  `role_sort` int NOT NULL COMMENT '显示顺序',
  `data_scope` char(1) CHARACTER SET utf8mb4 COLLATE utf8mb4_0900_ai_ci DEFAULT '1' COMMENT '数据范围（1：全部数据权限 2：自定数据权限 3：本部门数据权限 4：本部门及以下数据权限）',
  `menu_check_strictly` tinyint(1) DEFAULT '1' COMMENT '菜单树选择项是否关联显示',
  `dept_check_strictly` tinyint(1) DEFAULT '1' COMMENT '部门树选择项是否关联显示',
  `status` char(1) CHARACTER SET utf8mb4 COLLATE utf8mb4_0900_ai_ci NOT NULL COMMENT '角色状态（0正常 1停用）',
  `del_flag` char(1) CHARACTER SET utf8mb4 COLLATE utf8mb4_0900_ai_ci DEFAULT '0' COMMENT '删除标志（0代表存在 2代表删除）',
  `create_by` varchar(64) CHARACTER SET utf8mb4 COLLATE utf8mb4_0900_ai_ci DEFAULT '' COMMENT '创建者',
  `create_time` datetime DEFAULT NULL COMMENT '创建时间',
  `update_by` varchar(64) CHARACTER SET utf8mb4 COLLATE utf8mb4_0900_ai_ci DEFAULT '' COMMENT '更新者',
  `update_time` datetime DEFAULT NULL COMMENT '更新时间',
  `remark` varchar(500) CHARACTER SET utf8mb4 COLLATE utf8mb4_0900_ai_ci DEFAULT NULL COMMENT '备注',
  PRIMARY KEY (`role_id`) USING BTREE,
  KEY `role_name` (`role_name`) USING BTREE
) ENGINE=InnoDB AUTO_INCREMENT=104 DEFAULT CHARSET=utf8mb4 COLLATE=utf8mb4_0900_ai_ci ROW_FORMAT=DYNAMIC COMMENT='角色信息表';
/*!40101 SET character_set_client = @saved_cs_client */;

--
-- Dumping data for table `sys_role`
--

LOCK TABLES `sys_role` WRITE;
/*!40000 ALTER TABLE `sys_role` DISABLE KEYS */;
INSERT INTO `sys_role` VALUES (1,'超级管理员','admin',1,'1',1,1,'0','0','admin','2024-05-31 23:32:47','',NULL,'超级管理员'),(2,'普通角色','common',2,'2',1,1,'0','0','admin','2024-05-31 23:32:47','admin','2024-07-08 00:36:12','普通角色'),(100,'学生','student',3,'1',1,1,'0','0','admin','2024-06-21 08:50:06','admin','2024-07-09 02:10:17','学生的权限'),(101,'教师','teacher',4,'1',1,1,'0','0','admin','2024-06-21 08:50:55','admin','2024-07-09 01:50:04','教师权限'),(102,'教务老师','m_teacher',5,'1',1,1,'0','0','admin','2024-06-21 08:51:36','admin','2024-07-09 01:50:12','教务老师权限'),(103,'班主任','ClassTeacher',6,'1',1,1,'0','0','admin','2024-07-05 21:10:36','admin','2024-07-09 05:38:57','班主任权限');
/*!40000 ALTER TABLE `sys_role` ENABLE KEYS */;
UNLOCK TABLES;

--
-- Table structure for table `sys_role_dept`
--

DROP TABLE IF EXISTS `sys_role_dept`;
/*!40101 SET @saved_cs_client     = @@character_set_client */;
/*!50503 SET character_set_client = utf8mb4 */;
CREATE TABLE `sys_role_dept` (
  `role_id` bigint NOT NULL COMMENT '角色ID',
  `dept_id` bigint NOT NULL COMMENT '部门ID',
  PRIMARY KEY (`role_id`,`dept_id`) USING BTREE
) ENGINE=InnoDB DEFAULT CHARSET=utf8mb4 COLLATE=utf8mb4_0900_ai_ci ROW_FORMAT=DYNAMIC COMMENT='角色和部门关联表';
/*!40101 SET character_set_client = @saved_cs_client */;

--
-- Dumping data for table `sys_role_dept`
--

LOCK TABLES `sys_role_dept` WRITE;
/*!40000 ALTER TABLE `sys_role_dept` DISABLE KEYS */;
INSERT INTO `sys_role_dept` VALUES (2,100),(2,101),(2,105);
/*!40000 ALTER TABLE `sys_role_dept` ENABLE KEYS */;
UNLOCK TABLES;

--
-- Table structure for table `sys_role_menu`
--

DROP TABLE IF EXISTS `sys_role_menu`;
/*!40101 SET @saved_cs_client     = @@character_set_client */;
/*!50503 SET character_set_client = utf8mb4 */;
CREATE TABLE `sys_role_menu` (
  `role_id` bigint NOT NULL COMMENT '角色ID',
  `menu_id` bigint NOT NULL COMMENT '菜单ID',
  PRIMARY KEY (`role_id`,`menu_id`) USING BTREE
) ENGINE=InnoDB DEFAULT CHARSET=utf8mb4 COLLATE=utf8mb4_0900_ai_ci ROW_FORMAT=DYNAMIC COMMENT='角色和菜单关联表';
/*!40101 SET character_set_client = @saved_cs_client */;

--
-- Dumping data for table `sys_role_menu`
--

LOCK TABLES `sys_role_menu` WRITE;
/*!40000 ALTER TABLE `sys_role_menu` DISABLE KEYS */;
INSERT INTO `sys_role_menu` VALUES (2,1),(2,2),(2,3),(2,100),(2,101),(2,102),(2,103),(2,104),(2,105),(2,106),(2,107),(2,108),(2,109),(2,110),(2,111),(2,112),(2,113),(2,114),(2,115),(2,116),(2,117),(2,500),(2,501),(2,1000),(2,1001),(2,1002),(2,1003),(2,1004),(2,1005),(2,1006),(2,1007),(2,1008),(2,1009),(2,1010),(2,1011),(2,1012),(2,1013),(2,1014),(2,1015),(2,1016),(2,1017),(2,1018),(2,1019),(2,1020),(2,1021),(2,1022),(2,1023),(2,1024),(2,1025),(2,1026),(2,1027),(2,1028),(2,1029),(2,1030),(2,1031),(2,1032),(2,1033),(2,1034),(2,1035),(2,1036),(2,1037),(2,1038),(2,1039),(2,1040),(2,1041),(2,1042),(2,1043),(2,1044),(2,1045),(2,1046),(2,1047),(2,1048),(2,1049),(2,1050),(2,1051),(2,1052),(2,1053),(2,1054),(2,1055),(2,1056),(2,1057),(2,1058),(2,1059),(2,1060),(2,2000),(2,2001),(2,2027),(100,2000),(100,2009),(100,2010),(100,2014),(100,2015),(100,2016),(100,2020),(100,2028),(100,2029),(100,2033),(100,2042),(100,2043),(100,2044),(100,2048),(100,2056),(100,2057),(100,2058),(101,2000),(101,2001),(101,2003),(101,2004),(101,2008),(101,2009),(101,2010),(101,2014),(101,2015),(101,2016),(101,2020),(101,2021),(101,2022),(101,2026),(101,2028),(101,2029),(101,2033),(101,2034),(101,2035),(101,2036),(101,2037),(101,2038),(101,2039),(101,2040),(101,2043),(101,2044),(101,2048),(102,2000),(102,2001),(102,2003),(102,2004),(102,2005),(102,2006),(102,2007),(102,2008),(102,2009),(102,2010),(102,2011),(102,2012),(102,2013),(102,2014),(102,2015),(102,2016),(102,2017),(102,2018),(102,2019),(102,2020),(102,2021),(102,2022),(102,2023),(102,2024),(102,2025),(102,2026),(102,2027),(102,2028),(102,2029),(102,2030),(102,2031),(102,2032),(102,2033),(102,2034),(102,2035),(102,2036),(102,2037),(102,2038),(102,2039),(102,2043),(102,2044),(102,2045),(102,2046),(102,2047),(102,2048),(102,2049),(102,2050),(102,2051),(102,2052),(102,2053),(102,2054),(103,2000),(103,2001),(103,2003),(103,2004),(103,2008),(103,2009),(103,2010),(103,2014),(103,2015),(103,2016),(103,2020),(103,2021),(103,2022),(103,2026),(103,2028),(103,2029),(103,2033),(103,2034),(103,2035),(103,2036),(103,2037),(103,2038),(103,2039),(103,2041),(103,2043),(103,2044),(103,2048);
/*!40000 ALTER TABLE `sys_role_menu` ENABLE KEYS */;
UNLOCK TABLES;

--
-- Table structure for table `sys_user`
--

DROP TABLE IF EXISTS `sys_user`;
/*!40101 SET @saved_cs_client     = @@character_set_client */;
/*!50503 SET character_set_client = utf8mb4 */;
CREATE TABLE `sys_user` (
  `user_id` bigint NOT NULL AUTO_INCREMENT COMMENT '用户ID',
  `dept_id` bigint DEFAULT NULL COMMENT '部门ID',
  `user_name` varchar(30) CHARACTER SET utf8mb4 COLLATE utf8mb4_0900_ai_ci NOT NULL COMMENT '用户账号',
  `nick_name` varchar(30) CHARACTER SET utf8mb4 COLLATE utf8mb4_0900_ai_ci DEFAULT '' COMMENT '用户昵称',
  `user_type` varchar(2) CHARACTER SET utf8mb4 COLLATE utf8mb4_0900_ai_ci DEFAULT '00' COMMENT '用户类型（00系统用户）',
  `email` varchar(50) CHARACTER SET utf8mb4 COLLATE utf8mb4_0900_ai_ci DEFAULT '' COMMENT '用户邮箱',
  `phonenumber` varchar(11) CHARACTER SET utf8mb4 COLLATE utf8mb4_0900_ai_ci DEFAULT '' COMMENT '手机号码',
  `sex` char(1) CHARACTER SET utf8mb4 COLLATE utf8mb4_0900_ai_ci DEFAULT '0' COMMENT '用户性别（0男 1女 2未知）',
  `avatar` varchar(100) CHARACTER SET utf8mb4 COLLATE utf8mb4_0900_ai_ci DEFAULT '' COMMENT '头像地址',
  `password` varchar(100) CHARACTER SET utf8mb4 COLLATE utf8mb4_0900_ai_ci DEFAULT '' COMMENT '密码',
  `status` char(1) CHARACTER SET utf8mb4 COLLATE utf8mb4_0900_ai_ci DEFAULT '0' COMMENT '帐号状态（0正常 1停用）',
  `del_flag` char(1) CHARACTER SET utf8mb4 COLLATE utf8mb4_0900_ai_ci DEFAULT '0' COMMENT '删除标志（0代表存在 2代表删除）',
  `login_ip` varchar(128) CHARACTER SET utf8mb4 COLLATE utf8mb4_0900_ai_ci DEFAULT '' COMMENT '最后登录IP',
  `login_date` datetime DEFAULT NULL COMMENT '最后登录时间',
  `create_by` varchar(64) CHARACTER SET utf8mb4 COLLATE utf8mb4_0900_ai_ci DEFAULT '' COMMENT '创建者',
  `create_time` datetime DEFAULT NULL COMMENT '创建时间',
  `update_by` varchar(64) CHARACTER SET utf8mb4 COLLATE utf8mb4_0900_ai_ci DEFAULT '' COMMENT '更新者',
  `update_time` datetime DEFAULT NULL COMMENT '更新时间',
  `remark` varchar(500) CHARACTER SET utf8mb4 COLLATE utf8mb4_0900_ai_ci DEFAULT NULL COMMENT '备注',
  PRIMARY KEY (`user_id`) USING BTREE,
  KEY `user_name` (`user_name`) USING BTREE
) ENGINE=InnoDB AUTO_INCREMENT=99729326 DEFAULT CHARSET=utf8mb4 COLLATE=utf8mb4_0900_ai_ci ROW_FORMAT=DYNAMIC COMMENT='用户信息表';
/*!40101 SET character_set_client = @saved_cs_client */;

--
-- Dumping data for table `sys_user`
--

LOCK TABLES `sys_user` WRITE;
/*!40000 ALTER TABLE `sys_user` DISABLE KEYS */;
INSERT INTO `sys_user` VALUES (1,103,'admin','若依','00','ry@163.com','15888888888','1','','$2a$10$7JB720yubVSZvUI0rEqK/.VqGOZTH.ulu33dHOiBE8ByOhJIrdAu2','0','0','127.0.0.1','2024-07-09 05:38:31','admin','2024-05-31 23:32:47','','2024-07-09 05:38:30','管理员'),(2,103,'lan','若依','00','ry@qq.com','15666666666','1','','$2a$10$7JB720yubVSZvUI0rEqK/.VqGOZTH.ulu33dHOiBE8ByOhJIrdAu2','0','0','127.0.0.1','2024-07-08 14:30:32','admin','2024-05-31 23:32:47','admin','2024-07-08 14:30:32','测试员'),(3,NULL,'Anna','Anna','00','','','0','','$2a$10$nTKMFarDhmyE7LzqObCE2O2.6Qr4re2tNlNbJmBD7h834410q4ivG','0','0','127.0.0.1','2024-07-09 04:32:39',NULL,'2024-07-09 03:46:08','','2024-07-09 04:32:38','教务老师'),(4,NULL,'James','James','00','','','0','','$2a$10$fywen5orxXBJ1yQRXYYtc.eC1xu3.6Bnq1UeVcaD64BCSg7nEkh1u','0','0','',NULL,NULL,'2024-07-09 03:46:08','',NULL,'班主任'),(5,NULL,'Poul','Poul','00','','','0','','$2a$10$rPPg92KV3u0hEmAFRoXlv.YL47PRf8k7D6Lizv.hE4Faszkg8XDO.','0','0','127.0.0.1','2024-07-09 05:37:04',NULL,'2024-07-09 03:46:08','','2024-07-09 05:37:03','班主任'),(6,NULL,'John','John','00','','','0','','$2a$10$QbYs5XywCjpfdJv13jlQZeOzpI5UoiJ/q0X7K0nCzGJJOM6R7RVLO','0','0','',NULL,NULL,'2024-07-09 03:46:08','',NULL,'班主任'),(7,NULL,'Alice','Alice','00','','','0','','$2a$10$zngzrsJp11MLDGpmNMVkT.6Ce77vKTurlQiqyTSH59uT8MOvdUsLC','0','0','',NULL,NULL,'2024-07-09 03:46:08','',NULL,'班主任'),(8,NULL,'Mary','Mary','00','','','0','','$2a$10$AxCtZHWLCyadlqznDvGsGu95dyyPhURk.3Bu/ssGCxOdiihk.ibpq','0','0','',NULL,NULL,'2024-07-09 03:46:08','',NULL,'班主任'),(9,NULL,'David','David','00','','','0','','$2a$10$tPPnhdst.Nh2SPaDOLTrmOyoDAcoFnoMsGu.H.yAfl2jiQU4o/.L.','0','0','',NULL,NULL,'2024-07-09 03:46:08','',NULL,'班主任'),(10,NULL,'Michael','Michael','00','','','0','','$2a$10$KA7MM4crKfVMSWrljs26ROkH4bq7k1eMlgUonIPeB44Yg4UMYnE4W','0','0','',NULL,NULL,'2024-07-09 03:46:08','',NULL,'班主任'),(11,NULL,'Emily','Emily','00','','','0','','$2a$10$Y.BawyaJpzfEfB6K4qIbTe4Uf92Wb/SvOP3gFeoQyYtSUMAsJJTYa','0','0','',NULL,NULL,'2024-07-09 03:46:08','',NULL,'班主任'),(12,NULL,'Robert','Robert','00','','','0','','$2a$10$W3CvKoyp580opgc/wRLpCe.GS7hrBtX7.193CF467W9t2YKxf9G0a','0','0','',NULL,NULL,'2024-07-09 03:46:09','',NULL,'班主任'),(13,NULL,'Jessica','Jessica','00','','','0','','$2a$10$XPh8.hqiryydAg9n4IUI4.MHXKKkJ8zMqxb.C8sOHb/flH5OWk7zq','0','0','',NULL,NULL,'2024-07-09 03:46:09','',NULL,'班主任'),(14,NULL,'Daniel','Daniel','00','','','0','','$2a$10$wOqCWqEMbfWVqyJvaO806u8EY2i2M1g9Po/Dfr53HzxzA4hneTfp2','0','0','',NULL,NULL,'2024-07-09 03:46:09','',NULL,'班主任'),(15,NULL,'Sarah','Sarah','00','','','0','','$2a$10$Pc/G059abxmZrKR.P1u9zePD5zmy1KdqisRPzRNcVmR8hG8d7jTbO','0','0','',NULL,NULL,'2024-07-09 03:46:09','',NULL,'班主任'),(16,NULL,'Matthew','Matthew','00','','','0','','$2a$10$O4dSQAdHG7gZQFPTqFCPzuQVowmGM8CSNbZ1ilUDW.I3Z3uocp4Ka','0','0','',NULL,NULL,'2024-07-09 03:46:09','',NULL,'班主任'),(17,NULL,'Jennifer','Jennifer','00','','','0','','$2a$10$aiH4Tk0Dw8KzwA7QgqJ3Z.XP7T./1.NeZ8ntw3p0xNnQO56INRJme','0','0','',NULL,NULL,'2024-07-09 03:46:09','',NULL,'班主任'),(18,NULL,'Christopher','Christopher','00','','','0','','$2a$10$2NGfDtVu1.Yz5j3/2iw.h.R6D6V./ePLDkTMJ8bxe/L7JGqvJ7mQy','0','0','',NULL,NULL,'2024-07-09 03:46:09','',NULL,'班主任'),(19,NULL,'Elizabeth','Elizabeth','00','','','0','','$2a$10$eHgsrY8vtE/PmCNG5mwkjuD2zIxuax/8IFD/FQd2tQt1TOKOfL4d.','0','0','',NULL,NULL,'2024-07-09 03:46:09','',NULL,'班主任'),(20,NULL,'Joshua','Joshua','00','','','0','','$2a$10$mcCHUyf7vuZNpzvNKZuMbeTzXxskoWI.aOuAJtaHK7fXww8qS5POO','0','0','',NULL,NULL,'2024-07-09 03:46:09','',NULL,'班主任'),(21,NULL,'Linda','Linda','00','','','0','','$2a$10$IJe8iC/Hce7v7KlBdfLfWuVU70MZWIoN1qpzxX2iqogV158g4rbYO','0','0','',NULL,NULL,'2024-07-09 03:46:09','',NULL,'班主任'),(22,NULL,'Andrew','Andrew','00','','','0','','$2a$10$8E8CMC/1ewLZn0O3ThWwau.zJt895tlPZyuUwH2y92rMz..X/QOry','0','0','',NULL,NULL,'2024-07-09 03:46:09','',NULL,'班主任'),(23,NULL,'Karen','Karen','00','','','0','','$2a$10$TzTeOX7ZPZO80o3eFk7rROZ0PQp7xKHI38OXgL/3Mdmdt4vpkRo/6','0','0','',NULL,NULL,'2024-07-09 03:46:10','',NULL,'班主任'),(24,NULL,'Kevin','Kevin','00','','','0','','$2a$10$CXOiiE8LG.ZwTtO5sayAHOIJdqNZRU1TIfe8bXs6VvEe4JFlh6bpC','0','0','',NULL,NULL,'2024-07-09 03:46:10','',NULL,'班主任'),(25,NULL,'Nancy','Nancy','00','','','0','','$2a$10$9gLXqk61k0rnwQ6g8h2AFOjua7ptWD0G9RhTon0gZiO/AT66/nWFi','0','0','',NULL,NULL,'2024-07-09 03:46:10','',NULL,'班主任'),(26,NULL,'Brian','Brian','00','','','0','','$2a$10$D4Qq14DCjQQoYDPyb2IyluEbixCq9VcApiKws2H5JuvSSRgb4bEHS','0','0','',NULL,NULL,'2024-07-09 03:46:10','',NULL,'班主任'),(27,NULL,'Lisa','Lisa','00','','','0','','$2a$10$ubThKZ8PtX8coparYM4NS.KmP2JNbUXKSrZyhJGOw26Mub6pIj7B6','0','0','',NULL,NULL,'2024-07-09 03:46:10','',NULL,'班主任'),(28,NULL,'Mark','Mark','00','','','0','','$2a$10$kyUskJFseYSUvd3t7lXINeG0B58gyGnBShq3p.bNUMtJCnvE4CdFu','0','0','',NULL,NULL,'2024-07-09 03:46:10','',NULL,'班主任'),(29,NULL,'Betty','Betty','00','','','0','','$2a$10$giAMG3Y03GwOC3/JcPrsL.hkgy8aqVRXH42g.A84WCErPAnT7tqbS','0','0','',NULL,NULL,'2024-07-09 03:46:10','',NULL,'班主任'),(30,NULL,'Paul','Paul','00','','','0','','$2a$10$XdEf3qVolw4UfjerrJjbtesRzNb8MtuWQ6pf5xieo8hMMCf3KJljm','0','0','',NULL,NULL,'2024-07-09 03:46:10','',NULL,'班主任'),(31,NULL,'Margaret','Margaret','00','','','0','','$2a$10$WPliVpKT19ToOjihlkAN8eew/25rbsRNKAuctQtY6oaLvXA6MVchu','0','0','',NULL,NULL,'2024-07-09 03:46:10','',NULL,'班主任'),(32,NULL,'Donald','Donald','00','','','0','','$2a$10$C3TDqavDldNrlV3rePD3Q.34TdTuX1xos1fKGzXGMrcDTA.sYQOSu','0','0','',NULL,NULL,'2024-07-09 03:46:10','',NULL,'班主任'),(33,NULL,'Sandra','Sandra','00','','','0','','$2a$10$kWcZjCYh01a5GwcTLGhWh.K76FQTIbf.nxjdM79itIacn0ROYwSK2','0','0','',NULL,NULL,'2024-07-09 03:46:11','',NULL,'班主任'),(34,NULL,'George','George','00','','','0','','$2a$10$Cwav67DJ3joX.8c7nmXa6ubCU23BPkwrmLTOdDIl4vXlAn424Q16q','0','0','',NULL,NULL,'2024-07-09 03:46:11','',NULL,'班主任'),(35,NULL,'Ashley','Ashley','00','','','0','','$2a$10$Ux3EGKW281JgmgkCRrHCqum1/bPzn3pUqatFA9VgsxBY/glyPnh3m','0','0','',NULL,NULL,'2024-07-09 03:46:11','',NULL,'班主任'),(36,NULL,'Kenneth','Kenneth','00','','','0','','$2a$10$Jm/XXpvcDhxeCM.D1SxntOR3qldjDp02uSf59jjvnrv9g4NMg9WZ6','0','0','',NULL,NULL,'2024-07-09 03:46:11','',NULL,'班主任'),(37,NULL,'Susan','Susan','00','','','0','','$2a$10$.BslZKGRoBhFlY6kCL8UkusXfQmWQoFV91zVT2Uhyy8wOwNv1J0mG','0','0','',NULL,NULL,'2024-07-09 03:46:11','',NULL,'班主任'),(38,NULL,'Steven','Steven','00','','','0','','$2a$10$C6SfDKOq1DGWQ5TIJSD/teL5JKGBudgfu0Ob5WeLqZGFVpKgopK.G','0','0','',NULL,NULL,'2024-07-09 03:46:11','',NULL,'班主任'),(39,NULL,'Dorothy','Dorothy','00','','','0','','$2a$10$iW.sgTO00qpE7VXVWvLY1eVJN1C.uJ/bK8iBRC9Tcfp5ikRthHIsC','0','0','',NULL,NULL,'2024-07-09 03:46:11','',NULL,'班主任'),(40,NULL,'Edward','Edward','00','','','0','','$2a$10$XsNoxt5BD7YqBQ/QZiAXg.rz1LgUeqwGTI644L88UuzsofBnQ3Ule','0','0','',NULL,NULL,'2024-07-09 03:46:11','',NULL,'班主任'),(41,NULL,'Jessica','Jessica','00','','','0','','$2a$10$R4uCwZXUAIZHnE3.GKVZuuo5C1EfUCT.7ZJQyeE0KqrdmMTqqplcO','0','0','',NULL,NULL,'2024-07-09 03:46:11','',NULL,'班主任'),(42,NULL,'Ronald','Ronald','00','','','0','','$2a$10$R7JuYR/T4ZuGvFboixsvwuJNkexY80giHdFJUw.zCcosXtS1kqIve','0','0','',NULL,NULL,'2024-07-09 03:46:11','',NULL,'班主任'),(43,NULL,'Kimberly','Kimberly','00','','','0','','$2a$10$H/B4FYB6ghgi17jNzheHCey8WRuog3IYPJknPQVjClKKAFyNZ107e','0','0','',NULL,NULL,'2024-07-09 03:46:11','',NULL,'班主任'),(44,NULL,'Anthony','Anthony','00','','','0','','$2a$10$0XX6bEgJusBJt/t7x4QgA.VHtwy3zorhWptPtguxd5Z4dWG93Z5h2','0','0','',NULL,NULL,'2024-07-09 03:46:12','',NULL,'班主任'),(45,NULL,'Donna','Donna','00','','','0','','$2a$10$2p7AkoFkcmEsjagpdCKsweWx9IZk6noYwWezenqCR5U3zF7z.u8bO','0','0','',NULL,NULL,'2024-07-09 03:46:12','',NULL,'班主任'),(46,NULL,'Emily','Emily','00','','','0','','$2a$10$b4W8ejBevjKlQNZfwYxc4.b5M91MJu8qhAtLB6Bc6mQYHPpO5E7Ea','0','0','',NULL,NULL,'2024-07-09 03:46:12','',NULL,'班主任'),(47,NULL,'Charles','Charles','00','','','0','','$2a$10$E/ANTZRk/lZEF5eGrbcW1eHbCKlszjhgKzAVrPLlbGhLPZk7FG5ba','0','0','',NULL,NULL,'2024-07-09 03:46:12','',NULL,'班主任'),(48,NULL,'Amanda','Amanda','00','','','0','','$2a$10$6BEmCgmLVTeCZPA4Izy.ZOPRrZ45/EWGqkcBsNhPInvcEhnY2B3pa','0','0','',NULL,NULL,'2024-07-09 03:46:12','',NULL,'班主任'),(49,NULL,'Patrick','Patrick','00','','','0','','$2a$10$MytpHNKFK58ErsOlbFv4a.8zPAROVKzsVEDTy1wl0B7rpFNnV8OQi','0','0','',NULL,NULL,'2024-07-09 03:46:12','',NULL,'班主任'),(50,NULL,'Helen','Helen','00','','','0','','$2a$10$dintsfZm/S8gQH8mQOpbbeMJUtVpYvnCDvFStcI7GfRwToee9LtEW','0','0','',NULL,NULL,'2024-07-09 03:46:12','',NULL,'班主任'),(51,NULL,'Stephen','Stephen','00','','','0','','$2a$10$lysyHJ.dG4cc.6Ak.11gYe7irgAh97IKA1Mr5iBFw8zja3FLmV132','0','0','',NULL,NULL,'2024-07-09 03:46:12','',NULL,'班主任'),(52,NULL,'Megan','Megan','00','','','0','','$2a$10$tbxjmZQr8/wDC7f7NE6dEusu3Rz35rejMFxLQN2nTHzyfmuf3rKj6','0','0','',NULL,NULL,'2024-07-09 03:46:12','',NULL,'班主任'),(53,NULL,'Timothy','Timothy','00','','','0','','$2a$10$TnuJ5CAGxvPeuj62d/WGRe7MC.x.D4SAUHtNOEZZbAtfcvmto/kSC','0','0','',NULL,NULL,'2024-07-09 03:46:12','',NULL,'班主任'),(54,NULL,'Rebecca','Rebecca','00','','','0','','$2a$10$DlnGIG5xuw64qBwligF50uYsDKOJcG669NIINnYiugXl.PfSsSzga','0','0','',NULL,NULL,'2024-07-09 03:46:13','',NULL,'班主任'),(55,NULL,'Larry','Larry','00','','','0','','$2a$10$UT7hE8bFtC9HxYuVSvA2huGLIR6o0NOH.tHJ4DlkjsWRKTmVFTsF2','0','0','',NULL,NULL,'2024-07-09 03:46:13','',NULL,'班主任'),(56,NULL,'Laura','Laura','00','','','0','','$2a$10$scHbrID7Tqf34tkMbOcU5.I2lW2antWWwgxXmUJuq/H/1IJ6uUBgO','0','0','',NULL,NULL,'2024-07-09 03:46:13','',NULL,'班主任'),(57,NULL,'Justin','Justin','00','','','0','','$2a$10$mob70OKDzyHaFKZjQ2L/v.dmPdcP5812L7Ko4E9xlPHiYjynET6JG','0','0','',NULL,NULL,'2024-07-09 03:46:13','',NULL,'班主任'),(58,NULL,'Teresa','Teresa','00','','','0','','$2a$10$Hqy6TW4iTldA0iZ666oB3ulPWpjNliTg5DeMHl8gHAGg52UIlq4ky','0','0','',NULL,NULL,'2024-07-09 03:46:13','',NULL,'班主任'),(59,NULL,'Brenda','Brenda','00','','','0','','$2a$10$H.vqDa4iLP/R.aFgO3zdE.IHr7JSNwznVv54hohdopMWeFZbRYCyW','0','0','',NULL,NULL,'2024-07-09 03:46:13','',NULL,'班主任'),(60,NULL,'Frank','Frank','00','','','0','','$2a$10$IFu4PF9jB7ZyKjfQ5hkgSOvSwWvv94JFUTIyAbYM1i.VQYhac.cIy','0','0','',NULL,NULL,'2024-07-09 03:46:13','',NULL,'班主任'),(61,NULL,'Pamela','Pamela','00','','','0','','$2a$10$nthfhfQ9DsmSPFm/pj5giuGFkEZQRdcSXb8JDzkuNKua4gu8Ya.Ta','0','0','',NULL,NULL,'2024-07-09 03:46:13','',NULL,'班主任'),(62,NULL,'Brandon','Brandon','00','','','0','','$2a$10$7Dx/auyCqpv1kVJD/qMT/eRDAR7uMfsZ2254z61CeK2mQVwYpZ7G2','0','0','',NULL,NULL,'2024-07-09 03:46:13','',NULL,'班主任'),(63,NULL,'Angela','Angela','00','','','0','','$2a$10$8wXHiONso0QabO5GMT..7.ndXLfLL4H/UN/3thYp.jjO8s4jYxloi','0','0','',NULL,NULL,'2024-07-09 03:46:13','',NULL,'班主任'),(64,NULL,'Scott','Scott','00','','','0','','$2a$10$DORGwGHL9bpj4kAXLh76Delbu1LupnE.UmlcoheNM69H3XDiCce7W','0','0','',NULL,NULL,'2024-07-09 03:46:13','',NULL,'班主任'),(65,NULL,'Sharon','Sharon','00','','','0','','$2a$10$Vx4ELUMjJI6aNhZmRy2GteiuZ0rHcHLo9vP1DqFg7szyvnWMS/Yvq','0','0','',NULL,NULL,'2024-07-09 03:46:14','',NULL,'班主任'),(66,NULL,'Benjamin','Benjamin','00','','','0','','$2a$10$TYNBMLfZDqMqmzCkpnI3beIbrahYLjIxLfD6C3MQgURqVRyS8ORDG','0','0','',NULL,NULL,'2024-07-09 03:46:14','',NULL,'班主任'),(67,NULL,'Kathleen','Kathleen','00','','','0','','$2a$10$GOvejeTOVM.WOflDUrwQAOj0G9ZFFQWDbEphUlIPR0KWQwmQvzm.W','0','0','',NULL,NULL,'2024-07-09 03:46:14','',NULL,'班主任'),(68,NULL,'Gregory','Gregory','00','','','0','','$2a$10$QoTH0u.F5r26WHsnj4YTM.Ear0MkXuJzeDGkeYktUylmZwmnQFQou','0','0','',NULL,NULL,'2024-07-09 03:46:14','',NULL,'班主任'),(69,NULL,'Deborah','Deborah','00','','','0','','$2a$10$Pj6OBxINjas148p3JYx6uOCycTQTyEUO.K10JEZSWzRSBkMGh6MlG','0','0','',NULL,NULL,'2024-07-09 03:46:14','',NULL,'班主任'),(70,NULL,'Raymond','Raymond','00','','','0','','$2a$10$7hN4WcKYjyjFs0tK9YSbKukAfq7drumT9H2Ed9X42VZLs1ef8jRnu','0','0','',NULL,NULL,'2024-07-09 03:46:14','',NULL,'班主任'),(71,NULL,'Amy','Amy','00','','','0','','$2a$10$PUtpphurmwh414JGJTJQd.UFz5o.UXBrYJtRfanfiDV91HG1Ptn8G','0','0','',NULL,NULL,'2024-07-09 03:46:14','',NULL,'班主任'),(72,NULL,'Patrick','Patrick','00','','','0','','$2a$10$YhUIoMx1lfY.MZF6j/RHa.foYhk9.lQtTX.jvuVRACRPUcKGkIkIm','0','0','',NULL,NULL,'2024-07-09 03:46:14','',NULL,'班主任'),(73,NULL,'Martha','Martha','00','','','0','','$2a$10$mPA95iWLFYO2sUu/vZ2SKe0GUCfyZ/KXDJnbB6Nau8ro7Cn5r.lTW','0','0','',NULL,NULL,'2024-07-09 03:46:14','',NULL,'班主任'),(74,NULL,'Alexander','Alexander','00','','','0','','$2a$10$dROR7CTKlQqKLaeIENJc8.08GvX2dcaM/ehJTR3gvvIHoo5GEeQTG','0','0','',NULL,NULL,'2024-07-09 03:46:14','',NULL,'班主任'),(75,NULL,'Carol','Carol','00','','','0','','$2a$10$hHSWrot9rKVwwU0gZ0gse.QhPJQoaWnaOjtrr89nxVcGrqeBfSUjS','0','0','',NULL,NULL,'2024-07-09 03:46:14','',NULL,'班主任'),(76,NULL,'Gerald','Gerald','00','','','0','','$2a$10$uHBxrXarV9sKsOzQgaAzCORv4UJf5RDNHNsTj1md2JmqlKp4wnQZm','0','0','',NULL,NULL,'2024-07-09 03:46:15','',NULL,'班主任'),(77,NULL,'Christine','Christine','00','','','0','','$2a$10$WOEmS85MvGM8zgOyIPNX.OiU8jr0GD9Iui/GbgYXA7qickDr3q23W','0','0','',NULL,NULL,'2024-07-09 03:46:15','',NULL,'班主任'),(78,NULL,'Samuel','Samuel','00','','','0','','$2a$10$WYVViivHTE7.cERvdPPOkOeHb8UiEehxoqTereNO/HZNztLDDRwK.','0','0','',NULL,NULL,'2024-07-09 03:46:15','',NULL,'班主任'),(79,NULL,'Janet','Janet','00','','','0','','$2a$10$fp8zkRgiw2pBLHBw1rnXzuuy7xg0/D70ym4RQEQmLaBRZqpCu64P6','0','0','',NULL,NULL,'2024-07-09 03:46:15','',NULL,'班主任'),(80,NULL,'Dennis','Dennis','00','','','0','','$2a$10$RhK2sN34DbuRzJaoC/MeGOOWafrRWwStVBhi7EdqBxjWvnOXZDMSW','0','0','',NULL,NULL,'2024-07-09 03:46:15','',NULL,'班主任'),(81,NULL,'Marie','Marie','00','','','0','','$2a$10$UTR7AkhngaLCXaHQFeykD.a9QLtoT13VEubeuLMTVgSbRGjEkglvK','0','0','',NULL,NULL,'2024-07-09 03:46:15','',NULL,'班主任'),(82,NULL,'Jerry','Jerry','00','','','0','','$2a$10$DlpJZfoYowrW3DbVTdjeS.3Oco3hE2TzcuMDZBR8emmk4mJ/HfVcu','0','0','',NULL,NULL,'2024-07-09 03:46:15','',NULL,'班主任'),(83,NULL,'Jacqueline','Jacqueline','00','','','0','','$2a$10$UPmwbgiFXg/kR31EK.2bq.4m6EC/gn4hOj5DhQLo4m7eywR.s2926','0','0','',NULL,NULL,'2024-07-09 03:46:15','',NULL,'班主任'),(84,NULL,'Henry','Henry','00','','','0','','$2a$10$Zj1/0MVb1M0Xm8TlSCT60Owo9CgKhED0Y8VsCk20LMRNrXnfWyPyu','0','0','',NULL,NULL,'2024-07-09 03:46:15','',NULL,'班主任'),(85,NULL,'Ruth','Ruth','00','','','0','','$2a$10$u3/4aRO60cjeUMXj3xxM.eodnSnAe4ZFYXc2a4M.bcUVnPWHQLIVK','0','0','',NULL,NULL,'2024-07-09 03:46:15','',NULL,'班主任'),(86,NULL,'Douglas','Douglas','00','','','0','','$2a$10$zxWJKvQ9SEkK4jDcKZ7uleKmUqmMkO8LZbVUb0W4yuatV8yLMxG.S','0','0','',NULL,NULL,'2024-07-09 03:46:15','',NULL,'班主任'),(87,NULL,'Victoria','Victoria','00','','','0','','$2a$10$ANnrrn5eSSWM66/LoSO3qeUIdzHgBuTWs7UTl5n65KUaBrTnwhNJ2','0','0','',NULL,NULL,'2024-07-09 03:46:16','',NULL,'班主任'),(88,NULL,'Arthur','Arthur','00','','','0','','$2a$10$bwCd4QGWdk2DT3aqisSy3utOyuwW7d69spFxG9o4Y2meqyhrvNUAm','0','0','',NULL,NULL,'2024-07-09 03:46:16','',NULL,'班主任'),(89,NULL,'Judith','Judith','00','','','0','','$2a$10$zS2Xvl/7uQb.V/2TrpwqJ.8MT9VvYt.Hvaxpo8Dl2oLCwJlRJOm9i','0','0','',NULL,NULL,'2024-07-09 03:46:16','',NULL,'班主任'),(90,NULL,'Wayne','Wayne','00','','','0','','$2a$10$HKJpVWwZixKBnAiMD4aAxOqM7Pebyyb33xXYga3LmrtDONfAFn5WO','0','0','',NULL,NULL,'2024-07-09 03:46:16','',NULL,'班主任'),(91,NULL,'Rose','Rose','00','','','0','','$2a$10$VfJOXVxkHOYEWAVpjXT2Tuc1rxQt/bW28dxBRhrx1Dec4CuES3l46','0','0','',NULL,NULL,'2024-07-09 03:46:16','',NULL,'班主任'),(92,NULL,'Joe','Joe','00','','','0','','$2a$10$GMcGFqYMi9ROa5FMZVrQ0.58oX4O9id.XvRoeSc0brrSHWC862sLq','0','0','',NULL,NULL,'2024-07-09 03:46:16','',NULL,'班主任'),(93,NULL,'Evelyn','Evelyn','00','','','0','','$2a$10$6VDAOEuPq2.LXceeIPRB9.j6XNpy17LGC7wF6791BsZZIuPjsWw7K','0','0','',NULL,NULL,'2024-07-09 03:46:16','',NULL,'班主任'),(94,NULL,'Roy','Roy','00','','','0','','$2a$10$vjgvrz4wJUPaIXdI0AMkqO9.YB2CqrZv/ae7JgoeAtcSif9DT5EVm','0','0','',NULL,NULL,'2024-07-09 03:46:16','',NULL,'班主任'),(95,NULL,'Joan','Joan','00','','','0','','$2a$10$0/8OPkR22wSJWGkeIt7QRO4Qb0B8si8pvhz8mi1EP3nTT8OLZk83O','0','0','',NULL,NULL,'2024-07-09 03:46:16','',NULL,'班主任'),(96,NULL,'Willie','Willie','00','','','0','','$2a$10$gyA1XxSH2YSKo5V2JmRqzOr.lTgZ3yV4FmjWjFGeh4DLvXE1Eatkq','0','0','',NULL,NULL,'2024-07-09 03:46:16','',NULL,'班主任'),(97,NULL,'Jean','Jean','00','','','0','','$2a$10$2OsQjfcqNFvSmi6B2Flh8OoD1roF7x2P1kn4c9LERjpQ8s8qUVBe2','0','0','',NULL,NULL,'2024-07-09 03:46:16','',NULL,'班主任'),(98,NULL,'Johnny','Johnny','00','','','0','','$2a$10$rh6ZUVl6WsTbd8Vo1/bXr.9H6GeQVM8cLNDRdjit9YESWlqx3Rcl2','0','0','',NULL,NULL,'2024-07-09 03:46:17','',NULL,'班主任'),(99,NULL,'Theresa','Theresa','00','','','0','','$2a$10$O8FiUC0XMX719alhFwndhuHPOWG.MnRsE/hHtU9Za20S6E//Lg1iO','0','0','',NULL,NULL,'2024-07-09 03:46:17','',NULL,'班主任'),(100,NULL,'Clarence','Clarence','00','','','0','','$2a$10$AvGNo7MZTRmgLUKqSIe8l.kSCaZhBiE7TDYAjBoLWBbeqCCYsYfk6','0','0','',NULL,NULL,'2024-07-09 03:46:17','',NULL,'班主任'),(101,NULL,'Gloria','Gloria','00','','','0','','$2a$10$QvkSmJH.EXH/MWQQivlYQuFaEaAQJoZyALZZHe76qdwl59cuv6wk6','0','0','',NULL,NULL,'2024-07-09 03:46:17','',NULL,'班主任'),(102,NULL,'Martin','Martin','00','','','0','','$2a$10$K0evyh.Re0uQRi.13V/h/.qmHw2zIb/TlbV5OBAF63OFYyIUUD/4G','0','0','',NULL,NULL,'2024-07-09 03:46:17','',NULL,'班主任'),(103,NULL,'Martha','Martha','00','','','0','','$2a$10$J.QHmMteUE5ifs/QgtzAHOZV9HHjYcTaaerwMJMsiFuLLu54mK1Ea','0','0','',NULL,NULL,'2024-07-09 03:46:17','',NULL,'班主任'),(104,NULL,'Billy','Billy','00','','','0','','$2a$10$IPWVMkEZAXQAblOLUTzzx.QGooNny2DZlG9PLejCmyo76MgBBosbS','0','0','',NULL,NULL,'2024-07-09 03:46:17','',NULL,'班主任'),(105,NULL,'Annie','Annie','00','','','0','','$2a$10$s2k5908NvBgFEFZlJE6H1OfbVoU0wycpy3cN/B2lVjpC4RpXcrDU2','0','0','',NULL,NULL,'2024-07-09 03:46:17','',NULL,'班主任'),(106,NULL,'Frederick','Frederick','00','','','0','','$2a$10$j.Hvn/g.z2.Otp9Pg6tgRO94YU5vhwm0ryXt9SeiiIZTWaI74kbZe','0','0','',NULL,NULL,'2024-07-09 03:46:17','',NULL,'班主任'),(107,NULL,'Eleanor','Eleanor','00','','','0','','$2a$10$PvOnTFZZZbgxLdjNeTQ8NeHZ7GJtpziaRCDqIVbLj2Lz9NS7uWCOm','0','0','',NULL,NULL,'2024-07-09 03:46:17','',NULL,'班主任'),(108,NULL,'Eugene','Eugene','00','','','0','','$2a$10$ZTNw7l46FpWRWmGaXd9KBeGeRdI3fIQAYbUeluD9LwY9p7pFqgVQW','0','0','',NULL,NULL,'2024-07-09 03:46:17','',NULL,'班主任'),(109,NULL,'Grace','Grace','00','','','0','','$2a$10$JYfUDPIf8HV5Glo/MgonDePa1Ex3rn3bwwjkxBdiaO9RID.0Cwane','0','0','',NULL,NULL,'2024-07-09 03:46:18','',NULL,'班主任'),(110,NULL,'Wayne','Wayne','00','','','0','','$2a$10$r/P9bQQCvTa7SBep4dMb/umMNSo8cFvVGMu.AvtoD3W8DKvTjOcDa','0','0','',NULL,NULL,'2024-07-09 03:46:18','',NULL,'班主任'),(111,NULL,'Ruby','Ruby','00','','','0','','$2a$10$gncRei295psOmYgxa7hVreDDvxJm.diTeSC0HYZVzJHHURTcMQfqK','0','0','',NULL,NULL,'2024-07-09 03:46:18','',NULL,'班主任'),(112,NULL,'Lewis','Lewis','00','','','0','','$2a$10$poCBmd4sW9K8w471LBFejOGO4pwVzrXOjEYFZmXUpHY1CMsdw4Jvu','0','0','',NULL,NULL,'2024-07-09 03:46:18','',NULL,'班主任'),(113,NULL,'Florence','Florence','00','','','0','','$2a$10$4obmaqxD0gFm1gM79cIf5eBATq0VaKJUgkAsveGu2viHdIcY/XHP2','0','0','',NULL,NULL,'2024-07-09 03:46:18','',NULL,'班主任'),(114,NULL,'Russell','Russell','00','','','0','','$2a$10$5VGd3QFTQLd5bWVFx4NAZ.D9ntxmXUhMyZs/kS/SzkIuCwbMYpmWy','0','0','',NULL,NULL,'2024-07-09 03:46:18','',NULL,'班主任'),(115,NULL,'Norma','Norma','00','','','0','','$2a$10$4XVsLQsf45/oF0Aq8ZgKnu.Jv8zqhXOXi0C/Xj5jr3QnqJFUGyzY6','0','0','',NULL,NULL,'2024-07-09 03:46:18','',NULL,'班主任'),(116,NULL,'Andy','Andy','00','','','0','','$2a$10$yQdY3zceTaJNUJ91zi5ZSO9TsVRMY4yIzxv/T/pD/E01l8bC394Fu','0','0','',NULL,NULL,'2024-07-09 03:46:18','',NULL,'教师'),(117,NULL,'Alex','Alex','00','','','0','','$2a$10$VpvkubA2sigXAaobVUCgjeV4JrkU.PjX3aMOteQFs2C4Ify5tMlWq','0','0','',NULL,NULL,'2024-07-09 03:46:18','',NULL,'教师'),(118,NULL,'Ben','Ben','00','','','0','','$2a$10$IxnUz5ALEmdowVEiUx3WdulG8rMatHl4Qor3gdhIgvEddYBW4cg2G','0','0','',NULL,NULL,'2024-07-09 03:46:18','',NULL,'教师'),(119,NULL,'Chris','Chris','00','','','0','','$2a$10$2x7gB/fOhQQZTzMhZrBxVOn9EfwaIfjhsVLc7YLvLD4npo4k9jKMa','0','0','',NULL,NULL,'2024-07-09 03:46:18','',NULL,'教师'),(120,NULL,'Daniel','Daniel','00','','','0','','$2a$10$ZHKMIdKDzzVU4WrHHLYir.dXNSpxYzwlZiej7dfjxY43F22q.faxG','0','0','',NULL,NULL,'2024-07-09 03:46:19','',NULL,'教师'),(121,NULL,'Eva','Eva','00','','','0','','$2a$10$YvPar7tiEnP21MpLzNYFeeYJN.qOaR.dpJpcJliQgiZFa7dR2BSDm','0','0','',NULL,NULL,'2024-07-09 03:46:19','',NULL,'教师'),(122,NULL,'Frank','Frank','00','','','0','','$2a$10$W/rzsXmfOZU0U4.2oNuIhOXwFPBV9HxVgyOjOF62kRonvVRCiVCe2','0','0','',NULL,NULL,'2024-07-09 03:46:19','',NULL,'教师'),(123,NULL,'George','George','00','','','0','','$2a$10$ecI4eFgL85KQOAs/zXbP2Ox8jtD8IkrD9ut6z4YWSuVR9atEZkdeK','0','0','',NULL,NULL,'2024-07-09 03:46:19','',NULL,'教师'),(124,NULL,'Hank','Hank','00','','','0','','$2a$10$yxkiILSrmSAlWcd8z2/JCu4kzpTyrvBwjY0OSZOlIxTqDMVw68xbe','0','0','',NULL,NULL,'2024-07-09 03:46:19','',NULL,'教师'),(125,NULL,'iPhone','iPhone','00','','','0','','$2a$10$0.hVXTruF0A5uh7t.mJY9uKC2wKIldCO/S0DY8/EdPd3fxlFPbcc2','0','0','',NULL,NULL,'2024-07-09 03:46:19','',NULL,'教师'),(126,NULL,'Jack','Jack','00','','','0','','$2a$10$g/88i31XteuE7CiSEt1ueOVxSJHRpz7DtuTeTmcnUB3cnX6MBeEgW','0','0','',NULL,NULL,'2024-07-09 03:46:19','',NULL,'教师'),(127,NULL,'Kevin','Kevin','00','','','0','','$2a$10$TVkhWc0ZQx4FxLxn2RhtFO2C/HEMYoeF5H/q25ADV86MbIPDlGGp2','0','0','',NULL,NULL,'2024-07-09 03:46:19','',NULL,'教师'),(128,NULL,'Mark','Mark','00','','','0','','$2a$10$aVUd.ZW6fq3bvHYQTWh0buqar/SdWieDpxm.MweonIlO1dIXHRv1i','0','0','',NULL,NULL,'2024-07-09 03:46:19','',NULL,'教师'),(129,NULL,'Nick','Nick','00','','','0','','$2a$10$LTPUv8NMpeJlCrFWTr8vQOrwpnaAKurdo9bzOH.mKVKV2JtWDcVCO','0','0','',NULL,NULL,'2024-07-09 03:46:19','',NULL,'教师'),(130,NULL,'Oliver','Oliver','00','','','0','','$2a$10$sKE/PjUoEUYTob.en4EOv.TeHUSG0jX2LecKZAz9BzDFMaaXSX2Y2','0','0','',NULL,NULL,'2024-07-09 03:46:20','',NULL,'教师'),(131,NULL,'Peter','Peter','00','','','0','','$2a$10$yECNUxT6keX5hxvIzU.atup2GQzy7nZKfcrPm1qSClOWVoi51d0Ni','0','0','',NULL,NULL,'2024-07-09 03:46:20','',NULL,'教师'),(132,NULL,'Randy','Randy','00','','','0','','$2a$10$4ZZon50t5ZB1nHr/sJm1FeSs.X/40JFb915AAAnIRzB5mCZ8i3CUi','0','0','',NULL,NULL,'2024-07-09 03:46:20','',NULL,'教师'),(133,NULL,'Sam','Sam','00','','','0','','$2a$10$GOHBPJdAy8y0KlZwS1Q1Re60/2KrEaT/G9PSkWdDS3bCQXPVAV15O','0','0','',NULL,NULL,'2024-07-09 03:46:20','',NULL,'教师'),(134,NULL,'Tim','Tim','00','','','0','','$2a$10$XaWwa/DVMqEeklYu6wP.pOLHrVoS.V19DRgM7bme13jG9eLy3IZMq','0','0','',NULL,NULL,'2024-07-09 03:46:20','',NULL,'教师'),(135,NULL,'Willian','Willian','00','','','0','','$2a$10$cJcNd01Cf.Tco8O38sGeHeOva05jZYUej2tS6nW3/hEr0gLOefMvq','0','0','',NULL,NULL,'2024-07-09 03:46:20','',NULL,'教师'),(136,NULL,'Luv','Luv','00','','','0','','$2a$10$3TiUrFlKhopQrgyyuTiisOlyBRqmSPsLoHjYABqI.PBKSM2doSJES','0','0','',NULL,NULL,'2024-07-09 03:46:20','',NULL,'教师'),(137,NULL,'Doja','Doja','00','','','0','','$2a$10$IExOUZa8a8tSsna5TzOTEOofF7LQN755HlKR6a6h0UsCZX7OpXyjS','0','0','',NULL,NULL,'2024-07-09 03:46:20','',NULL,'教师'),(138,NULL,'Tasa','Tasa','00','','','0','','$2a$10$VQNLrHYIDqne0Kt1uHZBj.Envx2uomxTTvESrXWBoMPyLB8CcSWA.','0','0','',NULL,NULL,'2024-07-09 03:46:20','',NULL,'教师'),(139,NULL,'Hammer','Hammer','00','','','0','','$2a$10$vqk/JwUe.VjyaxfXBk6Iy.Hqwe8y7CgUY.wDSpv.qnVPWrQ8.4H.a','0','0','',NULL,NULL,'2024-07-09 03:46:20','',NULL,'教师'),(140,NULL,'Joey','Joey','00','','','0','','$2a$10$sxMk77Ii3dasziAypbnPt.nul4QNFmWvzyuuAjCeBdrLh/OD8Rk26','0','0','',NULL,NULL,'2024-07-09 03:46:20','',NULL,'教师'),(141,NULL,'Kerry','Kerry','00','','','0','','$2a$10$0foP3rzLfJ/pVdnmmYiot.pbgs8TBoZ6EwDikmroU4ToqsdXe/DJK','0','0','',NULL,NULL,'2024-07-09 03:46:21','',NULL,'教师'),(142,NULL,'Quare','Quare','00','','','0','','$2a$10$LZpxU2kqpKEy3/xD6uC6PeA1.O5sSziyMf3GQz2DHIe3Zs33JAAiq','0','0','',NULL,NULL,'2024-07-09 03:46:21','',NULL,'教师'),(143,NULL,'Perk','Perk','00','','','0','','$2a$10$IZ/1NsKhjDIBkfDsk5/Tu.T57ylIIOLfuTYpePEJ96bn/wM0nlk4a','0','0','',NULL,NULL,'2024-07-09 03:46:21','',NULL,'教师'),(144,NULL,'Smith','Smith','00','','','0','','$2a$10$OitB9S21GjAnHfKnWJrh7ui/dJ4zW/kIWI5R6cZL94bflcvxv3zSG','0','0','',NULL,NULL,'2024-07-09 03:46:21','',NULL,'教师'),(145,NULL,'Johnson','Johnson','00','','','0','','$2a$10$z2VMXyxaQCxWt1Wb8xCPo.mVVqUMwjXdI8kFkx9WlmagysTtgP2iC','0','0','',NULL,NULL,'2024-07-09 03:46:21','',NULL,'教师'),(146,NULL,'Williams','Williams','00','','','0','','$2a$10$rCZqRvFXg9IKLH57PXl7aOrelHAjC37uMtQoO7E9EBANOQ.IjAKoO','0','0','',NULL,NULL,'2024-07-09 03:46:21','',NULL,'教师'),(147,NULL,'Brown','Brown','00','','','0','','$2a$10$gnTrA/.Wkflg7CC4jFSeq.OMUBD29LVasNjtvpUb7DDLnGAEGa1a6','0','0','',NULL,NULL,'2024-07-09 03:46:21','',NULL,'教师'),(148,NULL,'Ava','Ava','00','','','0','','$2a$10$aI6I7SGsbyUfWFvLAHOihu1aYirTRqWwsiGvAykxV21WknxLju7iC','0','0','',NULL,NULL,'2024-07-09 03:46:21','',NULL,'教师'),(149,NULL,'Davis','Davis','00','','','0','','$2a$10$oUDMv/uFvFBzKI/kgTmXSOzg8MUBk3R1X03zK5Uy8GggfL2DzOiXm','0','0','',NULL,NULL,'2024-07-09 03:46:21','',NULL,'教师'),(150,NULL,'Miller','Miller','00','','','0','','$2a$10$ms4Mg4.svfno/Wmf9Gr/yuhwAR05EHVZdRN9.xtorkXDFKYJRSsYy','0','0','',NULL,NULL,'2024-07-09 03:46:21','',NULL,'教师'),(151,NULL,'Smith','Smith','00','','','0','','$2a$10$IEtmHbEisRvJLMRqFUGkmelN6SUbsPwdZn85.KyKeZf7Odbk7BjIi','0','0','',NULL,NULL,'2024-07-09 03:46:21','',NULL,'教师'),(152,NULL,'Johnson','Johnson','00','','','0','','$2a$10$73NUh0iBqcLLsVKZyYbRVO/R30jiNKkVileIcqqKUFuhPvlXSRIYe','0','0','',NULL,NULL,'2024-07-09 03:46:21','',NULL,'教师'),(153,NULL,'Williams','Williams','00','','','0','','$2a$10$71GWmwn46KrCIAnVEQlzv.dfq00VR0yrhOjfdtBq8fgx3q8bpn9b2','0','0','',NULL,NULL,'2024-07-09 03:46:22','',NULL,'教师'),(154,NULL,'Jones','Jones','00','','','0','','$2a$10$huyIvlWlKt6RmVeMtmPTieCWCiBse8d4vK1NmLlGJJSPDL2S/DWjK','0','0','',NULL,NULL,'2024-07-09 03:46:22','',NULL,'教师'),(155,NULL,'Brown','Brown','00','','','0','','$2a$10$vsVCMt7kBx5ifSybrleHkeEjdG0TwkToCpqGKGWVVEO4ZHhzfRNX6','0','0','',NULL,NULL,'2024-07-09 03:46:22','',NULL,'教师'),(156,NULL,'Davis','Davis','00','','','0','','$2a$10$QMLTp8JV8zukAucyqgRhYeg8BbbZ41ZS9iCfXK2dye.pUXC4LiT9i','0','0','',NULL,NULL,'2024-07-09 03:46:22','',NULL,'教师'),(157,NULL,'Miller','Miller','00','','','0','','$2a$10$eH.E1fzivS0iPjL9FDVqju6EKf3.NN8jXM4xpnDlmdgPI/FJI7/fe','0','0','',NULL,NULL,'2024-07-09 03:46:22','',NULL,'教师'),(158,NULL,'Wilson','Wilson','00','','','0','','$2a$10$tTl7CVixRk2TqJnqaG00ceQJGOIqp5quFYnZPtoo/HKNOYVeTZRXG','0','0','',NULL,NULL,'2024-07-09 03:46:22','',NULL,'教师'),(159,NULL,'Moore','Moore','00','','','0','','$2a$10$J7unjG7Atvs/6Q0SQWdsXeoaL8voAjYQgCM9fjCrbqYbwgJo9iZOO','0','0','',NULL,NULL,'2024-07-09 03:46:22','',NULL,'教师'),(160,NULL,'Taylor','Taylor','00','','','0','','$2a$10$hEhg.2ppvGz/IV/3EcHJLOQPmWLQC6qUVzlI33mVIM1W3yfLwQT9G','0','0','',NULL,NULL,'2024-07-09 03:46:22','',NULL,'教师'),(161,NULL,'Anderson','Anderson','00','','','0','','$2a$10$FBpPv9J5aKg279uL9ax0f.TsjDIS3QVOXecXyDwB/cQORT5iLJ/pW','0','0','',NULL,NULL,'2024-07-09 03:46:22','',NULL,'教师'),(162,NULL,'Thomas','Thomas','00','','','0','','$2a$10$3aI4kvxgVJeoHhs9dB09V.P0P5aVYXIfTEE//2JiNCQRX/v6DvOlO','0','0','',NULL,NULL,'2024-07-09 03:46:22','',NULL,'教师'),(163,NULL,'Jackson','Jackson','00','','','0','','$2a$10$DPgNkqwVzPlqs2DYx8KdPONdmJuTK9kMxMPqxT4/EnUskV/zdzcgW','0','0','',NULL,NULL,'2024-07-09 03:46:22','',NULL,'教师'),(164,NULL,'White','White','00','','','0','','$2a$10$YR1VxlCLBfraCidEGyrKqOewYYUgDCpZIoCzxw/R0j1zZERfDCCCa','0','0','',NULL,NULL,'2024-07-09 03:46:23','',NULL,'教师'),(165,NULL,'Harris','Harris','00','','','0','','$2a$10$5EZnlG5LEdPNI.3MEkYZX.jobdOJPIGcnBwpTNVDnXLHcaerTtNrO','0','0','',NULL,NULL,'2024-07-09 03:46:23','',NULL,'教师'),(166,NULL,'Martin','Martin','00','','','0','','$2a$10$u5xKzrEBpSIZgYKyU/3VOurj25NMltRMdf3Wyo23zJardp1qY8N3q','0','0','',NULL,NULL,'2024-07-09 03:46:23','',NULL,'教师'),(167,NULL,'Thompson','Thompson','00','','','0','','$2a$10$X//RZsEOoLgtpfSSuJ5BievI/T3xYbqutk5VciK9En.Qw6iqj.Cxe','0','0','',NULL,NULL,'2024-07-09 03:46:23','',NULL,'教师'),(168,NULL,'Garcia','Garcia','00','','','0','','$2a$10$WGucDXPQK.nRCy.GTMzhK.p0WnbQb3kKFalLREOpE9NlEfTur01uO','0','0','',NULL,NULL,'2024-07-09 03:46:23','',NULL,'教师'),(169,NULL,'Martinez','Martinez','00','','','0','','$2a$10$Juun6wYwX4d7PMsH7AE3GO9MXHB950NOSfGLX59L6VzBDS9AJvUhO','0','0','',NULL,NULL,'2024-07-09 03:46:23','',NULL,'教师'),(170,NULL,'Robinson','Robinson','00','','','0','','$2a$10$nAYApmw.CLMia./EjN77ZeCiW2RkL1Zjmwiub1c/2YbHAj40HLEBa','0','0','',NULL,NULL,'2024-07-09 03:46:23','',NULL,'教师'),(171,NULL,'Clark','Clark','00','','','0','','$2a$10$4PKvaFdHA6LhuEdNSkGsX.uBCKyBZE6Yuy3TWKAQq2I8VlfgIxUPO','0','0','',NULL,NULL,'2024-07-09 03:46:23','',NULL,'教师'),(172,NULL,'Rodriguez','Rodriguez','00','','','0','','$2a$10$KGOmzs/HXBJHb0QRTNw5FOHKgvoVyaBcwm1cfL6qA4F7kc4eJj3dq','0','0','',NULL,NULL,'2024-07-09 03:46:23','',NULL,'教师'),(173,NULL,'Lewis','Lewis','00','','','0','','$2a$10$Ne6e7pdslLNmBpXXUmJQh.zAUJq/4JlEK/izsqKQeA5oQ6/GmjWE.','0','0','',NULL,NULL,'2024-07-09 03:46:23','',NULL,'教师'),(174,NULL,'Lee','Lee','00','','','0','','$2a$10$zsI8B2kD/ysDWaXkTtFb5eiCVKRNqiDUqVMVe68veXXn8IAaM0PpK','0','0','',NULL,NULL,'2024-07-09 03:46:23','',NULL,'教师'),(175,NULL,'Walker','Walker','00','','','0','','$2a$10$DQ9XsMukzZ/KfLjbaTk/Ru.oKqYuYpRpn9YYfhhOB1cyaDoG8Gg9i','0','0','',NULL,NULL,'2024-07-09 03:46:24','',NULL,'教师'),(176,NULL,'Hall','Hall','00','','','0','','$2a$10$7JNcC8/USeN5bvYjloi8zOeieweCctMaCwLFGYxfgcRxww3U/DhvO','0','0','',NULL,NULL,'2024-07-09 03:46:24','',NULL,'教师'),(383842,21,'383842','将勒杯靳','00',NULL,NULL,'0',NULL,'$2a$10$RZeG5itCPGLrJgLu/YpKs.IdSGEB99vrRiR3D.TgV1JxstOVzI38.','0','0','127.0.0.1','2024-07-09 04:31:20',NULL,'2024-07-09 04:11:54','','2024-07-09 04:31:20','学生'),(410555,19,'410555','怒又卡','00',NULL,NULL,'0',NULL,'$2a$10$1YtqBTnyqogETxvZ6qO2curAcn26WG/5ooF5YzUU5D86AyvKPw67G','0','0','',NULL,NULL,'2024-07-09 04:11:56','',NULL,'学生'),(574181,5,'574181','总站枯','00',NULL,NULL,'0',NULL,'$2a$10$Wm5BkPY8rYb/EigXC8YJ8eGMlzlsVgiyX45x3H1n8M75TfO0xemny','0','0','',NULL,NULL,'2024-07-09 04:11:54','',NULL,'学生'),(1058795,14,'1058795','岂析※','00',NULL,NULL,'1',NULL,'$2a$10$YWSP8Q1KT5JmwyNB92yTCOPZOKjItezI/ZcaxUPwdocUyYxYjj8ki','0','0','',NULL,NULL,'2024-07-09 04:11:57','',NULL,'学生'),(1287420,1,'1287420','防阶里肯','00',NULL,NULL,'0',NULL,'$2a$10$9I3rEbuJ.aGh1ZZIqkeSr.Dpsi2/Ia/uwdJn9gdT8Dkor7li9f6C.','0','0','',NULL,NULL,'2024-07-09 04:11:53','',NULL,'学生'),(2292962,19,'2292962','充历偿母','00',NULL,NULL,'0',NULL,'$2a$10$m7OMxQbMaDPYzK.riVALlO55Z6LEkE3HsvXU4pIWJbqSEY0GfnCoi','0','0','',NULL,NULL,'2024-07-09 04:12:00','',NULL,'学生'),(2326791,17,'2326791','都妨熟午','00',NULL,NULL,'0',NULL,'$2a$10$YKGx/Bndz62BmO0fgxKoQOugdnGwmgYPwoWtefV/uPicM2lhxLZGS','0','0','',NULL,NULL,'2024-07-09 04:12:00','',NULL,'学生'),(2727632,8,'2727632','旧擅军','00',NULL,NULL,'0',NULL,'$2a$10$3T4djyFBJwzOzYRPYd4BVuuC.eK.RRXVroBcnJgXrba0wIcrnaWDW','0','0','',NULL,NULL,'2024-07-09 04:11:59','',NULL,'学生'),(3938899,18,'3938899','夫钦充▲','00',NULL,NULL,'0',NULL,'$2a$10$IJDcsLAotblKdq3KTW/YhOin3m//AjaLCsKMjW3sn5dkq8seY8qey','0','0','',NULL,NULL,'2024-07-09 04:12:05','',NULL,'学生'),(4754552,8,'4754552','菩笛停','00',NULL,NULL,'0',NULL,'$2a$10$TFqvjnQciI5MPNjEchHC9.BdU3opraZ2dARzRGHKRpIVx5LrS1cha','0','0','',NULL,NULL,'2024-07-09 04:12:00','',NULL,'学生'),(4803919,15,'4803919','用裔蛊','00',NULL,NULL,'0',NULL,'$2a$10$r0Wj4Patrkl8uceOCUGgtOFtD2jUWFXafLr5IHgxdtb0ShqAJEZyq','0','0','',NULL,NULL,'2024-07-09 04:12:04','',NULL,'学生'),(5368505,10,'5368505','霜石▲','00',NULL,NULL,'0',NULL,'$2a$10$OPNj5bqU7bQMYYfffHFNceMR5Gn/B0GySXw3La/46iYk73kSSRtf6','0','0','',NULL,NULL,'2024-07-09 04:11:54','',NULL,'学生'),(5521063,11,'5521063','浮皮蔡§','00',NULL,NULL,'0',NULL,'$2a$10$1CU35UqhX0/n8wWdEpxNg.OBRTdr2cg4mdwBrhQhwseRhwD9ci2Z2','0','0','',NULL,NULL,'2024-07-09 04:11:59','',NULL,'学生'),(6938200,11,'6938200','问勒鹏惮','00',NULL,NULL,'0',NULL,'$2a$10$CS02s6ZgqVzpxnNpR0bC9O0XBn1D9N6J1MMKvtcjY55Ro0.YbhUoq','0','0','',NULL,NULL,'2024-07-09 04:12:03','',NULL,'学生'),(7276262,5,'7276262','遇帝他','00',NULL,NULL,'0',NULL,'$2a$10$IvL/jKVTa9G8qGy/sS017uhN36D41wE43GnJvccMLyMNYB0mG.QEC','0','0','',NULL,NULL,'2024-07-09 04:12:02','',NULL,'学生'),(7812089,16,'7812089','丰毫餐※','00',NULL,NULL,'1',NULL,'$2a$10$anP29XH.GSsUc9ndILVCm.IA3NcB4HQ9K/nbKqFe6anQIocV.R6L6','0','0','',NULL,NULL,'2024-07-09 04:12:05','',NULL,'学生'),(9028823,6,'9028823','睡垢十','00',NULL,NULL,'0',NULL,'$2a$10$MJ2SRQR/qxbuBZNoWOrLnOgOZTEdzQKZfXWcMUqzRonQy.rjB3UcS','0','0','',NULL,NULL,'2024-07-09 04:11:58','',NULL,'学生'),(9626596,8,'9626596','忙丸','00',NULL,NULL,'0',NULL,'$2a$10$1ScLiZNOgnHRRJlsMeUXBORqKHYE.g0dfSTCAuMrDM0jR3SNdS5RG','0','0','',NULL,NULL,'2024-07-09 04:11:54','',NULL,'学生'),(9877012,19,'9877012','毕蚜※','00',NULL,NULL,'0',NULL,'$2a$10$6aZQFi9hxwFL8FL7rqOtfeWBKUjr/LOuNWdOkySmHYkbRb0jumDiC','0','0','',NULL,NULL,'2024-07-09 04:12:01','',NULL,'学生'),(10165672,2,'10165672','柱冷狈探','00',NULL,NULL,'0',NULL,'$2a$10$0hrqqWciIUmnjE1KQx16aOQ60WXfR9qbFs79aaV5YY5r9AOZJfNAG','0','0','',NULL,NULL,'2024-07-09 04:12:02','',NULL,'学生'),(10348131,14,'10348131','八客京§','00',NULL,NULL,'0',NULL,'$2a$10$xrhRqLqVacJvEwFOOUhez.46rb4T2onSKt8rLSaMMir2jc5fnFyAm','0','0','',NULL,NULL,'2024-07-09 04:12:05','',NULL,'学生'),(10983982,14,'10983982','腐办蝗☆','00',NULL,NULL,'0',NULL,'$2a$10$DoP/NZiO.dsKKz.gDkHzaeFrP.3erRum2QEcEeXEVZBBEgJpfhvZO','0','0','',NULL,NULL,'2024-07-09 04:12:03','',NULL,'学生'),(11540548,11,'11540548','靠符早末访','00',NULL,NULL,'0',NULL,'$2a$10$IXTGJxcC/hGznIsohut4GudjWffIO6hrCMhB9ZiWsmJnnLGXv2Vh2','0','0','',NULL,NULL,'2024-07-09 04:12:03','',NULL,'学生'),(12498507,9,'12498507','低辑拨寄','00',NULL,NULL,'0',NULL,'$2a$10$WFyxqZhYeBBd8T5ra.OZ0u3l2ZGI4fUyaoYF2nfjQTaTHB6p5GDa6','0','0','',NULL,NULL,'2024-07-09 04:12:04','',NULL,'学生'),(13640242,4,'13640242','弹友机仁','00',NULL,NULL,'0',NULL,'$2a$10$bsJ46gasPZva7b1vt2lHsO2S/fxPD8MMjbC8S.j1pIOsc1VEmKopm','0','0','',NULL,NULL,'2024-07-09 04:11:53','',NULL,'学生'),(13700480,9,'13700480','凌另捏践','00',NULL,NULL,'0',NULL,'$2a$10$76YE.rT4R3Jh92pbjKGzeu1Mg73xVZJJGSLCGha6Dgv.35Ce3e/Gi','0','0','',NULL,NULL,'2024-07-09 04:11:55','',NULL,'学生'),(14206566,18,'14206566','佳汛虚炔愈苦灶勋形合邦关还衙韩','00',NULL,NULL,'0',NULL,'$2a$10$W1sfjQziAikt8fJkblPV.ud1pxb8lb/zxC3Q4iPxMS2t8s0W9zw06','0','0','',NULL,NULL,'2024-07-09 04:12:05','',NULL,'学生'),(15512203,11,'15512203','步相载哈','00',NULL,NULL,'0',NULL,'$2a$10$LjvnZ0KIubzSZzziBzDj8uFSse/YQ.Iq4bDaM4faIJF1LSdg8/qUq','0','0','',NULL,NULL,'2024-07-09 04:11:54','',NULL,'学生'),(16238926,3,'16238926','磁夏纲窟','00',NULL,NULL,'0',NULL,'$2a$10$9/3kPqgf4oS6fwjuAomiDOGZiqb40ZhxtkUeI7ziAOl1Y/7V1YZHO','0','0','',NULL,NULL,'2024-07-09 04:11:57','',NULL,'学生'),(16413341,19,'16413341','瘤氛吵反','00',NULL,NULL,'0',NULL,'$2a$10$TXbXzIqPpanbYzFYN9RgvOY4ET4pGUWhtPn4i6EmxXNQ5TbANrwFy','0','0','',NULL,NULL,'2024-07-09 04:12:04','',NULL,'学生'),(16466043,11,'16466043','诉睛貌从','00',NULL,NULL,'0',NULL,'$2a$10$FjKR6CxC9yQjBBkvULg7fOF0QK/08P6stghWwuBVUdszdRRnbl5Fy','0','0','',NULL,NULL,'2024-07-09 04:12:04','',NULL,'学生'),(16872358,18,'16872358','瘫具于初','00',NULL,NULL,'0',NULL,'$2a$10$4.nUZRM2aVPELLhc7oV8W.nwViLpdtN.HkCDdopOHBtRIAPH4VeJi','0','0','',NULL,NULL,'2024-07-09 04:11:56','',NULL,'学生'),(16947368,19,'16947368','辰眩条','00',NULL,NULL,'0',NULL,'$2a$10$sJGxaX0nFYUkP1pJr4KnOuWVKKK4yrccitpjNAM9ZOd/gt/p8kpM6','0','0','',NULL,NULL,'2024-07-09 04:12:01','',NULL,'学生'),(17342616,15,'17342616','拉贸尹宋','00',NULL,NULL,'0',NULL,'$2a$10$g2OWRbMDjg4n9ik2hRmcY.z2sajPcwKBiTq2ROfV6mXae6Ezdh/AK','0','0','',NULL,NULL,'2024-07-09 04:11:55','',NULL,'学生'),(18880597,10,'18880597','沁木怖','00',NULL,NULL,'0',NULL,'$2a$10$niENNcNjvaSyFDwhrQecKefjW18ocMEIWVZgvr0Dp0C/MRuhx8L3K','0','0','',NULL,NULL,'2024-07-09 04:12:04','',NULL,'学生'),(19284332,13,'19284332','羚往氧','00',NULL,NULL,'0',NULL,'$2a$10$3n6.8lVgAjf25Lp70Y1.DOjnkBftLBZPM4LfmEKUxneC5Nu0KBM52','0','0','',NULL,NULL,'2024-07-09 04:12:02','',NULL,'学生'),(20322299,12,'20322299','击靠蕴','00',NULL,NULL,'0',NULL,'$2a$10$tFA/ylKR5ChODsdxVrvekuerYSzp19yBMeT0ZmIjAK.FySYLVN0di','0','0','',NULL,NULL,'2024-07-09 04:11:57','',NULL,'学生'),(20747376,5,'20747376','送珊袁※','00',NULL,NULL,'1',NULL,'$2a$10$A1m2MIbJcSsgQIs0THU8Iu1bfi6bIyUUL.yw2cy1tJkstwcKw4Wt2','0','0','',NULL,NULL,'2024-07-09 04:11:59','',NULL,'学生'),(20801640,10,'20801640','护寺恩','00',NULL,NULL,'0',NULL,'$2a$10$tsRsSV0u7OGS4jyCBMGWDenZt3Am7Lu.Rj7gc0YJHaQTvfajjwcdm','0','0','',NULL,NULL,'2024-07-09 04:12:03','',NULL,'学生'),(21567431,18,'21567431','爸落徊','00',NULL,NULL,'0',NULL,'$2a$10$J/VlCzhr4TCucZiKjTQPie6jBbsBB3eoqv31VI008YHvj.pL5DyOG','0','0','',NULL,NULL,'2024-07-09 04:11:56','',NULL,'学生'),(21592853,10,'21592853','男胸','00',NULL,NULL,'0',NULL,'$2a$10$KuC6td16osd0be/Oxz/Jk.RnROinicWhY3UxawFfT8P0xCjaiand.','0','0','',NULL,NULL,'2024-07-09 04:12:01','',NULL,'学生'),(21623323,13,'21623323','状枯煎','00',NULL,NULL,'0',NULL,'$2a$10$x2GvmGkyhsEFgGODLZ6KH.Fo6YplxBw5ibHCglCtf5TUSPR9S8Zcu','0','0','',NULL,NULL,'2024-07-09 04:11:55','',NULL,'学生'),(23848233,9,'23848233','做昌参服','00',NULL,NULL,'0',NULL,'$2a$10$qZy8xhxOB5ITgC8884FXo.jAdOXVu7GeUyKUoAwlQXOsZ578VIKSC','0','0','',NULL,NULL,'2024-07-09 04:12:01','',NULL,'学生'),(24671403,13,'24671403','客脚娥赶此▲','00',NULL,NULL,'0',NULL,'$2a$10$5Ig/Q6vxdMYXtBIv9DyXF.m9E.W5XvmOBlesIN4eq6XB7hXaSAh3.','0','0','',NULL,NULL,'2024-07-09 04:12:04','',NULL,'学生'),(25366535,13,'25366535','兆早','00',NULL,NULL,'0',NULL,'$2a$10$3ydlcJxRp/eTHBMD8PPoUOxCm9oIIKp/X73oK1F7sZpNscxsQUmHm','0','0','',NULL,NULL,'2024-07-09 04:11:58','',NULL,'学生'),(25429888,13,'25429888','杂敌专※','00',NULL,NULL,'1',NULL,'$2a$10$zNLRdIpLjLyTf5Jqk2lVneLiNGciEgH.vH0p.u2R/BJ7E9XXx9Xeq','0','0','',NULL,NULL,'2024-07-09 04:12:05','',NULL,'学生'),(25714009,8,'25714009','延孝径','00',NULL,NULL,'0',NULL,'$2a$10$teqoUhPWAgIj5x.y/I3V1./Lbi39fzzlA4fGXORP5g7P/K3XRsJR2','0','0','',NULL,NULL,'2024-07-09 04:12:03','',NULL,'学生'),(26892624,21,'26892624','杨睦丁','00',NULL,NULL,'0',NULL,'$2a$10$gkmFHzk2o/KsXhdGaRnfPefRURK9hro5Umn0PIN02.qCLcUVuAjJ6','0','0','',NULL,NULL,'2024-07-09 04:12:05','',NULL,'学生'),(26893032,14,'26893032','木槐项','00',NULL,NULL,'0',NULL,'$2a$10$nPyxmgrvwOa6gHk7QypZaunwtgc4rZBvNKrHalSf4vgdNCptyD5Oy','0','0','',NULL,NULL,'2024-07-09 04:12:01','',NULL,'学生'),(27205513,12,'27205513','瞧槽矗博','00',NULL,NULL,'0',NULL,'$2a$10$dLiryLfB.81yrAWelFx6de4dGCC5m9PNppFpjexj.Uba4EJYkn18W','0','0','',NULL,NULL,'2024-07-09 04:12:03','',NULL,'学生'),(27382426,13,'27382426','规携限','00',NULL,NULL,'0',NULL,'$2a$10$iUMpTdQgQJJh6e5aCBUAQuI0D4dtwt6b.32sBUnIQi3Lbg3CvGAhS','0','0','',NULL,NULL,'2024-07-09 04:11:59','',NULL,'学生'),(27728917,2,'27728917','胃﻿祝','00',NULL,NULL,'0',NULL,'$2a$10$9P/Wq.anGLWjEtpcWerdIOUsb0DK7qs8by.9zdqxBD4v/.3K4aE/a','0','0','',NULL,NULL,'2024-07-09 04:11:53','',NULL,'学生'),(29403528,18,'29403528','孺郡研','00',NULL,NULL,'0',NULL,'$2a$10$f6rT0/PzhmooTvbL9JOypOnaZx489DCV34HzsZFp1P8sBUChGASy.','0','0','',NULL,NULL,'2024-07-09 04:12:02','',NULL,'学生'),(30105924,11,'30105924','圣笔半','00',NULL,NULL,'0',NULL,'$2a$10$CDRmO8v.87Nf53JO2Yz34eBygilOBORk2V1xYdKJ6Hek1obdq1NSa','0','0','',NULL,NULL,'2024-07-09 04:12:00','',NULL,'学生'),(30320446,6,'30320446','严彭于','00',NULL,NULL,'0',NULL,'$2a$10$U4K2uAQbAE3OZiLPQ/xBCOISEbI6/e72pnboJrtFvn1gShPekuR22','0','0','',NULL,NULL,'2024-07-09 04:11:54','',NULL,'学生'),(30725848,6,'30725848','某郭农','00',NULL,NULL,'0',NULL,'$2a$10$RJCkJ4h1BYmzUJ84.UQaMOLZgW4PPWztli/BBJ6BnGddJLGNzeaAe','0','0','',NULL,NULL,'2024-07-09 04:12:00','',NULL,'学生'),(31691972,10,'31691972','卉玫便','00',NULL,NULL,'0',NULL,'$2a$10$PCqBl0bu70BmWJtV7Doa3uF.jV9Jb7Pk1BPnxZtQjBSvvJZvIuk9G','0','0','',NULL,NULL,'2024-07-09 04:11:56','',NULL,'学生'),(31955829,15,'31955829','烛妈驯','00',NULL,NULL,'0',NULL,'$2a$10$Em/fKJBFUZ9B/.qDibFa0.V7JjMwUc/AQbsJWlCYGQnKHGFzEIrT.','0','0','',NULL,NULL,'2024-07-09 04:11:58','',NULL,'学生'),(32672631,10,'32672631','镜衣敝秀','00',NULL,NULL,'0',NULL,'$2a$10$/sYJgqVYQP0skE/9AGggdOmhulbqFdfQQbhQY/QsrDuldltFoZcIO','0','0','',NULL,NULL,'2024-07-09 04:11:58','',NULL,'学生'),(33353163,1,'33353163','曹面腋','00',NULL,NULL,'0',NULL,'$2a$10$z8SeYWu4jxSGZ9.Mh9woX.DNJVQYFuUhiZfGE5wrrT0Cc2rDu1TDa','0','0','',NULL,NULL,'2024-07-09 04:12:02','',NULL,'学生'),(33875134,16,'33875134','茅雄措','00',NULL,NULL,'0',NULL,'$2a$10$H6waiN0k1TBcLvnOncRr/OUVnUzaLcz/KqN78L73DJhhsqlzxhAju','0','0','',NULL,NULL,'2024-07-09 04:11:57','',NULL,'学生'),(34279044,21,'34279044','玲佳群','00',NULL,NULL,'0',NULL,'$2a$10$mKgqhR.AOdbKm3XSFeZIdOgYrTZvmNSp48qmAqv2Rjsf8dzSKCj9u','0','0','',NULL,NULL,'2024-07-09 04:12:01','',NULL,'学生'),(34385077,16,'34385077','册距充☆','00',NULL,NULL,'0',NULL,'$2a$10$azdS5tEi7Wnmw8Aoo6vMduhSy0nlmgKCCFayGePeXajpnt00cyvxy','0','0','',NULL,NULL,'2024-07-09 04:12:02','',NULL,'学生'),(34532930,17,'34532930','祭熟球','00',NULL,NULL,'0',NULL,'$2a$10$vb35MOJ4mKRrYsuKLiuJQOC38c9d7WEVJvbp6R2M7CK0iwKWY0wbG','0','0','',NULL,NULL,'2024-07-09 04:11:58','',NULL,'学生'),(34615496,19,'34615496','矣二地纸','00',NULL,NULL,'0',NULL,'$2a$10$S5TcCiXB4sux438piwSZz.5Qw7/SmzyCLIQqkgUGnGxXsDtFDq9Ti','0','0','',NULL,NULL,'2024-07-09 04:11:58','',NULL,'学生'),(35390314,15,'35390314','孔东导曙','00',NULL,NULL,'0',NULL,'$2a$10$wcZmODcpYFEL36lTO.89jOrHLelUHzIvS.oP1ue9.jRM3xC4Bipdq','0','0','',NULL,NULL,'2024-07-09 04:11:57','',NULL,'学生'),(35979444,3,'35979444','唐膛汉☆','00',NULL,NULL,'0',NULL,'$2a$10$tal/z9zWkMV36Kw1V5CtNex92NYOwPJ.WYedhidkh7bhIZoYR6jUi','0','0','',NULL,NULL,'2024-07-09 04:12:03','',NULL,'学生'),(36312541,15,'36312541','滁怪渗▲','00',NULL,NULL,'0',NULL,'$2a$10$YK5h9M20Fhap4MPdwodjSe8FN8.zAzgxzurJI1pY7VwfoIg31jFiG','0','0','',NULL,NULL,'2024-07-09 04:12:02','',NULL,'学生'),(37367576,16,'37367576','车乐迎套','00',NULL,NULL,'0',NULL,'$2a$10$ksAvmbDZCE6rvOW.wRDLlOAgM8U7KTVKrymBOWbkh3s4fyIaNlYKa','0','0','',NULL,NULL,'2024-07-09 04:11:58','',NULL,'学生'),(38930007,10,'38930007','就集吵','00',NULL,NULL,'0',NULL,'$2a$10$Wst2DWP/qYeoocOSKMmJxOSafMT/k/boMNOR/1uimw83z81Yxi42G','0','0','',NULL,NULL,'2024-07-09 04:12:02','',NULL,'学生'),(39247618,1,'39247618','暮健遁蜂','00',NULL,NULL,'0',NULL,'$2a$10$98p8UUoL67sbVmdFiUKIZe6s1rk0y3WSI/UKJZQsii1Poh42Z13oy','0','0','',NULL,NULL,'2024-07-09 04:11:57','',NULL,'学生'),(39449157,16,'39449157','熊笺慈正','00',NULL,NULL,'0',NULL,'$2a$10$6fCRzlWMfIf7.jEOQvbiG.pybRGfVuKo7Z7Ghm4niZuJDuFsdj6Qi','0','0','',NULL,NULL,'2024-07-09 04:12:01','',NULL,'学生'),(40288386,15,'40288386','暮甲厂▲','00',NULL,NULL,'0',NULL,'$2a$10$JOIvB7yeMaj0yxuFQTaVF.8ZOfx/abVq6d8OZQ7VMCiBSc5j8q.sO','0','0','',NULL,NULL,'2024-07-09 04:12:00','',NULL,'学生'),(40546882,21,'40546882','伙料疹照熊','00',NULL,NULL,'0',NULL,'$2a$10$h06lV4V2l.V.8shwjntiee3UmPhRRwob1D35a.bp6.yQWWr6y5MTm','0','0','',NULL,NULL,'2024-07-09 04:11:57','',NULL,'学生'),(41696054,16,'41696054','卵边寅','00',NULL,NULL,'0',NULL,'$2a$10$rZrCBpraD5Yb.RlVN.g3A.f6McXPips0Mc4P/k6bIDB3HRhcuI3Be','0','0','',NULL,NULL,'2024-07-09 04:11:57','',NULL,'学生'),(41796459,2,'41796459','张个载','00',NULL,NULL,'0',NULL,'$2a$10$Da1eiN8xv4UP5YpPxHMFruoWM87qvQV2VgoUiVFO/fuAxdySKhqw6','0','0','',NULL,NULL,'2024-07-09 04:11:57','',NULL,'学生'),(43327618,16,'43327618','们拨囤※','00',NULL,NULL,'1',NULL,'$2a$10$S2OOvLuYrmgh6QeL9vjh3u4PU49G0s9NZHUskeC/Fiq2qOFCtv8L6','0','0','',NULL,NULL,'2024-07-09 04:12:01','',NULL,'学生'),(44967351,7,'44967351','晤遁§','00',NULL,NULL,'0',NULL,'$2a$10$XM7/AeHfpjdeSyHnO2vnpOXG4Awpkc/g7Y4KRNoT7hI.EtcqB4WpK','0','0','',NULL,NULL,'2024-07-09 04:11:54','',NULL,'学生'),(46079310,1,'46079310','沫梳戚※','00',NULL,NULL,'1',NULL,'$2a$10$tX6NA.g6nZn0n1NFJDT81.bH9lSWBrAqabsnkJV0EFD2AWWujsAFG','0','0','',NULL,NULL,'2024-07-09 04:11:55','',NULL,'学生'),(46160734,5,'46160734','箕着令毫','00',NULL,NULL,'0',NULL,'$2a$10$.5gVy2VpmK4dAeOXjvKHTePzRYUdmq/wkIXiR1/LCVcFz4CgOcZsu','0','0','',NULL,NULL,'2024-07-09 04:12:05','',NULL,'学生'),(46494071,20,'46494071','巨盛▲','00',NULL,NULL,'0',NULL,'$2a$10$ebVUXqzHpaxxR0U5zSCtqOObR0P0xB1.jfMZu5blyek76wFN8TD/W','0','0','',NULL,NULL,'2024-07-09 04:11:59','',NULL,'学生'),(46573540,12,'46573540','雷象燕','00',NULL,NULL,'0',NULL,'$2a$10$8MddCxMNkBqtBjjZez4EKe1gyt8mwKN02cv1e2i5HS.fc8A19LEBa','0','0','',NULL,NULL,'2024-07-09 04:12:04','',NULL,'学生'),(47529373,13,'47529373','除思篓曾▲','00',NULL,NULL,'0',NULL,'$2a$10$KrvR/VJNg4lCq4JU4V2ayO5azghUyX1Tpvh4QzCDnfj7EUraVtP0m','0','0','',NULL,NULL,'2024-07-09 04:12:00','',NULL,'学生'),(47867461,4,'47867461','萌玲设播','00',NULL,NULL,'0',NULL,'$2a$10$kKyQTTqd0XoSTR/4WOYkgOhQPoeWZQhnuAe9.I53x0aedNu2/gOZu','0','0','',NULL,NULL,'2024-07-09 04:12:05','',NULL,'学生'),(48413974,12,'48413974','露钡短','00',NULL,NULL,'0',NULL,'$2a$10$9Nhoe.DShrS.Ton1FsqZu.Uc4Io655jaOo4.FT76nmX3uDlSM3RhG','0','0','',NULL,NULL,'2024-07-09 04:12:05','',NULL,'学生'),(48855368,1,'48855368','备曾美','00',NULL,NULL,'0',NULL,'$2a$10$gpalwVCV1nbjkW6pPrNOu.Xv8pPXwX5/Lwk.UMf7wR2Way9c/DpGG','0','0','',NULL,NULL,'2024-07-09 04:12:03','',NULL,'学生'),(50754534,15,'50754534','壮割雁§','00',NULL,NULL,'0',NULL,'$2a$10$CuJuwQbRxxU5/kqYf8le4Of7vJrWJO6oYeCxc9xqGDJfgB6Z4EnzW','0','0','',NULL,NULL,'2024-07-09 04:11:56','',NULL,'学生'),(51009835,15,'51009835','詹珊房','00',NULL,NULL,'0',NULL,'$2a$10$3KkqhYdzd.bpcSEQ6y8zKOLvf5INWnk9hb37oCw7/V7wBHPI/TY2O','0','0','',NULL,NULL,'2024-07-09 04:11:59','',NULL,'学生'),(52372365,16,'52372365','项诡','00',NULL,NULL,'0',NULL,'$2a$10$bNGauavdCsqa61PjOg5.PebGWlVnCQn8E2dpHepr6HFcfcihc21Ke','0','0','',NULL,NULL,'2024-07-09 04:12:00','',NULL,'学生'),(52921408,4,'52921408','语征靠翻※','00',NULL,NULL,'1',NULL,'$2a$10$NodGGYGPVJ2nCZIw2BAh2.qJcmcWg6PBP22z0PP4Me0X8F1Spsae2','0','0','',NULL,NULL,'2024-07-09 04:12:02','',NULL,'学生'),(53141621,12,'53141621','桑赵弱盾','00',NULL,NULL,'0',NULL,'$2a$10$2bWOlXvrTZc0CIei0Is95.uNqEeTH4S/ZzL2VW4PzuPB41JjxZUOa','0','0','',NULL,NULL,'2024-07-09 04:11:55','',NULL,'学生'),(54133590,20,'54133590','愈播裔','00',NULL,NULL,'0',NULL,'$2a$10$6c15SlYq1GH0pEbmoDQaje94O7AjmZF0DMlwXzspLgAY2mc8vYZp6','0','0','',NULL,NULL,'2024-07-09 04:12:03','',NULL,'学生'),(54974544,12,'54974544','骨专她▲','00',NULL,NULL,'0',NULL,'$2a$10$oBZfZXdnqQV7VL6zMfFc1usf3hUzU7hd.Wse.UqHg4/Av6eXfEDeC','0','0','',NULL,NULL,'2024-07-09 04:11:58','',NULL,'学生'),(55241061,3,'55241061','型坤狠','00',NULL,NULL,'0',NULL,'$2a$10$Cy1RIPrMgnMIFwalGc6pMehl2P8srpVpaFO01wtEjubpicYqE3QrG','0','0','',NULL,NULL,'2024-07-09 04:11:54','',NULL,'学生'),(56180260,19,'56180260','郎未铜','00',NULL,NULL,'0',NULL,'$2a$10$uzU6grCk74NOib7bvvaCcOJAgCnULbWKmPwvfZNpmJjGDzTrTkKbK','0','0','',NULL,NULL,'2024-07-09 04:12:00','',NULL,'学生'),(56514922,19,'56514922','丑陆甸','00',NULL,NULL,'0',NULL,'$2a$10$1cr2ldIlxHj.tdxQFNyfv.xeqRAW08UM8OzC75viqFQXLXSBlz5Oa','0','0','',NULL,NULL,'2024-07-09 04:12:04','',NULL,'学生'),(57353425,12,'57353425','顶敬众邦','00',NULL,NULL,'0',NULL,'$2a$10$P.flYN4BI5monXuktibVL.UyEQcL8SOpJwmus4E.1zr1Yhv9.8PZS','0','0','',NULL,NULL,'2024-07-09 04:12:00','',NULL,'学生'),(57404657,8,'57404657','肃蕴折陪娟','00',NULL,NULL,'0',NULL,'$2a$10$gu2u1MwjRJvfFFMWU8Tbi.SNtNjWpDl1vEvNexfPVPs9P5MogM6QW','0','0','',NULL,NULL,'2024-07-09 04:11:58','',NULL,'学生'),(57516039,16,'57516039','灭火太▲','00',NULL,NULL,'0',NULL,'$2a$10$5VzZk6CXtrQr2rTjZSj6pOJvRfNMs8OjIVOzqZXIdMGPzRWtXKFQO','0','0','',NULL,NULL,'2024-07-09 04:11:57','',NULL,'学生'),(57845728,10,'57845728','象粳免','00',NULL,NULL,'0',NULL,'$2a$10$sLQXRpJPAmM5.Ep611V/p.5gTwTs09zPwFUo0ZUfvulc/md5YlRJC','0','0','',NULL,NULL,'2024-07-09 04:11:59','',NULL,'学生'),(58625953,7,'58625953','哲相如☆','00',NULL,NULL,'0',NULL,'$2a$10$9MaYbs7Fg61yBnW9RVya7u.cYXFck9jYLUFZH8n4rO9J0o1ChMTLa','0','0','',NULL,NULL,'2024-07-09 04:12:05','',NULL,'学生'),(60089312,2,'60089312','贾笔庆▲','00',NULL,NULL,'0',NULL,'$2a$10$0B29znHyzu3AK9hcLwcecuPqnLFRBXvlJM7uwu1bMqUN1B2V7WTlq','0','0','',NULL,NULL,'2024-07-09 04:11:56','',NULL,'学生'),(61927552,1,'61927552','决极壕龙','00',NULL,NULL,'0',NULL,'$2a$10$q6gJVh1lhJFCER2DjQrOrOa/rBZJghVUzS4mTclo5hRyL1yM9Q/pi','0','0','',NULL,NULL,'2024-07-09 04:11:56','',NULL,'学生'),(61983195,21,'61983195','哎兰亭林','00',NULL,NULL,'0',NULL,'$2a$10$zlDxzEY.YmP5xifZyQslaugwaS9YwM2ELt//xbA7uZtCxQm2yT1yC','0','0','',NULL,NULL,'2024-07-09 04:12:04','',NULL,'学生'),(62669538,3,'62669538','绿应磨','00',NULL,NULL,'0',NULL,'$2a$10$J2XhaYOcLMNbjCoKut23peUXa9GJWOuN8JehwwJOVsnbziZLRb6.G','0','0','',NULL,NULL,'2024-07-09 04:11:56','',NULL,'学生'),(64512565,18,'64512565','麦惟间','00',NULL,NULL,'0',NULL,'$2a$10$OF/XOyvfFM0Uj3IGMNFUrOp.xAXQoGULfTZv1aVPIGDA8cgEt7mZy','0','0','',NULL,NULL,'2024-07-09 04:12:04','',NULL,'学生'),(64771866,2,'64771866','驯山航','00',NULL,NULL,'0',NULL,'$2a$10$sfIPbACkrR3SiOwPGcLwAuIdtZoi66PWaR0o68QzwdaOW6UIMFv2S','0','0','',NULL,NULL,'2024-07-09 04:11:55','',NULL,'学生'),(65669036,11,'65669036','住陈替四','00',NULL,NULL,'0',NULL,'$2a$10$96jmfd/jvYOIU3ettjQR6u7r5skpC6omZ.VFstkoYT1c90NkR6Qry','0','0','',NULL,NULL,'2024-07-09 04:11:57','',NULL,'学生'),(66498413,7,'66498413','瓣费提征','00',NULL,NULL,'0',NULL,'$2a$10$WSbF7qZcIbf70lBGEowMOu42OOWx3Y4/5bYkgCArKI/ZsCuwPaodi','0','0','',NULL,NULL,'2024-07-09 04:11:54','',NULL,'学生'),(67418410,3,'67418410','际郑阿','00',NULL,NULL,'0',NULL,'$2a$10$XRBcI39WZz6QvUFcLLIEou8erJYWXSD2uJWFwpKH0twmym3DG8xS6','0','0','',NULL,NULL,'2024-07-09 04:12:04','',NULL,'学生'),(68135231,14,'68135231','圣沸马倒亢','00',NULL,NULL,'0',NULL,'$2a$10$LeDEj.jQTs755HKXxS2BgeXHkH8JAt4K5iBM9IAF9Jp2dKjIAxaQu','0','0','',NULL,NULL,'2024-07-09 04:12:02','',NULL,'学生'),(68430192,18,'68430192','香迷穗※','00',NULL,NULL,'1',NULL,'$2a$10$YFjNicgXlUUxcDuoKbRaeuX3MIqEUV.MjgUEWO7iaLr7FjCLGs9cq','0','0','',NULL,NULL,'2024-07-09 04:12:05','',NULL,'学生'),(69413460,3,'69413460','团羹肩','00',NULL,NULL,'0',NULL,'$2a$10$EVa6c42h4vgzedmbgWkm1.hk/drFMR00dbonWFvROGy9iTLX9z1HG','0','0','',NULL,NULL,'2024-07-09 04:12:02','',NULL,'学生'),(69897143,5,'69897143','椿笔通▲','00',NULL,NULL,'0',NULL,'$2a$10$gucrL9nZPHmGGfVBraUXoeHxgra7BbJ.VyrzJHuo9S4RmRGY1CoYq','0','0','',NULL,NULL,'2024-07-09 04:11:56','',NULL,'学生'),(70004430,9,'70004430','味则蜡','00',NULL,NULL,'0',NULL,'$2a$10$Nbf7oZFINVSDH51vY/07eO0tzrg1I3tm9QM4aSLxPHKUC5dXc1Jza','0','0','',NULL,NULL,'2024-07-09 04:12:03','',NULL,'学生'),(70195151,5,'70195151','亭吃敏翠☆','00',NULL,NULL,'0',NULL,'$2a$10$SzPJQao6Wwycv27S5b4sOuWvO5Ztec34GbtGAyZJQpgF.VuLDVjcS','0','0','',NULL,NULL,'2024-07-09 04:11:53','',NULL,'学生'),(70305853,10,'70305853','每乃土咸','00',NULL,NULL,'0',NULL,'$2a$10$LBvTWqe0Z7KFMaXwsLzACuer9LBtrvm0AeQ5WyrmxWrVcR7wbwNLe','0','0','',NULL,NULL,'2024-07-09 04:12:01','',NULL,'学生'),(70632774,9,'70632774','砚睛页步','00',NULL,NULL,'0',NULL,'$2a$10$N0Xy9YZIguYnHTt6WXMtUug.aK.elvcG07sp1RxdpsC26LaisCAhq','0','0','',NULL,NULL,'2024-07-09 04:11:58','',NULL,'学生'),(70746323,9,'70746323','菌坍被','00',NULL,NULL,'0',NULL,'$2a$10$g9J4tG5sHV8jN4cangEzMeFDt4XBKp8IdpE7M9dL3B3AJnC1ortVS','0','0','',NULL,NULL,'2024-07-09 04:11:56','',NULL,'学生'),(71078070,20,'71078070','例它厉','00',NULL,NULL,'0',NULL,'$2a$10$AhbqyWrd/mTfUXFyuG7uv.2L4Y716Dd432DODFLeZ2IYDkVwq.OfW','0','0','',NULL,NULL,'2024-07-09 04:11:59','',NULL,'学生'),(71671622,12,'71671622','鼎冯','00',NULL,NULL,'0',NULL,'$2a$10$0F4WIdS9oqTyeT74NcDYbuG4S8OVJTm2mH.4pBNGmMJUH0e5IL2xm','0','0','',NULL,NULL,'2024-07-09 04:12:01','',NULL,'学生'),(72603778,8,'72603778','十振责苗','00',NULL,NULL,'0',NULL,'$2a$10$m/LcfTBpuz0rLNK5vK9b2e7X2SouIzNglRpF33nyfyHK50pL6olOi','0','0','',NULL,NULL,'2024-07-09 04:12:03','',NULL,'学生'),(73925439,20,'73925439','绵预舜','00',NULL,NULL,'0',NULL,'$2a$10$rcZO.1HhnjlrchVC7JYbCeCY6nqEKZDYIgsXf5cQtKsmEB3VQotzi','0','0','',NULL,NULL,'2024-07-09 04:11:59','',NULL,'学生'),(73983944,15,'73983944','激描他','00',NULL,NULL,'0',NULL,'$2a$10$SbeVa3jNm9DAsHY6LFONFulTjCTTGWKZ2j5vPJ70Vv7Balve3VsSG','0','0','',NULL,NULL,'2024-07-09 04:12:00','',NULL,'学生'),(74703959,6,'74703959','敏胸刀听','00',NULL,NULL,'0',NULL,'$2a$10$zj5FKrPQQI5MMq12J88XoOSHx6lxjAz7pRbrbxISTEZJsv.2rfBsu','0','0','',NULL,NULL,'2024-07-09 04:11:55','',NULL,'学生'),(74741150,14,'74741150','婉稳获','00',NULL,NULL,'0',NULL,'$2a$10$5tRA63PhcpCWHo6JKs46FOwETWT8/QTUVNtFCVBWUEgoW/Uc657wi','0','0','',NULL,NULL,'2024-07-09 04:11:55','',NULL,'学生'),(74884313,7,'74884313','渐束※','00',NULL,NULL,'0',NULL,'$2a$10$b1gDBEqZI3OI04YtvrtSheHZm5dgCuAT2t2TBlB3Svf59805YtTu.','0','0','',NULL,NULL,'2024-07-09 04:11:59','',NULL,'学生'),(75127146,7,'75127146','宝锭','00',NULL,NULL,'0',NULL,'$2a$10$Hob1NWI1DjB5ZXfPa51dB.COEzXgEmrGxwjgvoTcMNQvcR1i5G5a6','0','0','',NULL,NULL,'2024-07-09 04:12:05','',NULL,'学生'),(75479404,4,'75479404','姚宾粤他','00',NULL,NULL,'0',NULL,'$2a$10$XG58bkPBWesMNF3qaJeaN./eVsiFdJRkvNp1LRISIGbofg8gLdM6a','0','0','',NULL,NULL,'2024-07-09 04:11:55','',NULL,'学生'),(76324172,19,'76324172','克输','00',NULL,NULL,'0',NULL,'$2a$10$A3gU/KRlwjsyWPbIeTqlGuf1KJe4GHc/Y.XmV8LyUgYFzRAEEEmkC','0','0','',NULL,NULL,'2024-07-09 04:11:57','',NULL,'学生'),(76529911,12,'76529911','升日训','00',NULL,NULL,'0',NULL,'$2a$10$UrE1y9.mh/GtN5u5OQXr4uU/YOvGNuYqBpuTbJAHv/VF54jz2I3KG','0','0','',NULL,NULL,'2024-07-09 04:11:59','',NULL,'学生'),(76712685,1,'76712685','控统信§','00',NULL,NULL,'0',NULL,'$2a$10$AkbPBOMboTCw.IO/153NBuBRU49NvlZQfBAQPGlGtdAV5jUYKoYUy','0','0','',NULL,NULL,'2024-07-09 04:12:03','',NULL,'学生'),(77432322,11,'77432322','纸葫式','00',NULL,NULL,'0',NULL,'$2a$10$p0opIWTuISWg4utYvxH8EeWdb.8i956lSJMTe0yJwSpxYBtpWT8Lm','0','0','',NULL,NULL,'2024-07-09 04:11:57','',NULL,'学生'),(77832257,1,'77832257','背锡屈▲','00',NULL,NULL,'0',NULL,'$2a$10$Rh/loXSbe74AOrHEqxNfJOHBKRVVWslWbNZPonxDIrulxUBBY8cHe','0','0','',NULL,NULL,'2024-07-09 04:11:58','',NULL,'学生'),(78089028,13,'78089028','排愉','00',NULL,NULL,'0',NULL,'$2a$10$sCmrc/oBFuQ1QZcbg0UrLeCvoY4/mKbf0EQG1yaSMqhB2/o9o81tO','0','0','',NULL,NULL,'2024-07-09 04:11:58','',NULL,'学生'),(78618234,1,'78618234','孺量','00',NULL,NULL,'0',NULL,'$2a$10$NBcxVrEBmyBM8t7QpEK.V.kVjAqLHShU444VOwU6B.z4T6Oq/BJwq','0','0','',NULL,NULL,'2024-07-09 04:12:05','',NULL,'学生'),(78619302,11,'78619302','靠常▲','00',NULL,NULL,'0',NULL,'$2a$10$27WtQQMCbnLeS3C9avuOfeZB1aOwV2AOx8uQFvFAYrW8Qrq9wun12','0','0','',NULL,NULL,'2024-07-09 04:12:04','',NULL,'学生'),(79260743,6,'79260743','洼从皿穆','00',NULL,NULL,'0',NULL,'$2a$10$Z04a6h6GQSTeeBjQgFrpQePS.fChZqhLST.97lgttkE1W5JhoEScG','0','0','',NULL,NULL,'2024-07-09 04:12:02','',NULL,'学生'),(79520505,9,'79520505','景伦肝灰','00',NULL,NULL,'0',NULL,'$2a$10$GigwmYzJEwY4eDj.T3QwyuEiaEijaI8erlZUPacyP2h797LQKKImC','0','0','',NULL,NULL,'2024-07-09 04:12:03','',NULL,'学生'),(80483359,20,'80483359','并惟囤引','00',NULL,NULL,'0',NULL,'$2a$10$dTJzS3btT.QnmSYN272/HeIzjmMkLAe3of54s9xA1pIExfAZav3pS','0','0','',NULL,NULL,'2024-07-09 04:11:56','',NULL,'学生'),(80663518,5,'80663518','骤左玉','00',NULL,NULL,'0',NULL,'$2a$10$bRgYM5e80F0ch8DlZ7K8DuuVj1EUxq2FG39hB6llEPjOGEw8IVqv2','0','0','',NULL,NULL,'2024-07-09 04:12:04','',NULL,'学生'),(80841877,2,'80841877','辞痊诬','00',NULL,NULL,'0',NULL,'$2a$10$yVsUifzBKHi7GATifufhOOUxk3D8XUSeKYvNK.l5mMTbM.u27npOC','0','0','',NULL,NULL,'2024-07-09 04:12:03','',NULL,'学生'),(81284889,2,'81284889','闪莉感※','00',NULL,NULL,'1',NULL,'$2a$10$QGbzxsT78vrxYgRQInyKC.YOFMfMv7.6W1h7N4W4kqjbUCzXp8o9.','0','0','',NULL,NULL,'2024-07-09 04:11:59','',NULL,'学生'),(81842162,14,'81842162','狱讨菱☆','00',NULL,NULL,'0',NULL,'$2a$10$sijA8J5XiHZBajHlgbGlt.EiQBr6jfC20LLLVIDottzP0bBxCEZdC','0','0','',NULL,NULL,'2024-07-09 04:12:02','',NULL,'学生'),(82446964,2,'82446964','夕捍滑','00',NULL,NULL,'0',NULL,'$2a$10$9x13Iw9a3EKJtqlzlJ0H.OlbICkKrVP5d6rhiqmRf4IJZzzv2vqVG','0','0','',NULL,NULL,'2024-07-09 04:11:55','',NULL,'学生'),(82575303,9,'82575303','价多肆','00',NULL,NULL,'0',NULL,'$2a$10$F7BoOrgzxJyNeu7eo0lLGe4i822gdl4LKpH7ljMFhK0MKxrbRTceG','0','0','',NULL,NULL,'2024-07-09 04:12:01','',NULL,'学生'),(82791768,6,'82791768','喷赴傣','00',NULL,NULL,'0',NULL,'$2a$10$7V2PCM0S21rYieAmRg/wpuxy6LEEj7wFBI586UEY6bDZ9ASyWWnhG','0','0','',NULL,NULL,'2024-07-09 04:12:00','',NULL,'学生'),(83344817,13,'83344817','兼朋','00',NULL,NULL,'0',NULL,'$2a$10$y5ywN8CzDSfmPLs4IO/RxOYJ7grENQ9AQVQLtMVdqlkRUVVpY6BTa','0','0','',NULL,NULL,'2024-07-09 04:12:00','',NULL,'学生'),(84395738,12,'84395738','斜玉植','00',NULL,NULL,'0',NULL,'$2a$10$DOIh2WHQ5QrGFmLgslyOMuemOcNo/zsrPhponP0o2HzqNBLyNVSAO','0','0','',NULL,NULL,'2024-07-09 04:11:55','',NULL,'学生'),(85490122,7,'85490122','临生持','00',NULL,NULL,'0',NULL,'$2a$10$P6tyHTG2SSQ.qxAdTr9zh.36Glh5hBrl1QCtqoig.j/CdK/6/DOa6','0','0','',NULL,NULL,'2024-07-09 04:12:01','',NULL,'学生'),(85720734,17,'85720734','题常万','00',NULL,NULL,'0',NULL,'$2a$10$aHHpIilc/kXTO/kpExnd2O7d9.VKT92WjvTzeL2EqYLu52ISpLQEW','0','0','',NULL,NULL,'2024-07-09 04:11:56','',NULL,'学生'),(86323976,9,'86323976','葫真完☆','00',NULL,NULL,'0',NULL,'$2a$10$oJTCQutDZ3IHtjoFYKxPqur3ISU/6RICUx/8hrPpXJ0JlSO3W2JOS','0','0','',NULL,NULL,'2024-07-09 04:11:54','',NULL,'学生'),(86880776,16,'86880776','魁梨管','00',NULL,NULL,'0',NULL,'$2a$10$NNNIZ0dvN6zoBNq9p3cpgO07sUi4N3eJbfCk6ZMyndAzRsU213TI2','0','0','',NULL,NULL,'2024-07-09 04:11:56','',NULL,'学生'),(87639440,4,'87639440','献匡蜗','00',NULL,NULL,'0',NULL,'$2a$10$wBjU0zCEOabGOjfsovh70eYU1CuSeDXX.GAj2TxiDtAu49PMJzQGi','0','0','',NULL,NULL,'2024-07-09 04:11:53','',NULL,'学生'),(88413887,8,'88413887','翁相','00',NULL,NULL,'0',NULL,'$2a$10$dkuKf8F2Ahn5iHJOkUYwReD5iOhfbC8d7mWgv.NV0rurJdJ91VYWO','0','0','',NULL,NULL,'2024-07-09 04:11:54','',NULL,'学生'),(90440841,5,'90440841','总栈异','00',NULL,NULL,'0',NULL,'$2a$10$S5xvgYvixeXE11JLctF5ru/5k1JDf9KoyeBNcBiEvHb1P1NjKs.Ve','0','0','',NULL,NULL,'2024-07-09 04:11:53','',NULL,'学生'),(90787616,2,'90787616','类盐段刊述凹先慢惫束有须旋矗','00',NULL,NULL,'0',NULL,'$2a$10$lzK7SicQ8DnULWydTeCmiOIDnb7x0a2nlr6cbpzEkA9YF1j1G6gq6','0','0','',NULL,NULL,'2024-07-09 04:12:05','',NULL,'学生'),(90854599,18,'90854599','倦检去','00',NULL,NULL,'0',NULL,'$2a$10$bHzbbVJouWp0/ue8qqI3yenTmH82Bhx9oUNHXbxhQClBJdbl3ISbG','0','0','',NULL,NULL,'2024-07-09 04:11:57','',NULL,'学生'),(91161667,1,'91161667','主牟','00',NULL,NULL,'0',NULL,'$2a$10$E7PU82vQa.Df2fbJ/uIjyOYwOY.e.GMDit1jdFJif9NWHnd.XBpUO','0','0','',NULL,NULL,'2024-07-09 04:12:01','',NULL,'学生'),(91197802,5,'91197802','癸帛棕骤','00',NULL,NULL,'0',NULL,'$2a$10$uRlvqzcz61cwLXpFdpjZceT0Khs2bY/er6PF7aHF3T8Z.JfW2datq','0','0','',NULL,NULL,'2024-07-09 04:11:57','',NULL,'学生'),(92435019,16,'92435019','否务侵','00',NULL,NULL,'0',NULL,'$2a$10$WDOlfSPQRcp3rV4M2mTkJul3cqyMvaR/xUHtLeuf4hUrTtTZNwfjO','0','0','',NULL,NULL,'2024-07-09 04:12:01','',NULL,'学生'),(92614677,9,'92614677','虽侠充☆','00',NULL,NULL,'0',NULL,'$2a$10$MpDHQSs0uvVYFs1GLOkrPOxVdXi1KRlHdbUpaQkETIrcI2fEBEv/K','0','0','',NULL,NULL,'2024-07-09 04:11:59','',NULL,'学生'),(93791211,3,'93791211','和谴锡','00',NULL,NULL,'0',NULL,'$2a$10$Xlr3l99u1KZx7H5gMYXGzemLcPGfS/YklFXOi1UaUCc7KPa6rIpM2','0','0','',NULL,NULL,'2024-07-09 04:11:53','',NULL,'学生'),(93961187,17,'93961187','童戏后担','00',NULL,NULL,'0',NULL,'$2a$10$uT/TnaIz.0F.ITtLkO6pheYad18J.3YrRgZQjIapMjzUFZdTJrp1G','0','0','',NULL,NULL,'2024-07-09 04:12:00','',NULL,'学生'),(94095291,21,'94095291','恨餐夺※','00',NULL,NULL,'1',NULL,'$2a$10$KoFmP/N2XvM8X/tDViDPieFUWfkn7jmg2EIJTMUUXVhwMBR/tr8Ju','0','0','',NULL,NULL,'2024-07-09 04:12:04','',NULL,'学生'),(95350141,6,'95350141','蜂匀俯夹','00',NULL,NULL,'0',NULL,'$2a$10$nAox3E1DRobh0dcR/B/xb.Q.pUYK/LBirP3hZqmgKJKTl9kqO0yjy','0','0','',NULL,NULL,'2024-07-09 04:12:02','',NULL,'学生'),(96577697,9,'96577697','攻碑喷','00',NULL,NULL,'0',NULL,'$2a$10$B2NCGVCBP0/f/pJDQkw5L.67xpIgpS1M2Vt6poopusqSV9VynsRUe','0','0','',NULL,NULL,'2024-07-09 04:11:59','',NULL,'学生'),(96830032,15,'96830032','式图力','00',NULL,NULL,'0',NULL,'$2a$10$uNTvUS5ZRIxr8hV9.Uw7JOoobIqUjlZIvkZOiHBTP9ddV55N5sT/K','0','0','',NULL,NULL,'2024-07-09 04:12:05','',NULL,'学生'),(97135574,6,'97135574','期片板','00',NULL,NULL,'0',NULL,'$2a$10$9S4QFw9gsQiODgsp3r/DwuHoF/ZB3/.xbwkRSP8cEuOH10OehSeS6','0','0','',NULL,NULL,'2024-07-09 04:12:01','',NULL,'学生'),(97557511,20,'97557511','倾毛璃','00',NULL,NULL,'0',NULL,'$2a$10$9Cb/q/7nVdLZmLTIB.Qg4eq22FlqRrMpMXFMiMQ2nD8zB7nUUXcNO','0','0','',NULL,NULL,'2024-07-09 04:11:58','',NULL,'学生'),(98909663,10,'98909663','补怕低桓','00',NULL,NULL,'0',NULL,'$2a$10$2dkhMPBjC1LgvxbH9Na06e2Vp4YjmzcLuAcRf.3I.YEqTlFZgFokC','0','0','',NULL,NULL,'2024-07-09 04:12:03','',NULL,'学生'),(99213668,1,'99213668','媳埃脱','00',NULL,NULL,'0',NULL,'$2a$10$GzzjrFtZCJ2rWExaid6AIuBLPAVzDLwjraXxKRTkV/VoG3fRiur0W','0','0','',NULL,NULL,'2024-07-09 04:11:53','',NULL,'学生'),(99729325,8,'99729325','订龄','00',NULL,NULL,'0',NULL,'$2a$10$kigpKLOjG.ATir4V/Bln8ui65RfP2DbEDlvDvl64WDf/JT0rBp.02','0','0','',NULL,NULL,'2024-07-09 04:11:58','',NULL,'学生');
/*!40000 ALTER TABLE `sys_user` ENABLE KEYS */;
UNLOCK TABLES;

--
-- Table structure for table `sys_user_post`
--

DROP TABLE IF EXISTS `sys_user_post`;
/*!40101 SET @saved_cs_client     = @@character_set_client */;
/*!50503 SET character_set_client = utf8mb4 */;
CREATE TABLE `sys_user_post` (
  `user_id` bigint NOT NULL COMMENT '用户ID',
  `post_id` bigint NOT NULL COMMENT '岗位ID',
  PRIMARY KEY (`user_id`,`post_id`) USING BTREE
) ENGINE=InnoDB DEFAULT CHARSET=utf8mb4 COLLATE=utf8mb4_0900_ai_ci ROW_FORMAT=DYNAMIC COMMENT='用户与岗位关联表';
/*!40101 SET character_set_client = @saved_cs_client */;

--
-- Dumping data for table `sys_user_post`
--

LOCK TABLES `sys_user_post` WRITE;
/*!40000 ALTER TABLE `sys_user_post` DISABLE KEYS */;
INSERT INTO `sys_user_post` VALUES (1,1),(2,2),(100,4),(101,4);
/*!40000 ALTER TABLE `sys_user_post` ENABLE KEYS */;
UNLOCK TABLES;

--
-- Table structure for table `sys_user_role`
--

DROP TABLE IF EXISTS `sys_user_role`;
/*!40101 SET @saved_cs_client     = @@character_set_client */;
/*!50503 SET character_set_client = utf8mb4 */;
CREATE TABLE `sys_user_role` (
  `user_id` bigint NOT NULL COMMENT '用户ID',
  `role_id` bigint NOT NULL COMMENT '角色ID',
  PRIMARY KEY (`user_id`,`role_id`) USING BTREE,
  CONSTRAINT `fk_roleuser` FOREIGN KEY (`user_id`) REFERENCES `sys_user` (`user_id`) ON DELETE CASCADE ON UPDATE CASCADE
) ENGINE=InnoDB DEFAULT CHARSET=utf8mb4 COLLATE=utf8mb4_0900_ai_ci ROW_FORMAT=DYNAMIC COMMENT='用户和角色关联表';
/*!40101 SET character_set_client = @saved_cs_client */;

--
-- Dumping data for table `sys_user_role`
--

LOCK TABLES `sys_user_role` WRITE;
/*!40000 ALTER TABLE `sys_user_role` DISABLE KEYS */;
INSERT INTO `sys_user_role` VALUES (1,1),(2,102),(3,102),(4,103),(5,103),(6,103),(7,103),(8,103),(9,103),(10,103),(11,103),(12,103),(13,103),(14,103),(15,103),(16,103),(17,103),(18,103),(19,103),(20,103),(21,103),(22,103),(23,103),(24,103),(25,103),(26,103),(27,103),(28,103),(29,103),(30,103),(31,103),(32,103),(33,103),(34,103),(35,103),(36,103),(37,103),(38,103),(39,103),(40,103),(41,103),(42,103),(43,103),(44,103),(45,103),(46,103),(47,103),(48,103),(49,103),(50,103),(51,103),(52,103),(53,103),(54,103),(55,103),(56,103),(57,103),(58,103),(59,103),(60,103),(61,103),(62,103),(63,103),(64,103),(65,103),(66,103),(67,103),(68,103),(69,103),(70,103),(71,103),(72,103),(73,103),(74,103),(75,103),(76,103),(77,103),(78,103),(79,103),(80,103),(81,103),(82,103),(83,103),(84,103),(85,103),(86,103),(87,103),(88,103),(89,103),(90,103),(91,103),(92,103),(93,103),(94,103),(95,103),(96,103),(97,103),(98,103),(99,103),(100,103),(101,103),(102,103),(103,103),(104,103),(105,103),(106,103),(107,103),(108,103),(109,103),(110,103),(111,103),(112,103),(113,103),(114,103),(115,103),(116,101),(117,101),(118,101),(119,101),(120,101),(121,101),(122,101),(123,101),(124,101),(125,101),(126,101),(127,101),(128,101),(129,101),(130,101),(131,101),(132,101),(133,101),(134,101),(135,101),(136,101),(137,101),(138,101),(139,101),(140,101),(141,101),(142,101),(143,101),(144,101),(145,101),(146,101),(147,101),(148,101),(149,101),(150,101),(151,101),(152,101),(153,101),(154,101),(155,101),(156,101),(157,101),(158,101),(159,101),(160,101),(161,101),(162,101),(163,101),(164,101),(165,101),(166,101),(167,101),(168,101),(169,101),(170,101),(171,101),(172,101),(173,101),(174,101),(175,101),(176,101),(383842,100),(410555,100),(574181,100),(1058795,100),(1287420,100),(2292962,100),(2326791,100),(2727632,100),(3938899,100),(4754552,100),(4803919,100),(5368505,100),(5521063,100),(6938200,100),(7276262,100),(7812089,100),(9028823,100),(9626596,100),(9877012,100),(10165672,100),(10348131,100),(10983982,100),(11540548,100),(12498507,100),(13640242,100),(13700480,100),(14206566,100),(15512203,100),(16238926,100),(16413341,100),(16466043,100),(16872358,100),(16947368,100),(17342616,100),(18880597,100),(19284332,100),(20322299,100),(20747376,100),(20801640,100),(21567431,100),(21592853,100),(21623323,100),(23848233,100),(24671403,100),(25366535,100),(25429888,100),(25714009,100),(26892624,100),(26893032,100),(27205513,100),(27382426,100),(27728917,100),(29403528,100),(30105924,100),(30320446,100),(30725848,100),(31691972,100),(31955829,100),(32672631,100),(33353163,100),(33875134,100),(34279044,100),(34385077,100),(34532930,100),(34615496,100),(35390314,100),(35979444,100),(36312541,100),(37367576,100),(38930007,100),(39247618,100),(39449157,100),(40288386,100),(40546882,100),(41696054,100),(41796459,100),(43327618,100),(44967351,100),(46079310,100),(46160734,100),(46494071,100),(46573540,100),(47529373,100),(47867461,100),(48413974,100),(48855368,100),(50754534,100),(51009835,100),(52372365,100),(52921408,100),(53141621,100),(54133590,100),(54974544,100),(55241061,100),(56180260,100),(56514922,100),(57353425,100),(57404657,100),(57516039,100),(57845728,100),(58625953,100),(60089312,100),(61927552,100),(61983195,100),(62669538,100),(64512565,100),(64771866,100),(65669036,100),(66498413,100),(67418410,100),(68135231,100),(68430192,100),(69413460,100),(69897143,100),(70004430,100),(70195151,100),(70305853,100),(70632774,100),(70746323,100),(71078070,100),(71671622,100),(72603778,100),(73925439,100),(73983944,100),(74703959,100),(74741150,100),(74884313,100),(75127146,100),(75479404,100),(76324172,100),(76529911,100),(76712685,100),(77432322,100),(77832257,100),(78089028,100),(78618234,100),(78619302,100),(79260743,100),(79520505,100),(80483359,100),(80663518,100),(80841877,100),(81284889,100),(81842162,100),(82446964,100),(82575303,100),(82791768,100),(83344817,100),(84395738,100),(85490122,100),(85720734,100),(86323976,100),(86880776,100),(87639440,100),(88413887,100),(90440841,100),(90787616,100),(90854599,100),(91161667,100),(91197802,100),(92435019,100),(92614677,100),(93791211,100),(93961187,100),(94095291,100),(95350141,100),(96577697,100),(96830032,100),(97135574,100),(97557511,100),(98909663,100),(99213668,100),(99729325,100);
/*!40000 ALTER TABLE `sys_user_role` ENABLE KEYS */;
UNLOCK TABLES;

--
-- Table structure for table `tea_info`
--

DROP TABLE IF EXISTS `tea_info`;
/*!40101 SET @saved_cs_client     = @@character_set_client */;
/*!50503 SET character_set_client = utf8mb4 */;
CREATE TABLE `tea_info` (
  `id` bigint NOT NULL AUTO_INCREMENT COMMENT '教师id',
  `name` varchar(45) CHARACTER SET utf8mb4 COLLATE utf8mb4_0900_ai_ci NOT NULL COMMENT '教师姓名',
  `type` varchar(45) CHARACTER SET utf8mb4 COLLATE utf8mb4_0900_ai_ci NOT NULL COMMENT '教师类型',
  PRIMARY KEY (`id`) USING BTREE,
  KEY `fk_name` (`name`) USING BTREE,
  KEY `fl_type` (`type`) USING BTREE,
  CONSTRAINT `fk_id` FOREIGN KEY (`id`) REFERENCES `sys_user` (`user_id`) ON DELETE CASCADE ON UPDATE CASCADE,
  CONSTRAINT `fl_type` FOREIGN KEY (`type`) REFERENCES `sys_role` (`role_name`) ON DELETE RESTRICT ON UPDATE RESTRICT
) ENGINE=InnoDB AUTO_INCREMENT=177 DEFAULT CHARSET=utf8mb4 COLLATE=utf8mb4_0900_ai_ci ROW_FORMAT=DYNAMIC;
/*!40101 SET character_set_client = @saved_cs_client */;

--
-- Dumping data for table `tea_info`
--

LOCK TABLES `tea_info` WRITE;
/*!40000 ALTER TABLE `tea_info` DISABLE KEYS */;
INSERT INTO `tea_info` VALUES (2,'lan','教务老师'),(3,'Anna','教务老师'),(4,'James','班主任'),(5,'Poul','班主任'),(6,'John','班主任'),(7,'Alice','班主任'),(8,'Mary','班主任'),(9,'David','班主任'),(10,'Michael','班主任'),(11,'Emily','班主任'),(12,'Robert','班主任'),(13,'Jessica','班主任'),(14,'Daniel','班主任'),(15,'Sarah','班主任'),(16,'Matthew','班主任'),(17,'Jennifer','班主任'),(18,'Christopher','班主任'),(19,'Elizabeth','班主任'),(20,'Joshua','班主任'),(21,'Linda','班主任'),(22,'Andrew','班主任'),(23,'Karen','班主任'),(24,'Kevin','班主任'),(25,'Nancy','班主任'),(26,'Brian','班主任'),(27,'Lisa','班主任'),(28,'Mark','班主任'),(29,'Betty','班主任'),(30,'Paul','班主任'),(31,'Margaret','班主任'),(32,'Donald','班主任'),(33,'Sandra','班主任'),(34,'George','班主任'),(35,'Ashley','班主任'),(36,'Kenneth','班主任'),(37,'Susan','班主任'),(38,'Steven','班主任'),(39,'Dorothy','班主任'),(40,'Edward','班主任'),(41,'Jessica','班主任'),(42,'Ronald','班主任'),(43,'Kimberly','班主任'),(44,'Anthony','班主任'),(45,'Donna','班主任'),(46,'Emily','班主任'),(47,'Charles','班主任'),(48,'Amanda','班主任'),(49,'Patrick','班主任'),(50,'Helen','班主任'),(51,'Stephen','班主任'),(52,'Megan','班主任'),(53,'Timothy','班主任'),(54,'Rebecca','班主任'),(55,'Larry','班主任'),(56,'Laura','班主任'),(57,'Justin','班主任'),(58,'Teresa','班主任'),(59,'Brenda','班主任'),(60,'Frank','班主任'),(61,'Pamela','班主任'),(62,'Brandon','班主任'),(63,'Angela','班主任'),(64,'Scott','班主任'),(65,'Sharon','班主任'),(66,'Benjamin','班主任'),(67,'Kathleen','班主任'),(68,'Gregory','班主任'),(69,'Deborah','班主任'),(70,'Raymond','班主任'),(71,'Amy','班主任'),(72,'Patrick','班主任'),(73,'Martha','班主任'),(74,'Alexander','班主任'),(75,'Carol','班主任'),(76,'Gerald','班主任'),(77,'Christine','班主任'),(78,'Samuel','班主任'),(79,'Janet','班主任'),(80,'Dennis','班主任'),(81,'Marie','班主任'),(82,'Jerry','班主任'),(83,'Jacqueline','班主任'),(84,'Henry','班主任'),(85,'Ruth','班主任'),(86,'Douglas','班主任'),(87,'Victoria','班主任'),(88,'Arthur','班主任'),(89,'Judith','班主任'),(90,'Wayne','班主任'),(91,'Rose','班主任'),(92,'Joe','班主任'),(93,'Evelyn','班主任'),(94,'Roy','班主任'),(95,'Joan','班主任'),(96,'Willie','班主任'),(97,'Jean','班主任'),(98,'Johnny','班主任'),(99,'Theresa','班主任'),(100,'Clarence','班主任'),(101,'Gloria','班主任'),(102,'Martin','班主任'),(103,'Martha','班主任'),(104,'Billy','班主任'),(105,'Annie','班主任'),(106,'Frederick','班主任'),(107,'Eleanor','班主任'),(108,'Eugene','班主任'),(109,'Grace','班主任'),(110,'Wayne','班主任'),(111,'Ruby','班主任'),(112,'Lewis','班主任'),(113,'Florence','班主任'),(114,'Russell','班主任'),(115,'Norma','班主任'),(116,'Andy','教师'),(117,'Alex','教师'),(118,'Ben','教师'),(119,'Chris','教师'),(120,'Daniel','教师'),(121,'Eva','教师'),(122,'Frank','教师'),(123,'George','教师'),(124,'Hank','教师'),(125,'iPhone','教师'),(126,'Jack','教师'),(127,'Kevin','教师'),(128,'Mark','教师'),(129,'Nick','教师'),(130,'Oliver','教师'),(131,'Peter','教师'),(132,'Randy','教师'),(133,'Sam','教师'),(134,'Tim','教师'),(135,'Willian','教师'),(136,'Luv','教师'),(137,'Doja','教师'),(138,'Tasa','教师'),(139,'Hammer','教师'),(140,'Joey','教师'),(141,'Kerry','教师'),(142,'Quare','教师'),(143,'Perk','教师'),(144,'Smith','教师'),(145,'Johnson','教师'),(146,'Williams','教师'),(147,'Brown','教师'),(148,'Ava','教师'),(149,'Davis','教师'),(150,'Miller','教师'),(151,'Smith','教师'),(152,'Johnson','教师'),(153,'Williams','教师'),(154,'Jones','教师'),(155,'Brown','教师'),(156,'Davis','教师'),(157,'Miller','教师'),(158,'Wilson','教师'),(159,'Moore','教师'),(160,'Taylor','教师'),(161,'Anderson','教师'),(162,'Thomas','教师'),(163,'Jackson','教师'),(164,'White','教师'),(165,'Harris','教师'),(166,'Martin','教师'),(167,'Thompson','教师'),(168,'Garcia','教师'),(169,'Martinez','教师'),(170,'Robinson','教师'),(171,'Clark','教师'),(172,'Rodriguez','教师'),(173,'Lewis','教师'),(174,'Lee','教师'),(175,'Walker','教师'),(176,'Hall','教师');
/*!40000 ALTER TABLE `tea_info` ENABLE KEYS */;
UNLOCK TABLES;
/*!40103 SET TIME_ZONE=@OLD_TIME_ZONE */;

/*!40101 SET SQL_MODE=@OLD_SQL_MODE */;
/*!40014 SET FOREIGN_KEY_CHECKS=@OLD_FOREIGN_KEY_CHECKS */;
/*!40014 SET UNIQUE_CHECKS=@OLD_UNIQUE_CHECKS */;
/*!40101 SET CHARACTER_SET_CLIENT=@OLD_CHARACTER_SET_CLIENT */;
/*!40101 SET CHARACTER_SET_RESULTS=@OLD_CHARACTER_SET_RESULTS */;
/*!40101 SET COLLATION_CONNECTION=@OLD_COLLATION_CONNECTION */;
/*!40111 SET SQL_NOTES=@OLD_SQL_NOTES */;

-- Dump completed on 2024-07-09  6:10:28
